row_id,actual,selected_score,predicted,baseline_score,logistic_regression_score,logistic_regression_sigmoid_score,random_forest_score,random_forest_sigmoid_score
2967,0,0.02407042,0,0.16607970,0.46981595,0.46082054,0.09196301,0.02407042
11099,0,0.01000874,0,0.16607970,0.00774991,0.00857915,0.00260417,0.01000874
9036,0,0.01276199,0,0.16607970,0.01478769,0.01605239,0.02723232,0.01276199
7556,0,0.01003973,0,0.16607970,0.05832055,0.06065982,0.00291702,0.01003973
5125,0,0.00991255,0,0.16607970,0.15028142,0.15169998,0.00162681,0.00991255
7743,0,0.02743320,0,0.16607970,0.12100214,0.12297380,0.10541167,0.02743320
1860,1,0.98589080,1,0.16607970,0.48173042,0.47236136,0.88844248,0.98589080
8054,0,0.01034043,0,0.16607970,0.17136470,0.17228719,0.00590443,0.01034043
11743,0,0.00975447,0,0.16607970,0.05718956,0.05952042,0.00000000,0.00975447
8962,0,0.05513807,0,0.16607970,0.39537167,0.38887612,0.17825362,0.05513807
8951,0,0.01064980,0,0.16607970,0.07700886,0.07939341,0.00888952,0.01064980
10367,0,0.01073380,0,0.16607970,0.06322339,0.06559107,0.00968528,0.01073380
1764,1,0.99000290,1,0.16607970,0.21303820,0.21280223,0.92338058,0.99000290
6404,0,0.00985394,0,0.16607970,0.10189031,0.10411475,0.00102674,0.00985394
9500,0,0.03543877,0,0.16607970,0.12030115,0.12228377,0.13189558,0.03543877
6953,0,0.01218844,0,0.16607970,0.13946860,0.14111183,0.02256678,0.01218844
3358,0,0.01505305,0,0.16607970,0.01796257,0.01938300,0.04400865,0.01505305
7286,0,0.00978821,0,0.16607970,0.03273202,0.03466997,0.00034943,0.00978821
2347,0,0.01248611,0,0.16607970,0.04672808,0.04894437,0.02501458,0.01248611
9003,0,0.01004353,0,0.16607970,0.22738558,0.22670868,0.00295538,0.01004353
4960,0,0.01115754,0,0.16607970,0.07299680,0.07538530,0.01360756,0.01115754
5996,0,0.01116061,0,0.16607970,0.19449878,0.19480325,0.01363547,0.01116061
3807,0,0.01138386,0,0.16607970,0.03858514,0.04065957,0.01564262,0.01138386
3834,0,0.02409897,0,0.16607970,0.54661125,0.53539313,0.09208475,0.02409897
5301,0,0.01361607,0,0.16607970,0.12989469,0.13171752,0.03380982,0.01361607
6234,0,0.01537967,0,0.16607970,0.25007796,0.24867067,0.04619267,0.01537967
9980,0,0.01206130,0,0.16607970,0.13203689,0.13382121,0.02150325,0.01206130
8569,0,0.04010864,0,0.16607970,0.07924205,0.08162148,0.14478478,0.04010864
10586,0,0.01054469,0,0.16607970,0.10694836,0.10911559,0.00788505,0.01054469
10193,0,0.01003883,0,0.16607970,0.07247227,0.07486078,0.00290794,0.01003883
11924,0,0.04816336,0,0.16607970,0.06357660,0.06594585,0.16396586,0.04816336
8658,0,0.01022945,0,0.16607970,0.01875700,0.02021335,0.00481203,0.01022945
5920,0,0.01851989,0,0.16607970,0.39277184,0.38636735,0.06512927,0.01851989
5595,0,0.01682512,0,0.16607970,0.47595915,0.46676995,0.05534023,0.01682512
5663,0,0.00980718,0,0.16607970,0.06120500,0.06356254,0.00054541,0.00980718
5914,0,0.01969799,0,0.16607970,0.62169332,0.60885140,0.07142887,0.01969799
62,1,0.98853788,1,0.16607970,0.55499629,0.54356611,0.90953003,0.98853788
8494,0,0.04707018,0,0.16607970,0.07347732,0.07586571,0.16155044,0.04707018
10657,0,0.01921896,0,0.16607970,0.03415983,0.03613404,0.06891314,0.01921896
9636,0,0.05212142,0,0.16607970,0.11922069,0.12121994,0.17229670,0.05212142
2571,0,0.01092581,0,0.16607970,0.04409774,0.04627374,0.01148118,0.01092581
11785,0,0.01049921,0,0.16607970,0.08606500,0.08841672,0.00744737,0.01049921
7378,0,0.01071915,0,0.16607970,0.00564607,0.00630993,0.00954693,0.01071915
1747,1,0.01578836,0,0.16607970,0.22666828,0.22601384,0.04886207,0.01578836
2368,0,0.01256130,0,0.16607970,0.07145238,0.07384055,0.02562385,0.01256130
6554,0,0.00975447,0,0.16607970,0.05905941,0.06140379,0.00000000,0.00975447
615,1,0.99315222,1,0.16607970,0.24635833,0.24507319,0.96161051,0.99315222
2116,0,0.01367178,0,0.16607970,0.18491801,0.18548675,0.03422457,0.01367178
6958,0,0.01109225,0,0.16607970,0.04705812,0.04927911,0.01301296,0.01109225
10386,0,0.01520058,0,0.16607970,0.47970185,0.47039576,0.04500087,0.01520058
1103,1,0.99490495,1,0.16607970,0.41140432,0.40435141,0.99141091,0.99490495
5814,0,0.01088680,0,0.16607970,0.17907788,0.17980209,0.01111889,0.01088680
2348,0,0.02253304,0,0.16607970,0.10225745,0.10447798,0.08519219,0.02253304
5572,0,0.01249246,0,0.16607970,0.25045984,0.24903996,0.02506617,0.01249246
5934,0,0.00976451,0,0.16607970,0.02019641,0.02171505,0.00010417,0.00976451
7871,0,0.01088420,0,0.16607970,0.01022374,0.01122339,0.01109464,0.01088420
4332,0,0.01448865,0,0.16607970,0.13569168,0.13740804,0.04012220,0.01448865
6811,0,0.01020151,0,0.16607970,0.06656425,0.06894418,0.00453514,0.01020151
11089,0,0.01051252,0,0.16607970,0.08878089,0.09111676,0.00757562,0.01051252
8348,0,0.01073591,0,0.16607970,0.03887248,0.04095281,0.00970515,0.01073591
9504,0,0.01038250,0,0.16607970,0.08012754,0.08250440,0.00631556,0.01038250
8877,0,0.01245855,0,0.16607970,0.02398377,0.02565068,0.02479039,0.01245855
847,1,0.99078907,1,0.16607970,0.20780295,0.20772317,0.93166667,0.99078907
11828,0,0.01016589,0,0.16607970,0.05897441,0.06131822,0.00418109,0.01016589
3531,0,0.00977554,0,0.16607970,0.00924676,0.01018177,0.00021842,0.00977554
2204,0,0.01045469,0,0.16607970,0.09852128,0.10077960,0.00701713,0.01045469
3706,0,0.00990481,0,0.16607970,0.05028320,0.05254626,0.00154780,0.00990481
7423,0,0.01017809,0,0.16607970,0.01177393,0.01286993,0.00430244,0.01017809
6158,0,0.01093844,0,0.16607970,0.19603764,0.19629865,0.01159824,0.01093844
2216,0,0.00984148,0,0.16607970,0.11208464,0.11418640,0.00089870,0.00984148
7168,0,0.01278065,0,0.16607970,0.08735371,0.08969824,0.02738067,0.01278065
621,1,0.29113152,0,0.16607970,0.69807756,0.68436401,0.37376860,0.29113152
1482,1,0.99458834,1,0.16607970,0.35505271,0.34998390,0.98533853,0.99458834
7293,0,0.01117812,0,0.16607970,0.07477032,0.07715791,0.01379431,0.01117812
11458,0,0.01304754,0,0.16607970,0.06759719,0.06997979,0.02947856,0.01304754
633,1,0.97664739,1,0.16607970,0.15794509,0.15919167,0.83701112,0.97664739
2860,0,0.00980160,0,0.16607970,0.00817355,0.00903362,0.00048780,0.00980160
166,1,0.99495804,1,0.16607970,0.35447727,0.34942896,0.99246575,0.99495804
131,1,0.99418679,1,0.16607970,0.40254009,0.39579439,0.97812625,0.99418679
9051,0,0.05793795,0,0.16607970,0.28317693,0.28064986,0.18351395,0.05793795
5490,0,0.00992422,0,0.16607970,0.02255438,0.02416784,0.00174593,0.00992422
6635,0,0.20061465,0,0.16607970,0.17205683,0.17296187,0.32441528,0.20061465
5805,0,0.00994006,0,0.16607970,0.10566666,0.10784909,0.00190726,0.00994006
7735,0,0.01143828,0,0.16607970,0.16649585,0.16753913,0.01612595,0.01143828
3576,0,0.03032382,0,0.16607970,0.14418322,0.14573121,0.11574764,0.03032382
4659,0,0.00992695,0,0.16607970,0.20705686,0.20699913,0.00177373,0.00992695
988,1,0.98671527,1,0.16607970,0.59583548,0.58347858,0.89455929,0.98671527
3056,0,0.01009690,0,0.16607970,0.08583804,0.08819096,0.00349180,0.01009690
637,1,0.94902095,1,0.16607970,0.14724907,0.14873285,0.75591148,0.94902095
3916,0,0.04364094,0,0.16607970,0.31134239,0.30782925,0.15361121,0.04364094
259,1,0.99420777,1,0.16607970,0.45848771,0.44985560,0.97849071,0.99420777
105,1,0.07882841,0,0.16607970,0.26676263,0.26479756,0.21661162,0.07882841
10030,0,0.01106851,0,0.16607970,0.04432407,0.04650374,0.01279584,0.01106851
3593,0,0.01187894,0,0.16607970,0.04604021,0.04824645,0.01995825,0.01187894
9305,0,0.01572652,0,0.16607970,0.08439759,0.08675771,0.04846261,0.01572652
7932,0,0.01115732,0,0.16607970,0.01804035,0.01946434,0.01360557,0.01115732
9797,0,0.00982442,0,0.16607970,0.17674603,0.17753105,0.00072313,0.00982442
9961,0,0.01071230,0,0.16607970,0.05929945,0.06164543,0.00948220,0.01071230
3673,0,0.01048696,0,0.16607970,0.01480634,0.01607202,0.00732919,0.01048696
1145,1,0.98925326,1,0.16607970,0.17523833,0.17606228,0.91605970,0.98925326
3198,0,0.00986689,0,0.16607970,0.25053529,0.24911292,0.00115958,0.00986689
4829,0,0.02215518,0,0.16607970,0.12196173,0.12391822,0.08345902,0.02215518
6734,0,0.01205670,0,0.16607970,0.28593803,0.28331535,0.02146450,0.01205670
1738,1,0.99163177,1,0.16607970,0.43763743,0.42969224,0.94136561,0.99163177
11064,0,0.00976503,0,0.16607970,0.03976618,0.04186443,0.00010949,0.00976503
3741,0,0.01015575,0,0.16607970,0.04575379,0.04795574,0.00408001,0.01015575
11473,0,0.01195219,0,0.16607970,0.02311519,0.02474997,0.02058160,0.01195219
6252,0,0.01070161,0,0.16607970,0.06442764,0.06680038,0.00938107,0.01070161
10972,0,0.01170123,0,0.16607970,0.17073123,0.17166964,0.01842996,0.01170123
9700,0,0.01367602,0,0.16607970,0.02313972,0.02477542,0.03425606,0.01367602
5149,0,0.00993395,0,0.16607970,0.01060514,0.01162918,0.00184502,0.00993395
6127,0,0.01405013,0,0.16607970,0.28797739,0.28528393,0.03699815,0.01405013
5633,0,0.02251556,0,0.16607970,0.53181707,0.52098945,0.08511266,0.02251556
9284,0,0.00976750,0,0.16607970,0.01499844,0.01627413,0.00013514,0.00976750
2662,0,0.00986699,0,0.16607970,0.05721116,0.05954219,0.00116064,0.00986699
8849,0,0.01008047,0,0.16607970,0.07704751,0.07943198,0.00332694,0.01008047
8670,0,0.01086716,0,0.16607970,0.06640067,0.06878013,0.01093593,0.01086716
7361,0,0.01039160,0,0.16607970,0.03293698,0.03488025,0.00640421,0.01039160
412,1,0.99273761,1,0.16607970,0.22975287,0.22900154,0.95567858,0.99273761
1613,1,0.99423991,1,0.16607970,0.22506021,0.22445597,0.97905148,0.99423991
9567,0,0.01376636,0,0.16607970,0.22996207,0.22920414,0.03492496,0.01376636
11849,0,0.00998868,0,0.16607970,0.25491706,0.25334960,0.00240111,0.00998868
10041,0,0.01244053,0,0.16607970,0.06379746,0.06616765,0.02464355,0.01244053
11037,0,0.01071195,0,0.16607970,0.04308492,0.04524405,0.00947887,0.01071195
7163,0,0.01851674,0,0.16607970,0.22531136,0.22469930,0.06511189,0.01851674
6850,0,0.00997798,0,0.16607970,0.21429461,0.21402077,0.00229265,0.00997798
7692,0,0.01157542,0,0.16607970,0.08317874,0.08554434,0.01733406,0.01157542
549,1,0.99471830,1,0.16607970,0.67247668,0.65895218,0.98778722,0.99471830
6865,0,0.00986965,0,0.16607970,0.17161605,0.17253221,0.00118793,0.00986965
2930,0,0.01231568,0,0.16607970,0.34348125,0.33882509,0.02362029,0.01231568
5686,0,0.01059201,0,0.16607970,0.14255925,0.14414053,0.00833849,0.01059201
7454,0,0.00983097,0,0.16607970,0.04830850,0.05054664,0.00079048,0.00983097
478,1,0.99379403,1,0.16607970,0.67723961,0.66367150,0.97153593,0.99379403
551,1,0.98468139,1,0.16607970,0.16187394,0.16302855,0.88007914,0.98468139
8285,0,0.01111692,0,0.16607970,0.23015330,0.22938934,0.01323808,0.01111692
11315,0,0.02846396,0,0.16607970,0.43384039,0.42602259,0.10921369,0.02846396
5412,0,0.01061301,0,0.16607970,0.05028884,0.05255196,0.00853913,0.01061301
5503,0,0.01008703,0,0.16607970,0.10929062,0.11142889,0.00339282,0.01008703
1250,1,0.99474840,1,0.16607970,0.37343350,0.36771107,0.98836278,0.99474840
8090,0,0.03060758,0,0.16607970,0.38549324,0.37934457,0.11671019,0.03060758
541,1,0.96873988,1,0.16607970,0.10568318,0.10786541,0.80697563,0.96873988
3880,0,0.01025578,0,0.16607970,0.05929486,0.06164081,0.00507229,0.01025578
11014,0,0.01122382,0,0.16607970,0.06722257,0.06960427,0.01420772,0.01122382
3637,0,0.01061229,0,0.16607970,0.14774817,0.14922132,0.00853219,0.01061229
68,1,0.79877466,1,0.16607970,0.02220544,0.02380540,0.60107061,0.79877466
122,1,0.48937199,0,0.16607970,0.32561706,0.32159752,0.45867327,0.48937199
7938,0,0.01041956,0,0.16607970,0.05498783,0.05730020,0.00667632,0.01041956
1910,1,0.93463866,1,0.16607970,0.28728774,0.28461823,0.72948077,0.93463866
1721,1,0.98550243,1,0.16607970,0.19099995,0.19140220,0.88568223,0.98550243
10002,0,0.01153436,0,0.16607970,0.01712249,0.01850367,0.01697385,0.01153436
9705,0,0.01099125,0,0.16607970,0.12996375,0.13178535,0.01208619,0.01099125
699,1,0.99324117,1,0.16607970,0.22483765,0.22424034,0.96292945,0.99324117
6752,0,0.01009705,0,0.16607970,0.06649735,0.06887709,0.00349333,0.01009705
1090,1,0.98724808,1,0.16607970,0.22090067,0.22042529,0.89871473,0.98724808
8203,0,0.01102270,0,0.16607970,0.02586288,0.02759579,0.01237568,0.01102270
10590,0,0.00986973,0,0.16607970,0.03632861,0.03835416,0.00118872,0.00986973
916,1,0.99328719,1,0.16607970,0.50326569,0.49324573,0.96361873,0.99328719
6321,0,0.00982890,0,0.16607970,0.01629202,0.01763305,0.00076923,0.00982890
6801,0,0.00996388,0,0.16607970,0.23467187,0.23376449,0.00214955,0.00996388
990,1,0.98910026,1,0.16607970,0.30685699,0.30350226,0.91462777,0.98910026
3230,0,0.01164491,0,0.16607970,0.05432128,0.05662749,0.01794075,0.01164491
600,1,0.97377106,1,0.16607970,0.15635487,0.15763797,0.82507721,0.97377106
7076,0,0.01226211,0,0.16607970,0.08756074,0.08990405,0.02317807,0.01226211
8610,0,0.00976768,0,0.16607970,0.02199810,0.02358996,0.00013702,0.00976768
9985,0,0.01048988,0,0.16607970,0.14954392,0.15097850,0.00735737,0.01048988
2414,0,0.01021738,0,0.16607970,0.06015961,0.06251106,0.00469247,0.01021738
7442,0,0.00975447,0,0.16607970,0.11485618,0.11691968,0.00000000,0.00975447
6247,0,0.01030649,0,0.16607970,0.03388717,0.03585461,0.00557160,0.01030649
9076,0,0.01356003,0,0.16607970,0.06741878,0.06980096,0.03339087,0.01356003
1793,1,0.99298228,1,0.16607970,0.63455401,0.62150365,0.95913713,0.99298228
222,1,0.99375233,1,0.16607970,0.35367701,0.34865722,0.97086072,0.99375233
10471,0,0.00997708,0,0.16607970,0.04002640,0.04212975,0.00228347,0.00997708
7551,0,0.06402157,0,0.16607970,0.35939492,0.35417140,0.19416753,0.06402157
4452,0,0.01006854,0,0.16607970,0.19323740,0.19357728,0.00320707,0.01006854
10629,0,0.01585337,0,0.16607970,0.01382356,0.01503672,0.04928045,0.01585337
4171,0,0.01157870,0,0.16607970,0.08254670,0.08491493,0.01736277,0.01157870
3881,0,0.89072025,1,0.16607970,0.05870503,0.06104700,0.67315901,0.89072025
7787,0,0.00994452,0,0.16607970,0.12222361,0.12417593,0.00195270,0.00994452
10618,0,0.00992068,0,0.16607970,0.02725246,0.02903126,0.00170980,0.00992068
10929,0,0.01957331,0,0.16607970,0.01617553,0.01751082,0.07077992,0.01957331
3512,0,0.01089555,0,0.16607970,0.11763824,0.11966134,0.01120023,0.01089555
8971,0,0.02258386,0,0.16607970,0.24560871,0.24434808,0.08542314,0.02258386
2883,0,0.01069642,0,0.16607970,0.11875281,0.12075918,0.00933193,0.01069642
3754,0,0.00993763,0,0.16607970,0.01896885,0.02043459,0.00188257,0.00993763
11379,0,0.01249535,0,0.16607970,0.35176367,0.34681210,0.02508971,0.01249535
5979,0,0.01141286,0,0.16607970,0.02277146,0.02439322,0.01590042,0.01141286
5168,0,0.01261566,0,0.16607970,0.06055373,0.06290754,0.02606200,0.01261566
10622,0,0.01000972,0,0.16607970,0.05739253,0.05972496,0.00261410,0.01000972
9118,0,0.01019025,0,0.16607970,0.02441036,0.02609266,0.00442338,0.01019025
11513,0,0.04190328,0,0.16607970,0.45252213,0.44408426,0.14935814,0.04190328
1822,1,0.98926785,1,0.16607970,0.20053537,0.20066785,0.91619731,0.98926785
1180,1,0.98839133,1,0.16607970,0.15869456,0.15992379,0.90824224,0.98839133
915,1,0.99461759,1,0.16607970,0.40336948,0.39659493,0.98588452,0.99461759
9371,0,0.01156416,0,0.16607970,0.19960662,0.19976582,0.01723542,0.01156416
7962,0,0.01137175,0,0.16607970,0.06934936,0.07173534,0.01553475,0.01137175
1902,1,0.98531333,1,0.16607970,0.20470784,0.20471913,0.88436452,0.98531333
7113,0,0.00986744,0,0.16607970,0.07299839,0.07538689,0.00116520,0.00986744
9184,0,0.02051181,0,0.16607970,0.14399015,0.14554212,0.07556851,0.02051181
925,1,0.02278931,0,0.16607970,0.38273086,0.37667958,0.08635161,0.02278931
1071,1,0.99432825,1,0.16607970,0.32532611,0.32131691,0.98060880,0.99432825
568,1,0.01383005,0,0.16607970,0.40532911,0.39848648,0.03539389,0.01383005
9653,0,0.01738639,0,0.16607970,0.18277935,0.18340554,0.05868539,0.01738639
11301,0,0.01080759,0,0.16607970,0.07314818,0.07553665,0.01037919,0.01080759
3454,0,0.01081763,0,0.16607970,0.03771779,0.03977396,0.01047322,0.01081763
3039,0,0.03045393,0,0.16607970,0.01473856,0.01600068,0.11619007,0.03045393
9895,0,0.01139058,0,0.16607970,0.08690600,0.08925309,0.01570244,0.01139058
10326,0,0.04966930,0,0.16607970,0.68665416,0.67301103,0.16720944,0.04966930
9183,0,0.01669130,0,0.16607970,0.04137568,0.04350455,0.05452652,0.01669130
784,1,0.99171268,1,0.16607970,0.15770077,0.15895299,0.94234736,0.99171268
5417,0,0.01055035,0,0.16607970,0.11340656,0.11549032,0.00793941,0.01055035
9702,0,0.01009171,0,0.16607970,0.04504819,0.04723933,0.00343975,0.01009171
4162,0,0.01164028,0,0.16607970,0.07877073,0.08115141,0.01790048,0.01164028
11531,0,0.01047941,0,0.16607970,0.46010157,0.45141725,0.00725621,0.01047941
9550,0,0.01407333,0,0.16607970,0.39809958,0.39150867,0.03716588,0.01407333
899,1,0.99480530,1,0.16607970,0.32873515,0.32460464,0.98946014,0.99480530
4081,0,0.03387965,0,0.16607970,0.62216091,0.60931102,0.12722569,0.03387965
8296,0,0.01257888,0,0.16607970,0.03067716,0.03255928,0.02576577,0.01257888
2944,0,0.01012366,0,0.16607970,0.01504771,0.01632595,0.00375965,0.01012366
505,1,0.96480051,1,0.16607970,0.12977166,0.13159667,0.79467511,0.96480051
1148,1,0.99443853,1,0.16607970,0.31460883,0.31098009,0.98258735,0.99443853
1867,1,0.99513192,1,0.16607970,0.66437320,0.65093139,0.99599979,0.99513192
3116,0,0.01024659,0,0.16607970,0.06335270,0.06572097,0.00498149,0.01024659
11142,0,0.01129738,0,0.16607970,0.27975084,0.27734200,0.01486980,0.01129738
8635,0,0.00975447,0,0.16607970,0.06501110,0.06738603,0.00000000,0.00975447
11110,0,0.01469760,0,0.16607970,0.68367186,0.67005087,0.04157811,0.01469760
2481,0,0.01021417,0,0.16607970,0.00292429,0.00333287,0.00466064,0.01021417
7020,0,0.01633706,0,0.16607970,0.12311036,0.12504840,0.05234105,0.01633706
7904,0,0.04793315,0,0.16607970,0.02215993,0.02375812,0.16346157,0.04793315
69,1,0.99408772,1,0.16607970,0.18885841,0.18931980,0.97642308,0.99408772
7127,0,0.02138311,0,0.16607970,0.24028572,0.23919805,0.07982592,0.02138311
4211,0,0.00983321,0,0.16607970,0.06608353,0.06846204,0.00081354,0.00983321
3676,0,0.00989752,0,0.16607970,0.07665270,0.07903787,0.00147321,0.00989752
5514,0,0.02094530,0,0.16607970,0.00672856,0.00748024,0.07770833,0.02094530
4636,0,0.01156316,0,0.16607970,0.06622898,0.06860793,0.01722661,0.01156316
9787,0,0.01933301,0,0.16607970,0.51196516,0.50169204,0.06951765,0.01933301
8554,0,0.01680885,0,0.16607970,0.70484312,0.69109891,0.05524168,0.01680885
2343,0,0.01425061,0,0.16607970,0.23882041,0.23778002,0.03843813,0.01425061
9033,0,0.16326927,0,0.16607970,0.11294562,0.11503571,0.29920124,0.16326927
4037,0,0.01164041,0,0.16607970,0.10689659,0.10906445,0.01790164,0.01164041
1634,1,0.99487003,1,0.16607970,0.40236028,0.39562083,0.99072310,0.99487003
10786,0,0.00994600,0,0.16607970,0.11022603,0.11235231,0.00196776,0.00994600
1000,1,0.99485376,1,0.16607970,0.24726846,0.24595351,0.99040403,0.99485376
5243,0,0.01014772,0,0.16607970,0.01158138,0.01266580,0.00400000,0.01014772
4779,0,0.01353983,0,0.16607970,0.12095991,0.12293224,0.03323947,0.01353983
2346,0,0.01552856,0,0.16607970,0.20146178,0.20156751,0.04717322,0.01552856
2495,0,0.02161688,0,0.16607970,0.17545742,0.17627574,0.08093932,0.02161688
716,1,0.98917515,1,0.16607970,0.60596841,0.59341135,0.91532621,0.98917515
825,1,0.99443485,1,0.16607970,0.62175788,0.60891486,0.98252065,0.99443485
8882,0,0.04269469,0,0.16607970,0.11612010,0.11816549,0.15131567,0.04269469
1728,1,0.99247111,1,0.16607970,0.56286022,0.55123756,0.95204079,0.99247111
517,1,0.99396421,1,0.16607970,0.31698284,0.31326997,0.97433900,0.99396421
10761,0,0.00985910,0,0.16607970,0.02017065,0.02168820,0.00107969,0.00985910
9993,0,0.00977256,0,0.16607970,0.02825529,0.03006575,0.00018751,0.00977256
7034,0,0.01311268,0,0.16607970,0.23830495,0.23728115,0.02998418,0.01311268
7227,0,0.01223321,0,0.16607970,0.06929096,0.07167685,0.02293868,0.01223321
5527,0,0.00981613,0,0.16607970,0.21431846,0.21404389,0.00063766,0.00981613
7612,0,0.01016730,0,0.16607970,0.06039859,0.06275148,0.00419510,0.01016730
7638,0,0.02036416,0,0.16607970,0.05443897,0.05674629,0.07482953,0.02036416
3080,0,0.00981167,0,0.16607970,0.05400594,0.05630915,0.00059168,0.00981167
187,1,0.99231534,1,0.16607970,0.25703119,0.25539332,0.94997309,0.99231534
5738,0,0.01008404,0,0.16607970,0.12257008,0.12451684,0.00336280,0.01008404
5685,0,0.01245439,0,0.16607970,0.04936727,0.05161909,0.02475653,0.01245439
10533,0,0.05664746,0,0.16607970,0.15454870,0.15587274,0.18111980,0.05664746
11348,0,0.01510427,0,0.16607970,0.09822098,0.10048215,0.04435417,0.01510427
7741,0,0.01057865,0,0.16607970,0.04361351,0.04578155,0.00821072,0.01057865
2809,0,0.04155382,0,0.16607970,0.40325335,0.39648283,0.14848248,0.04155382
9116,0,0.01094805,0,0.16607970,0.07017624,0.07256333,0.01168721,0.01094805
7267,0,0.00998925,0,0.16607970,0.21567940,0.21536364,0.00240684,0.00998925
9342,0,0.01141178,0,0.16607970,0.14099431,0.14260719,0.01589085,0.01141178
6932,0,0.01080792,0,0.16607970,0.04696937,0.04918911,0.01038231,0.01080792
5215,0,0.00983639,0,0.16607970,0.17257802,0.17346988,0.00084626,0.00983639
11653,0,0.01274467,0,0.16607970,0.07859559,0.08097671,0.02709449,0.01274467
5210,0,0.01128502,0,0.16607970,0.04258276,0.04473324,0.01475884,0.01128502
2543,0,0.08365580,0,0.16607970,0.32169569,0.31781555,0.22309354,0.08365580
4150,0,0.01013240,0,0.16607970,0.04664183,0.04885688,0.00384705,0.01013240
6063,0,0.01030113,0,0.16607970,0.15067146,0.15208152,0.00551888,0.01030113
7229,0,0.02018426,0,0.16607970,0.51382743,0.50350089,0.07392204,0.02018426
7233,0,0.01002853,0,0.16607970,0.16214658,0.16329471,0.00280410,0.01002853
5845,0,0.00984881,0,0.16607970,0.02088827,0.02243563,0.00097403,0.00984881
386,1,0.99473233,1,0.16607970,0.55535808,0.54391891,0.98805515,0.99473233
9223,0,0.00975447,0,0.16607970,0.02361304,0.02526637,0.00000000,0.00975447
1570,1,0.01142601,0,0.16607970,0.20665864,0.20661265,0.01601713,0.01142601
3845,0,0.00983035,0,0.16607970,0.12670743,0.12858569,0.00078415,0.00983035
11243,0,0.01168235,0,0.16607970,0.02651376,0.02826847,0.01826623,0.01168235
10488,0,0.06441068,0,0.16607970,0.12709606,0.12896768,0.19481632,0.06441068
7634,0,0.00996384,0,0.16607970,0.05381646,0.05611783,0.00214909,0.00996384
8629,0,0.01027108,0,0.16607970,0.27417594,0.27195848,0.00522314,0.01027108
4399,0,0.01004334,0,0.16607970,0.17309556,0.17397428,0.00295342,0.01004334
2255,0,0.01338993,0,0.16607970,0.30984748,0.30638718,0.03210875,0.01338993
3400,0,0.01125177,0,0.16607970,0.17167075,0.17258554,0.01445983,0.01125177
10475,0,0.01098879,0,0.16607970,0.08043691,0.08281279,0.01206353,0.01098879
10111,0,0.01024056,0,0.16607970,0.04878306,0.05102743,0.00492190,0.01024056
4007,0,0.01068797,0,0.16607970,0.06707872,0.06946004,0.00925187,0.01068797
7668,0,0.01242909,0,0.16607970,0.13667058,0.13836826,0.02455022,0.01242909
7666,0,0.00987625,0,0.16607970,0.23955582,0.23849173,0.00125551,0.00987625
6864,0,0.01419108,0,0.16607970,0.01087527,0.01191630,0.03801264,0.01419108
444,1,0.99309260,1,0.16607970,0.71809334,0.70431383,0.96073586,0.99309260
3007,0,0.01163288,0,0.16607970,0.02682314,0.02858802,0.01783602,0.01163288
4196,0,0.00981353,0,0.16607970,0.02320196,0.02483999,0.00061082,0.00981353
1714,1,0.98532001,1,0.16607970,0.24744192,0.24612129,0.88441078,0.98532001
9632,0,0.11848622,0,0.16607970,0.09693640,0.09920944,0.26185352,0.11848622
3598,0,0.01001225,0,0.16607970,0.16321316,0.16433585,0.00263967,0.01001225
1603,1,0.05842414,0,0.16607970,0.01420579,0.01543965,0.18440298,0.05842414
7420,0,0.00980836,0,0.16607970,0.11340730,0.11549105,0.00055757,0.00980836
111,1,0.97032042,1,0.16607970,0.20044964,0.20058459,0.81233758,0.97032042
7750,0,0.01003855,0,0.16607970,0.07067466,0.07306226,0.00290519,0.01003855
10350,0,0.01231286,0,0.16607970,0.36585999,0.36040643,0.02359706,0.01231286
4441,0,0.01850689,0,0.16607970,0.06895876,0.07134412,0.06505758,0.01850689
4892,0,0.01078779,0,0.16607970,0.00761846,0.00843797,0.01019347,0.01078779
7306,0,0.01016730,0,0.16607970,0.07977234,0.08215026,0.00419510,0.01016730
11453,0,0.02923919,0,0.16607970,0.08306542,0.08543150,0.11198608,0.02923919
7474,0,0.01154231,0,0.16607970,0.00788796,0.00872732,0.01704364,0.01154231
8935,0,0.00982734,0,0.16607970,0.20825972,0.20816642,0.00075313,0.00982734
4572,0,0.00982434,0,0.16607970,0.12118041,0.12314928,0.00072227,0.00982434
10967,0,0.01017338,0,0.16607970,0.08154732,0.08391939,0.00425565,0.01017338
8597,0,0.01984943,0,0.16607970,0.12134315,0.12330945,0.07221177,0.01984943
10599,0,0.01025129,0,0.16607970,0.02694506,0.02871392,0.00502793,0.01025129
5027,0,0.01023763,0,0.16607970,0.00502025,0.00563028,0.00489288,0.01023763
7881,0,0.01422772,0,0.16607970,0.06892535,0.07131065,0.03827476,0.01422772
7877,0,0.01024824,0,0.16607970,0.01456484,0.01581782,0.00499782,0.01024824
3827,0,0.01146739,0,0.16607970,0.22920306,0.22846906,0.01638354,0.01146739
4057,0,0.01072093,0,0.16607970,0.03242263,0.03435246,0.00956374,0.01072093
6227,0,0.02381373,0,0.16607970,0.73241228,0.71863320,0.09086243,0.02381373
5911,0,0.01007188,0,0.16607970,0.03828083,0.04034892,0.00324068,0.01007188
7467,0,0.01145111,0,0.16607970,0.01475075,0.01601352,0.01623959,0.01145111
10980,0,0.02158621,0,0.16607970,0.58363851,0.57153889,0.08079394,0.02158621
4272,0,0.01012398,0,0.16607970,0.11968311,0.12167528,0.00376291,0.01012398
1183,1,0.99486170,1,0.16607970,0.36005608,0.35480902,0.99055970,0.99486170
8481,0,0.04683631,0,0.16607970,0.06218187,0.06454458,0.16102676,0.04683631
966,1,0.99326877,1,0.16607970,0.23883494,0.23779409,0.96334236,0.99326877
1350,1,0.96896900,1,0.16607970,0.14136539,0.14297082,0.80773642,0.96896900
463,1,0.96995292,1,0.16607970,0.09169814,0.09401410,0.81106659,0.96995292
4165,0,0.02202131,0,0.16607970,0.10413013,0.10633015,0.08283801,0.02202131
5556,0,0.92361787,1,0.16607970,0.09654878,0.09882531,0.71267979,0.92361787
9858,0,0.01039931,0,0.16607970,0.19071941,0.19112944,0.00647931,0.01039931
9532,0,0.01617969,0,0.16607970,0.13369350,0.13544736,0.05135513,0.01617969
9414,0,0.01000869,0,0.16607970,0.10116760,0.10339960,0.00260362,0.01000869
5904,0,0.01021222,0,0.16607970,0.19450918,0.19481335,0.00464131,0.01021222
5801,0,0.01536893,0,0.16607970,0.16271754,0.16385208,0.04612162,0.01536893
11447,0,0.01958098,0,0.16607970,0.29224181,0.28939989,0.07081998,0.01958098
7374,0,0.01158764,0,0.16607970,0.02708093,0.02885420,0.01744100,0.01158764
2610,0,0.01109539,0,0.16607970,0.02109533,0.02265114,0.01304166,0.01109539
9883,0,0.01018225,0,0.16607970,0.12094239,0.12291500,0.00434383,0.01018225
11615,0,0.01525814,0,0.16607970,0.16177561,0.16293255,0.04538545,0.01525814
3857,0,0.01094508,0,0.16607970,0.15170542,0.15309280,0.01165976,0.01094508
5621,0,0.02247800,0,0.16607970,0.21513219,0.21483301,0.08494151,0.02247800
3689,0,0.02706350,0,0.16607970,0.14499830,0.14652939,0.10401411,0.02706350
10628,0,0.01025712,0,0.16607970,0.00833416,0.00920573,0.00508547,0.01025712
833,1,0.98631340,1,0.16607970,0.12542357,0.12732351,0.89153234,0.98631340
4542,0,0.01332514,0,0.16607970,0.03383003,0.03579604,0.03161613,0.01332514
5333,0,0.04941629,0,0.16607970,0.74090694,0.72714795,0.16667106,0.04941629
432,1,0.96980060,1,0.16607970,0.22819125,0.22748907,0.81054420,0.96980060
2920,0,0.02216343,0,0.16607970,0.53525717,0.52433695,0.08349714,0.02216343
7967,0,0.01006571,0,0.16607970,0.03244114,0.03437145,0.00317861,0.01006571
3058,0,0.00984568,0,0.16607970,0.06448750,0.06686047,0.00094180,0.00984568
5507,0,0.01094769,0,0.16607970,0.17815424,0.17890263,0.01168392,0.01094769
4799,0,0.01003267,0,0.16607970,0.24536394,0.24411130,0.00284589,0.01003267
3891,0,0.01038879,0,0.16607970,0.01946620,0.02095368,0.00637681,0.01038879
5836,0,0.01022523,0,0.16607970,0.01328407,0.01446743,0.00477020,0.01022523
5408,0,0.15175003,0,0.16607970,0.06401975,0.06639087,0.29050020,0.15175003
11434,0,0.00992974,0,0.16607970,0.08989909,0.09222767,0.00180213,0.00992974
1593,1,0.99465748,1,0.16607970,0.28564687,0.28303429,0.98663379,0.99465748
2046,0,0.02395255,0,0.16607970,0.16039703,0.16158650,0.09145904,0.02395255
1992,0,0.01055830,0,0.16607970,0.14062677,0.14224701,0.00801571,0.01055830
9935,0,0.01050496,0,0.16607970,0.09159209,0.09390882,0.00750283,0.01050496
9910,0,0.00998085,0,0.16607970,0.01343849,0.01463046,0.00232172,0.00998085
10135,0,0.01008306,0,0.16607970,0.04241480,0.04456234,0.00335290,0.01008306
8269,0,0.01111782,0,0.16607970,0.30830447,0.30489867,0.01324623,0.01111782
7920,0,0.01068497,0,0.16607970,0.13754329,0.13922416,0.00922344,0.01068497
7042,0,0.00983768,0,0.16607970,0.22748378,0.22680380,0.00085957,0.00983768
4813,0,0.05554770,0,0.16607970,0.39086389,0.38452633,0.17903868,0.05554770
1315,1,0.99427502,1,0.16607970,0.51572762,0.50534687,0.97966750,0.99427502
11084,0,0.01428096,0,0.16607970,0.17890932,0.17963795,0.03865442,0.01428096
7818,0,0.00980485,0,0.16607970,0.12116867,0.12313772,0.00052134,0.00980485
11189,0,0.01968569,0,0.16607970,0.79057206,0.77725701,0.07136507,0.01968569
2227,0,0.01948010,0,0.16607970,0.10385375,0.10605686,0.07029211,0.01948010
3386,0,0.01561792,0,0.16607970,0.30817593,0.30477466,0.04775719,0.01561792
6964,0,0.01103305,0,0.16607970,0.04526090,0.04745534,0.01247072,0.01103305
3929,0,0.01030313,0,0.16607970,0.02610428,0.02784534,0.00553861,0.01030313
6355,0,0.02729541,0,0.16607970,0.21761780,0.21724307,0.10489293,0.02729541
4056,0,0.01048087,0,0.16607970,0.07124870,0.07363674,0.00727030,0.01048087
6470,0,0.01099024,0,0.16607970,0.01460668,0.01586187,0.01207684,0.01099024
2107,0,0.01219871,0,0.16607970,0.16503474,0.16611356,0.02265222,0.01219871
9834,0,0.01169573,0,0.16607970,0.06553355,0.06791029,0.01838228,0.01169573
1620,1,0.99369608,1,0.16607970,0.28905835,0.28632731,0.96995687,0.99369608
6856,0,0.05480782,0,0.16607970,0.50055465,0.49061478,0.17761667,0.05480782
11284,0,0.01128007,0,0.16607970,0.04716209,0.04938455,0.01471440,0.01128007
1351,1,0.99437268,1,0.16607970,0.46905080,0.46007969,0.98140127,0.99437268
3499,0,0.01008111,0,0.16607970,0.01186665,0.01296819,0.00333333,0.01008111
2562,0,0.01079506,0,0.16607970,0.05377068,0.05607160,0.01026167,0.01079506
2045,0,0.00975447,0,0.16607970,0.04717711,0.04939979,0.00000000,0.00975447
2184,0,0.00989804,0,0.16607970,0.04458274,0.04676656,0.00147857,0.00989804
9317,0,0.01333760,0,0.16607970,0.23653113,0.23556430,0.03171109,0.01333760
11969,0,0.00985486,0,0.16607970,0.08999045,0.09231842,0.00103610,0.00985486
9968,0,0.01056677,0,0.16607970,0.03861540,0.04069046,0.00809694,0.01056677
7242,0,0.20769120,0,0.16607970,0.18460161,0.18517889,0.32877969,0.20769120
9001,0,0.01070203,0,0.16607970,0.07529554,0.07768261,0.00938505,0.01070203
1472,1,0.99470015,1,0.16607970,0.40633069,0.39945331,0.98744173,0.99470015
7057,0,0.01147832,0,0.16607970,0.25237650,0.25089331,0.01648012,0.01147832
9551,0,0.01031790,0,0.16607970,0.03792406,0.03998463,0.00568356,0.01031790
3176,0,0.01103420,0,0.16607970,0.03514194,0.03713994,0.01248135,0.01103420
11102,0,0.00986536,0,0.16607970,0.04285459,0.04500978,0.00114388,0.00986536
7052,0,0.01281783,0,0.16607970,0.13203610,0.13382044,0.02767552,0.01281783
8423,0,0.00980461,0,0.16607970,0.16647637,0.16752012,0.00051888,0.00980461
8667,0,0.01098098,0,0.16607970,0.18634918,0.18687915,0.01199145,0.01098098
2136,0,0.00982453,0,0.16607970,0.05969801,0.06204658,0.00072424,0.00982453
4460,0,0.00976451,0,0.16607970,0.02975218,0.03160770,0.00010417,0.00976451
10950,0,0.01527501,0,0.16607970,0.39849945,0.39189457,0.04549789,0.01527501
2901,0,0.01781112,0,0.16607970,0.12032190,0.12230419,0.06114702,0.01781112
8871,0,0.00979309,0,0.16607970,0.05701292,0.05934240,0.00039988,0.00979309
8801,0,0.00982287,0,0.16607970,0.13061403,0.13242404,0.00070707,0.00982287
538,1,0.99091324,1,0.16607970,0.38335352,0.37728027,0.93303922,0.99091324
2247,0,0.00991645,0,0.16607970,0.00756093,0.00837617,0.00166667,0.00991645
9937,0,0.01975153,0,0.16607970,0.30528071,0.30198155,0.07170636,0.01975153
3695,0,0.01596562,0,0.16607970,0.12661846,0.12849823,0.04999882,0.01596562
5961,0,0.01524386,0,0.16607970,0.07671081,0.07909588,0.04529018,0.01524386
2914,0,0.01008111,0,0.16607970,0.05215994,0.05444432,0.00333333,0.01008111
964,1,0.98425962,1,0.16607970,0.58504956,0.57291929,0.87731472,0.98425962
6233,0,0.01174805,0,0.16607970,0.02638236,0.02813272,0.01883479,0.01174805
10521,0,0.01236115,0,0.16607970,0.07461422,0.07700195,0.02399415,0.01236115
8351,0,0.00988792,0,0.16607970,0.27812927,0.27577622,0.00137504,0.00988792
5610,0,0.00981572,0,0.16607970,0.03674232,0.03877716,0.00063343,0.00981572
10633,0,0.01042131,0,0.16607970,0.01140385,0.01247749,0.00669334,0.01042131
11850,0,0.01014508,0,0.16607970,0.16039928,0.16158870,0.00397367,0.01014508
5755,0,0.01961520,0,0.16607970,0.21445911,0.21418030,0.07099840,0.01961520
7166,0,0.01025029,0,0.16607970,0.02587581,0.02760916,0.00501801,0.01025029
11154,0,0.00992226,0,0.16607970,0.05529813,0.05761328,0.00172586,0.00992226
10179,0,0.00988364,0,0.16607970,0.07167379,0.07406207,0.00133123,0.00988364
2677,0,0.01000985,0,0.16607970,0.25176209,0.25029922,0.00261537,0.01000985
11982,0,0.01681528,0,0.16607970,0.43691996,0.42899879,0.05528063,0.01681528
9079,0,0.01008384,0,0.16607970,0.04847776,0.05071814,0.00336078,0.01008384
8760,0,0.00976503,0,0.16607970,0.01564069,0.01694926,0.00010949,0.00976503
8608,0,0.01270476,0,0.16607970,0.16069788,0.16188028,0.02677619,0.01270476
974,1,0.98076309,1,0.16607970,0.12507738,0.12698310,0.85685849,0.98076309
2225,0,0.01036663,0,0.16607970,0.09183802,0.09415296,0.00616068,0.01036663
8430,0,0.00981167,0,0.16607970,0.01635456,0.01769866,0.00059168,0.00981167
265,1,0.95841728,1,0.16607970,0.12794301,0.12980004,0.77731184,0.95841728
1730,1,0.97894904,1,0.16607970,0.09654332,0.09881990,0.84764368,0.97894904
9769,0,0.02710061,0,0.16607970,0.14560033,0.14711885,0.10415524,0.02710061
11517,0,0.01333368,0,0.16607970,0.54970357,0.53840644,0.03168124,0.01333368
7945,0,0.00997541,0,0.16607970,0.01944165,0.02092807,0.00226659,0.00997541
3228,0,0.01122380,0,0.16607970,0.00469331,0.00527422,0.01420760,0.01122380
10062,0,0.01100261,0,0.16607970,0.01991849,0.02142538,0.01219086,0.01100261
986,1,0.98892602,1,0.16607970,0.15540975,0.15671434,0.91302104,0.98892602
8915,0,0.02472331,0,0.16607970,0.05978254,0.06213164,0.09471165,0.02472331
5209,0,0.01142050,0,0.16607970,0.04977714,0.05203406,0.01596833,0.01142050
4944,0,0.00975859,0,0.16607970,0.04441643,0.04659759,0.00004283,0.00975859
3193,0,0.02604637,0,0.16607970,0.15160439,0.15299400,0.10007111,0.02604637
10468,0,0.00975447,0,0.16607970,0.04121063,0.04333646,0.00000000,0.00975447
2837,0,0.02400194,0,0.16607970,0.07773449,0.08011760,0.09167053,0.02400194
45,1,0.01353040,0,0.16607970,0.14453549,0.14607619,0.03316865,0.01353040
168,1,0.41069323,0,0.16607970,0.62577588,0.61286534,0.42675229,0.41069323
7224,0,0.01026522,0,0.16607970,0.14403526,0.14558630,0.00516539,0.01026522
3543,0,0.00982723,0,0.16607970,0.29797696,0.29493448,0.00075202,0.00982723
9178,0,0.00975716,0,0.16607970,0.03024263,0.03211238,0.00002793,0.00975716
1165,1,0.98066097,1,0.16607970,0.06595407,0.06833218,0.85631754,0.98066097
10433,0,0.00980604,0,0.16607970,0.06196292,0.06432452,0.00053358,0.00980604
1546,1,0.02682044,0,0.16607970,0.46932595,0.46034610,0.10308513,0.02682044
8620,0,0.01552389,0,0.16607970,0.37909919,0.37317618,0.04714259,0.01552389
9132,0,0.01003786,0,0.16607970,0.18893460,0.18939389,0.00289819,0.01003786
6163,0,0.01208919,0,0.16607970,0.03630618,0.03833122,0.02173749,0.01208919
1042,1,0.01011259,0,0.16607970,0.10082135,0.10305691,0.00364895,0.01011259
6371,0,0.01139718,0,0.16607970,0.16787274,0.16888221,0.01576107,0.01139718
8181,0,0.02886272,0,0.16607970,0.06816207,0.07054592,0.11064875,0.02886272
3619,0,0.02392870,0,0.16607970,0.66996151,0.65646154,0.09135681,0.02392870
9032,0,0.01605834,0,0.16607970,0.20593359,0.20590894,0.05058848,0.01605834
2890,0,0.00983668,0,0.16607970,0.02732041,0.02910139,0.00084933,0.00983668
6719,0,0.02963150,0,0.16607970,0.33386126,0.32954814,0.11336199,0.02963150
10594,0,0.01022750,0,0.16607970,0.11469819,0.11676393,0.00479269,0.01022750
1731,1,0.88520717,1,0.16607970,0.02668525,0.02844561,0.66760542,0.88520717
3322,0,0.01298088,0,0.16607970,0.02858779,0.03040848,0.02895856,0.01298088
5867,0,0.01026305,0,0.16607970,0.05607698,0.05839885,0.00514402,0.01026305
9298,0,0.01127418,0,0.16607970,0.03604746,0.03806660,0.01466141,0.01127418
7016,0,0.01519481,0,0.16607970,0.02884949,0.03067814,0.04496221,0.01519481
10130,0,0.01147593,0,0.16607970,0.08719445,0.08953990,0.01645905,0.01147593
3107,0,0.00994917,0,0.16607970,0.11204709,0.11414936,0.00200000,0.00994917
10843,0,0.01011805,0,0.16607970,0.10962985,0.11176380,0.00370355,0.01011805
11729,0,0.01005396,0,0.16607970,0.25378331,0.25225350,0.00306041,0.01005396
7593,0,0.01003660,0,0.16607970,0.02887664,0.03070611,0.00288546,0.01003660
5813,0,0.01188189,0,0.16607970,0.04419738,0.04637500,0.01998338,0.01188189
10418,0,0.01056784,0,0.16607970,0.03577314,0.03778596,0.00810711,0.01056784
24,1,0.99499839,1,0.16607970,0.40018180,0.39351823,0.99327506,0.99499839
5474,0,0.00976986,0,0.16607970,0.01729407,0.01868336,0.00015957,0.00976986
54,1,0.99516892,1,0.16607970,0.61396278,0.60125689,0.99676793,0.99516892
8650,0,0.01142637,0,0.16607970,0.11808403,0.12010047,0.01602034,0.01142637
911,1,0.95556367,1,0.16607970,0.10566767,0.10785008,0.77036269,0.95556367
6999,0,0.01109865,0,0.16607970,0.18225932,0.18289938,0.01307137,0.01109865
9930,0,0.01744199,0,0.16607970,0.06307322,0.06544023,0.05901097,0.01744199
4023,0,0.01053113,0,0.16607970,0.01776841,0.01917988,0.00775473,0.01053113
3990,0,0.01151443,0,0.16607970,0.20511505,0.20511441,0.01679852,0.01151443
3601,0,0.01226408,0,0.16607970,0.06114632,0.06350354,0.02319437,0.01226408
8728,0,0.01078269,0,0.16607970,0.09072787,0.09305078,0.01014554,0.01078269
9307,0,0.01066560,0,0.16607970,0.11285584,0.11494716,0.00903973,0.01066560
8696,0,0.02545506,0,0.16607970,0.51379486,0.50346925,0.09770941,0.02545506
495,1,0.99210099,1,0.16607970,0.49667757,0.48685319,0.94719492,0.99210099
10073,0,0.01934384,0,0.16607970,0.13468493,0.13642029,0.06957486,0.01934384
8232,0,0.01136538,0,0.16607970,0.06401125,0.06638233,0.01547797,0.01136538
4860,0,0.00979632,0,0.16607970,0.10415813,0.10635783,0.00043325,0.00979632
11008,0,0.04604463,0,0.16607970,0.02441159,0.02609394,0.15923547,0.04604463
7074,0,0.01132407,0,0.16607970,0.02374331,0.02540143,0.01510893,0.01132407
9166,0,0.35721302,0,0.16607970,0.30625586,0.30292233,0.40406959,0.35721302
449,1,0.92897537,1,0.16607970,0.09725457,0.09952473,0.72054585,0.92897537
8330,0,0.01005918,0,0.16607970,0.03969317,0.04178998,0.00311295,0.01005918
2869,0,0.00978608,0,0.16607970,0.05650854,0.05883398,0.00032740,0.00978608
1291,1,0.01730385,0,0.16607970,0.13358893,0.13534474,0.05820018,0.01730385
10427,0,0.01055939,0,0.16607970,0.01711620,0.01849708,0.00802610,0.01055939
7636,0,0.01271091,0,0.16607970,0.11354541,0.11562726,0.02682529,0.01271091
1045,1,0.90082793,1,0.16607970,0.08546803,0.08782288,0.68401422,0.90082793
8073,0,0.00977327,0,0.16607970,0.10669140,0.10886172,0.00019491,0.00977327
7243,0,0.00976073,0,0.16607970,0.04540439,0.04760103,0.00006494,0.00976073
4557,0,0.01536189,0,0.16607970,0.18194510,0.18259354,0.04607495,0.01536189
5727,0,0.01124023,0,0.16607970,0.18372095,0.18432192,0.01435578,0.01124023
10951,0,0.00986582,0,0.16607970,0.06065323,0.06300762,0.00114858,0.00986582
4387,0,0.01080868,0,0.16607970,0.04398104,0.04615514,0.01038937,0.01080868
10701,0,0.01004245,0,0.16607970,0.00185374,0.00214149,0.00294444,0.01004245
1007,1,0.98474366,1,0.16607970,0.24587201,0.24460278,0.88049361,0.98474366
4092,0,0.00985449,0,0.16607970,0.00522680,0.00585486,0.00103238,0.00985449
11298,0,0.01008535,0,0.16607970,0.03233153,0.03425894,0.00337593,0.01008535
2873,0,0.01996582,0,0.16607970,0.03940638,0.04149750,0.07280943,0.01996582
11147,0,0.01013108,0,0.16607970,0.08405905,0.08642074,0.00383388,0.01013108
4181,0,0.02036644,0,0.16607970,0.03520444,0.03720392,0.07484102,0.02036644
2461,0,0.00993879,0,0.16607970,0.11122472,0.11333794,0.00189437,0.00993879
5250,0,0.01323535,0,0.16607970,0.07446082,0.07684868,0.03092957,0.01323535
6751,0,0.02111825,0,0.16607970,0.04015045,0.04225621,0.07855000,0.02111825
5438,0,0.00991135,0,0.16607970,0.16826080,0.16926070,0.00161452,0.00991135
8411,0,0.01096754,0,0.16607970,0.01356057,0.01475930,0.01186737,0.01096754
1093,1,0.99368741,1,0.16607970,0.54806379,0.53680844,0.96981830,0.99368741
8891,0,0.01125270,0,0.16607970,0.04610364,0.04831082,0.01446814,0.01125270
7502,0,0.01796668,0,0.16607970,0.17875941,0.17949197,0.06203417,0.01796668
5365,0,0.01057930,0,0.16607970,0.14673434,0.14822902,0.00821691,0.01057930
7862,0,0.01268796,0,0.16607970,0.30843930,0.30502874,0.02664194,0.01268796
8346,0,0.06549565,0,0.16607970,0.38080381,0.37482056,0.19660631,0.06549565
6087,0,0.00982271,0,0.16607970,0.01752957,0.01892993,0.00070546,0.00982271
6052,0,0.01032516,0,0.16607970,0.15354498,0.15489154,0.00575478,0.01032516
5547,0,0.01008125,0,0.16607970,0.00639137,0.00711636,0.00333474,0.01008125
7092,0,0.01114066,0,0.16607970,0.15893246,0.16015616,0.01345421,0.01114066
3958,0,0.01154081,0,0.16607970,0.41069962,0.40367104,0.01703047,0.01154081
5666,0,0.00977558,0,0.16607970,0.04470544,0.04689120,0.00021884,0.00977558
7239,0,0.01449763,0,0.16607970,0.08322041,0.08558583,0.04018521,0.01449763
2846,0,0.01270494,0,0.16607970,0.10642065,0.10859420,0.02677769,0.01270494
9149,0,0.01124487,0,0.16607970,0.03349265,0.03545016,0.01439761,0.01124487
6115,0,0.00981858,0,0.16607970,0.04355029,0.04571727,0.00066287,0.00981858
1651,1,0.99048813,1,0.16607970,0.16456997,0.16566004,0.92841502,0.99048813
10987,0,0.00987809,0,0.16607970,0.17388689,0.17474546,0.00127436,0.00987809
8146,0,0.01074453,0,0.16607970,0.13818035,0.13984885,0.00978649,0.01074453
11546,0,0.01023401,0,0.16607970,0.01461974,0.01587562,0.00485714,0.01023401
6769,0,0.01650101,0,0.16607970,0.04637446,0.04858562,0.05335826,0.01650101
632,1,0.99474382,1,0.16607970,0.42032982,0.41297028,0.98827506,0.99474382
8165,0,0.01289339,0,0.16607970,0.10094111,0.10317544,0.02827206,0.01289339
8131,0,0.00986062,0,0.16607970,0.01287728,0.01403770,0.00109523,0.00986062
2934,0,0.00985059,0,0.16607970,0.10643789,0.10861123,0.00099233,0.00985059
901,1,0.99418328,1,0.16607970,0.30927037,0.30583046,0.97806541,0.99418328
3049,0,0.01002243,0,0.16607970,0.26899678,0.26695592,0.00274248,0.01002243
6596,0,0.01258288,0,0.16607970,0.05375124,0.05605197,0.02579799,0.01258288
272,1,0.97317100,1,0.16607970,0.11860108,0.12060974,0.82274900,0.97317100
7582,0,0.00982647,0,0.16607970,0.14759114,0.14906765,0.00074424,0.00982647
3452,0,0.00980699,0,0.16607970,0.03990796,0.04200900,0.00054338,0.00980699
10650,0,0.01055263,0,0.16607970,0.03549851,0.03750493,0.00796132,0.01055263
679,1,0.99442243,1,0.16607970,0.60734291,0.59475968,0.98229607,0.99442243
9775,0,0.01161165,0,0.16607970,0.20631543,0.20627954,0.01765080,0.01161165
5240,0,0.01028904,0,0.16607970,0.05259970,0.05488876,0.00540000,0.01028904
11958,0,0.00978936,0,0.16607970,0.09096449,0.09328574,0.00036131,0.00978936
5929,0,0.00983817,0,0.16607970,0.00364065,0.00412237,0.00086457,0.00983817
2584,0,0.01405081,0,0.16607970,0.29686010,0.29385676,0.03700307,0.01405081
745,1,0.99388357,1,0.16607970,0.36789297,0.36236716,0.97300106,0.99388357
3267,0,0.01025556,0,0.16607970,0.04293559,0.04509217,0.00507012,0.01025556
3959,0,0.01010574,0,0.16607970,0.10509267,0.10728175,0.00358032,0.01010574
10779,0,0.01036287,0,0.16607970,0.02501312,0.02671677,0.00612394,0.01036287
11809,0,0.00985358,0,0.16607970,0.13954906,0.14119071,0.00102295,0.00985358
8168,0,0.03735061,0,0.16607970,0.27536745,0.27310920,0.13735900,0.03735061
1288,1,0.99417212,1,0.16607970,0.35668647,0.35155943,0.97787223,0.99417212
3379,0,0.01061636,0,0.16607970,0.05759114,0.05992507,0.00857108,0.01061636
2146,0,0.01089832,0,0.16607970,0.52240305,0.51183421,0.01122605,0.01089832
2787,0,0.01019099,0,0.16607970,0.01324331,0.01442439,0.00443065,0.01019099
8281,0,0.00981130,0,0.16607970,0.17547419,0.17629207,0.00058791,0.00981130
11169,0,0.00979280,0,0.16607970,0.10855573,0.11070326,0.00039688,0.00979280
2533,0,0.00983205,0,0.16607970,0.07635506,0.07874071,0.00080161,0.00983205
90,1,0.99498631,1,0.16607970,0.37509190,0.36931071,0.99303201,0.99498631
7071,0,0.01007961,0,0.16607970,0.04135561,0.04348412,0.00331829,0.01007961
8784,0,0.01060482,0,0.16607970,0.22243013,0.22190754,0.00846087,0.01060482
2665,0,0.01179433,0,0.16607970,0.09235079,0.09466190,0.01923340,0.01179433
5779,0,0.01965546,0,0.16607970,0.23375276,0.23287468,0.07120797,0.01965546
2333,0,0.03882305,0,0.16607970,0.06078537,0.06314054,0.14138648,0.03882305
6472,0,0.01281904,0,0.16607970,0.17520984,0.17603452,0.02768505,0.01281904
6832,0,0.00991937,0,0.16607970,0.07589965,0.07828597,0.00169642,0.00991937
363,1,0.91216377,1,0.16607970,0.25192805,0.25045969,0.69742938,0.91216377
11356,0,0.01051693,0,0.16607970,0.06011100,0.06246214,0.00761809,0.01051693
3533,0,0.01186703,0,0.16607970,0.09145626,0.09377399,0.01985651,0.01186703
10677,0,0.01066841,0,0.16607970,0.10427729,0.10647565,0.00906639,0.01066841
6643,0,0.02896963,0,0.16607970,0.77801619,0.76453284,0.11103025,0.02896963
9364,0,0.01827511,0,0.16607970,0.46996707,0.46096687,0.06377113,0.01827511
11650,0,0.02171198,0,0.16607970,0.02607751,0.02781767,0.08138889,0.02171198
7906,0,0.01045627,0,0.16607970,0.06080558,0.06316087,0.00703238,0.01045627
3632,0,0.01409412,0,0.16607970,0.45618715,0.44762972,0.03731587,0.01409412
191,1,0.29688381,0,0.16607970,0.03078687,0.03267208,0.37654542,0.29688381
9716,0,0.01031236,0,0.16607970,0.14565415,0.14717155,0.00562927,0.01031236
10358,0,0.01101859,0,0.16607970,0.11383627,0.11591408,0.01233791,0.01101859
4167,0,0.01205904,0,0.16607970,0.26294437,0.26110827,0.02148418,0.01205904
4284,0,0.01174732,0,0.16607970,0.18143220,0.18209427,0.01882851,0.01174732
4418,0,0.01038080,0,0.16607970,0.05779607,0.06013153,0.00629897,0.01038080
1559,1,0.99343533,1,0.16607970,0.67064518,0.65713844,0.96586953,0.99343533
474,1,0.99340491,1,0.16607970,0.34318095,0.33853551,0.96540327,0.99340491
3516,0,0.11143750,0,0.16607970,0.08524426,0.08760024,0.25491015,0.11143750
8539,0,0.00998572,0,0.16607970,0.08302607,0.08539232,0.00237115,0.00998572
1556,1,0.99395699,1,0.16607970,0.37178052,0.36611671,0.97421849,0.99395699
10614,0,0.01078616,0,0.16607970,0.04633182,0.04854236,0.01017815,0.01078616
11587,0,0.01304694,0,0.16607970,0.30548072,0.30217450,0.02947391,0.01304694
11072,0,0.01108779,0,0.16607970,0.11973987,0.12173116,0.01297222,0.01108779
1888,1,0.99474890,1,0.16607970,0.41720177,0.40994937,0.98837255,0.99474890
5414,0,0.01039229,0,0.16607970,0.07187357,0.07426194,0.00641099,0.01039229
2831,0,0.06669732,0,0.16607970,0.33977391,0.33524999,0.19855691,0.06669732
10510,0,0.01030188,0,0.16607970,0.01682800,0.01819509,0.00552632,0.01030188
8883,0,0.01074404,0,0.16607970,0.36221231,0.35688849,0.00978183,0.01074404
11595,0,0.01160701,0,0.16607970,0.03195882,0.03387628,0.01761033,0.01160701
3843,0,0.01386169,0,0.16607970,0.00618279,0.00689097,0.03562609,0.01386169
11256,0,0.02047053,0,0.16607970,0.40944448,0.40245927,0.07536242,0.02047053
6250,0,0.00985197,0,0.16607970,0.00843786,0.00931679,0.00100644,0.00985197
960,1,0.99053536,1,0.16607970,0.24738444,0.24606569,0.92891853,0.99053536
9349,0,0.01000265,0,0.16607970,0.11195660,0.11406008,0.00254261,0.01000265
11039,0,0.02044763,0,0.16607970,0.32150876,0.31763526,0.07524794,0.02044763
9125,0,0.01162416,0,0.16607970,0.04945456,0.05170748,0.01776000,0.01162416
6534,0,0.00983260,0,0.16607970,0.08382553,0.08618829,0.00080728,0.00983260
442,1,0.98883078,1,0.16607970,0.15601966,0.15731040,0.91215339,0.98883078
4729,0,0.01111431,0,0.16607970,0.01249456,0.01363300,0.01321429,0.01111431
8643,0,0.00987542,0,0.16607970,0.01938319,0.02086707,0.00124704,0.00987542
1223,1,0.99350513,1,0.16607970,0.33236269,0.32810298,0.96694774,0.99350513
1642,1,0.99501526,1,0.16607970,0.41101691,0.40397738,0.99361525,0.99501526
2530,0,0.02954304,0,0.16607970,0.20694712,0.20689263,0.11305330,0.02954304
827,1,0.17422603,0,0.16607970,0.39251070,0.38611536,0.30703003,0.17422603
6413,0,0.00978205,0,0.16607970,0.05009137,0.05235212,0.00028571,0.00978205
4615,0,0.01349046,0,0.16607970,0.24264543,0.24148133,0.03286842,0.01349046
3596,0,0.01101488,0,0.16607970,0.10761313,0.10977230,0.01230377,0.01101488
9973,0,0.00979829,0,0.16607970,0.09536337,0.09765025,0.00045360,0.00979829
4734,0,0.01072813,0,0.16607970,0.01181610,0.01291462,0.00963177,0.01072813
4756,0,0.01917548,0,0.16607970,0.05003260,0.05229264,0.06868180,0.01917548
8069,0,0.01819004,0,0.16607970,0.01452617,0.01577710,0.06329495,0.01819004
9130,0,0.00995131,0,0.16607970,0.15311084,0.15446708,0.00202180,0.00995131
6618,0,0.00984250,0,0.16607970,0.03266002,0.03459608,0.00090909,0.00984250
5577,0,0.02442932,0,0.16607970,0.17064443,0.17158502,0.09348284,0.02442932
2707,0,0.01039658,0,0.16607970,0.03717858,0.03922307,0.00645276,0.01039658
5579,0,0.01396755,0,0.16607970,0.12290120,0.12484262,0.03639915,0.01396755
7501,0,0.00980533,0,0.16607970,0.00444598,0.00500436,0.00052632,0.00980533
1805,1,0.99438836,1,0.16607970,0.65126530,0.63797914,0.98168246,0.99438836
6802,0,0.08324154,0,0.16607970,0.48760837,0.47805840,0.22255085,0.08324154
6426,0,0.00975447,0,0.16607970,0.03567762,0.03768822,0.00000000,0.00975447
4421,0,0.01164424,0,0.16607970,0.14839700,0.14985629,0.01793497,0.01164424
11478,0,0.01014772,0,0.16607970,0.02230604,0.02390991,0.00400000,0.01014772
387,1,0.99191980,1,0.16607970,0.46335845,0.45456922,0.94490430,0.99191980
6415,0,0.01124188,0,0.16607970,0.08242724,0.08479595,0.01437066,0.01124188
8135,0,0.00980823,0,0.16607970,0.10178176,0.10400734,0.00055615,0.00980823
9224,0,0.01034687,0,0.16607970,0.02948975,0.03133755,0.00596752,0.01034687
8879,0,0.00993131,0,0.16607970,0.00756149,0.00837677,0.00181818,0.00993131
11023,0,0.00981061,0,0.16607970,0.04298512,0.04514255,0.00058072,0.00981061
8895,0,0.03075996,0,0.16607970,0.17195629,0.17286388,0.11722353,0.03075996
9510,0,0.00984766,0,0.16607970,0.07476751,0.07715511,0.00096217,0.00984766
8037,0,0.01049585,0,0.16607970,0.07279014,0.07517866,0.00741501,0.01049585
765,1,0.71755804,1,0.16607970,0.12126289,0.12323046,0.55635537,0.71755804
1230,1,0.99481331,1,0.16607970,0.45596563,0.44741541,0.98961555,0.99481331
5148,0,0.01770217,0,0.16607970,0.62254222,0.60968584,0.06052110,0.01770217
8155,0,0.01007418,0,0.16607970,0.02845746,0.03027415,0.00326382,0.01007418
3977,0,0.01032966,0,0.16607970,0.08324131,0.08560664,0.00579891,0.01032966
9586,0,0.01019950,0,0.16607970,0.13896878,0.14062186,0.00451517,0.01019950
3372,0,0.01086114,0,0.16607970,0.13579600,0.13751038,0.01087983,0.01086114
1292,1,0.99343536,1,0.16607970,0.26300019,0.26116221,0.96587008,0.99343536
9511,0,0.01082721,0,0.16607970,0.22846689,0.22775605,0.01056287,0.01082721
9828,0,0.01207098,0,0.16607970,0.05946498,0.06181204,0.02158457,0.01207098
1301,1,0.99314374,1,0.16607970,0.32590550,0.32187570,0.96148567,0.99314374
450,1,0.96795117,1,0.16607970,0.07392774,0.07631593,0.80439737,0.96795117
11372,0,0.01625451,0,0.16607970,0.28906896,0.28633755,0.05182503,0.01625451
2129,0,0.00984440,0,0.16607970,0.04209617,0.04423808,0.00092866,0.00984440
8715,0,0.01034266,0,0.16607970,0.08549750,0.08785219,0.00592632,0.01034266
332,1,0.99236348,1,0.16607970,0.67365468,0.66011905,0.95060767,0.99236348
9642,0,0.01774203,0,0.16607970,0.46762649,0.45870071,0.06075055,0.01774203
6535,0,0.01236160,0,0.16607970,0.01148541,0.01256401,0.02399782,0.01236160
2108,0,0.01143960,0,0.16607970,0.02630578,0.02805358,0.01613766,0.01143960
10791,0,0.01281695,0,0.16607970,0.39654783,0.39001113,0.02766851,0.01281695
2237,0,0.02581218,0,0.16607970,0.15055071,0.15196341,0.09914206,0.02581218
5777,0,0.01071460,0,0.16607970,0.13218770,0.13396927,0.00950388,0.01071460
6434,0,0.01604548,0,0.16607970,0.19907961,0.19925393,0.05050688,0.01604548
6490,0,0.01105273,0,0.16607970,0.13198830,0.13377351,0.01265130,0.01105273
7746,0,0.01112806,0,0.16607970,0.07071481,0.07310244,0.01333955,0.01112806
1060,1,0.96869342,1,0.16607970,0.09901403,0.10126762,0.80682202,0.96869342
956,1,0.99407099,1,0.16607970,0.26994198,0.26786898,0.97613832,0.99407099
10771,0,0.01022951,0,0.16607970,0.01711077,0.01849139,0.00481266,0.01022951
3,1,0.75491658,1,0.16607970,0.21037827,0.21022200,0.57565612,0.75491658
1782,1,0.99159986,1,0.16607970,0.24580278,0.24453581,0.94098110,0.99159986
8130,0,0.00978315,0,0.16607970,0.03905186,0.04113584,0.00029707,0.00978315
9860,0,0.01062807,0,0.16607970,0.01154665,0.01262896,0.00868273,0.01062807
4748,0,0.01270823,0,0.16607970,0.06409664,0.06646807,0.02680390,0.01270823
5743,0,0.00985755,0,0.16607970,0.20280252,0.20286938,0.00106379,0.00985755
5257,0,0.01405815,0,0.16607970,0.12593546,0.12782680,0.03705616,0.01405815
6745,0,0.01013240,0,0.16607970,0.04865466,0.05089736,0.00384705,0.01013240
2772,0,0.01007906,0,0.16607970,0.12626334,0.12814914,0.00331282,0.01007906
3093,0,0.01011787,0,0.16607970,0.02582741,0.02755913,0.00370177,0.01011787
6199,0,0.01044189,0,0.16607970,0.04018910,0.04229561,0.00689307,0.01044189
585,1,0.99359818,1,0.16607970,0.33905487,0.33455659,0.96840300,0.99359818
10143,0,0.01016322,0,0.16607970,0.09524788,0.09753574,0.00415452,0.01016322
1422,1,0.98971943,1,0.16607970,0.28999184,0.28722832,0.92055031,0.98971943
164,1,0.99060023,1,0.16607970,0.13802828,0.13969974,0.92961421,0.99060023
5648,0,0.01271490,0,0.16607970,0.02763785,0.02942896,0.02685714,0.01271490
6628,0,0.00982611,0,0.16607970,0.02675165,0.02851419,0.00074053,0.00982611
9446,0,0.01564468,0,0.16607970,0.26862079,0.26659270,0.04793148,0.01564468
9777,0,0.01024501,0,0.16607970,0.04394891,0.04612249,0.00496586,0.01024501
2919,0,0.01017914,0,0.16607970,0.07697694,0.07936154,0.00431294,0.01017914
10335,0,0.01057131,0,0.16607970,0.21974897,0.21930901,0.00814038,0.01057131
6884,0,0.01016618,0,0.16607970,0.06969783,0.07208431,0.00418399,0.01016618
1494,1,0.99393922,1,0.16607970,0.32745260,0.32336774,0.97392252,0.99393922
7613,0,0.00977402,0,0.16607970,0.10255250,0.10476987,0.00020262,0.00977402
4699,0,0.01018382,0,0.16607970,0.09064721,0.09297068,0.00435947,0.01018382
6939,0,0.01029614,0,0.16607970,0.05101705,0.05328871,0.00546991,0.01029614
4149,0,0.01936496,0,0.16607970,0.04282941,0.04498417,0.06968634,0.01936496
5966,0,0.01115476,0,0.16607970,0.01719357,0.01857811,0.01358235,0.01115476
5834,0,0.01051464,0,0.16607970,0.04113863,0.04326313,0.00759610,0.01051464
7558,0,0.00995134,0,0.16607970,0.00651556,0.00725044,0.00202204,0.00995134
2591,0,0.01053821,0,0.16607970,0.03197448,0.03389236,0.00782284,0.01053821
4782,0,0.01012460,0,0.16607970,0.17350307,0.17437142,0.00376914,0.01012460
1597,1,0.99485736,1,0.16607970,0.32365808,0.31970820,0.99047465,0.99485736
3082,0,0.01316935,0,0.16607970,0.10742393,0.10958540,0.03042198,0.01316935
2779,0,0.04460889,0,0.16607970,0.50687963,0.49675378,0.15591073,0.04460889
7371,0,0.00983513,0,0.16607970,0.00265652,0.00303633,0.00083333,0.00983513
11163,0,0.01056017,0,0.16607970,0.07306752,0.07545601,0.00803358,0.01056017
2063,0,0.01017962,0,0.16607970,0.05633821,0.05866225,0.00431773,0.01017962
6955,0,0.01041883,0,0.16607970,0.11383303,0.11591089,0.00666917,0.01041883
4018,0,0.00981781,0,0.16607970,0.14009816,0.14172892,0.00065503,0.00981781
9085,0,0.05210753,0,0.16607970,0.34013234,0.33559564,0.17226853,0.05210753
1471,1,0.29610349,0,0.16607970,0.02640639,0.02815754,0.37617058,0.29610349
1848,1,0.99374411,1,0.16607970,0.49567050,0.48587631,0.97072811,0.99374411
2586,0,0.02046736,0,0.16607970,0.04798867,0.05022253,0.07534662,0.02046736
11555,0,0.01194134,0,0.16607970,0.31840007,0.31463694,0.02048954,0.01194134
4603,0,0.02003812,0,0.16607970,0.47587004,0.46668364,0.07317905,0.02003812
11967,0,0.01324385,0,0.16607970,0.19099536,0.19139774,0.03099478,0.01324385
11604,0,0.02515493,0,0.16607970,0.51024259,0.50001912,0.09649014,0.02515493
4480,0,0.01606720,0,0.16607970,0.31072140,0.30723021,0.05064464,0.01606720
10831,0,0.00980275,0,0.16607970,0.16225986,0.16340530,0.00049960,0.00980275
8692,0,0.01025278,0,0.16607970,0.01578570,0.01710158,0.00504260,0.01025278
4771,0,0.01016325,0,0.16607970,0.05425418,0.05655976,0.00415478,0.01016325
6873,0,0.00984486,0,0.16607970,0.08592767,0.08828011,0.00093335,0.00984486
7186,0,0.01001041,0,0.16607970,0.16246989,0.16361033,0.00262103,0.01001041
4574,0,0.01033409,0,0.16607970,0.08370896,0.08607225,0.00584238,0.01033409
11812,0,0.01054562,0,0.16607970,0.02213754,0.02373485,0.00789404,0.01054562
7704,0,0.01047969,0,0.16607970,0.10848389,0.11063231,0.00725895,0.01047969
6173,0,0.00979419,0,0.16607970,0.11596899,0.11801657,0.00041127,0.00979419
9053,0,0.00989675,0,0.16607970,0.07173423,0.07412253,0.00146536,0.00989675
1359,1,0.99324094,1,0.16607970,0.22697005,0.22630617,0.96292607,0.99324094
1044,1,0.94517967,1,0.16607970,0.15633081,0.15761445,0.74822615,0.94517967
2012,0,0.01028831,0,0.16607970,0.02668497,0.02844533,0.00539281,0.01028831
6840,0,0.01039217,0,0.16607970,0.06437372,0.06674625,0.00640976,0.01039217
7791,0,0.00982843,0,0.16607970,0.06151398,0.06387321,0.00076441,0.00982843
2138,0,0.01159243,0,0.16607970,0.26571466,0.26378506,0.01748293,0.01159243
4185,0,0.00997975,0,0.16607970,0.10042540,0.10266500,0.00231056,0.00997975
1917,1,0.01016826,0,0.16607970,0.11486813,0.11693146,0.00420463,0.01016826
2232,0,0.01514754,0,0.16607970,0.03619209,0.03821453,0.04464524,0.01514754
8224,0,0.01653793,0,0.16607970,0.49315560,0.48343710,0.05358594,0.01653793
11335,0,0.01019092,0,0.16607970,0.15326186,0.15461474,0.00443003,0.01019092
4488,0,0.01236463,0,0.16607970,0.13416319,0.13590831,0.02402264,0.01236463
11540,0,0.01618158,0,0.16607970,0.01197804,0.01308620,0.05136706,0.01618158
199,1,0.98150021,1,0.16607970,0.24032689,0.23923789,0.86084860,0.98150021
7895,0,0.01206739,0,0.16607970,0.04331987,0.04548299,0.02155438,0.01206739
2683,0,0.00983827,0,0.16607970,0.11613036,0.11817560,0.00086565,0.00983827
3924,0,0.00975447,0,0.16607970,0.03729524,0.03934228,0.00000000,0.00975447
5798,0,0.03136337,0,0.16607970,0.21322229,0.21298078,0.11923244,0.03136337
11977,0,0.01199333,0,0.16607970,0.12653846,0.12841959,0.02093008,0.01199333
276,1,0.98276711,1,0.16607970,0.30507557,0.30178363,0.86808577,0.98276711
3767,0,0.00986966,0,0.16607970,0.15653985,0.15781871,0.00118801,0.00986966
11709,0,0.01017321,0,0.16607970,0.00616117,0.00686760,0.00425397,0.01017321
5132,0,0.00978950,0,0.16607970,0.01778096,0.01919301,0.00036274,0.00978950
3659,0,0.00981680,0,0.16607970,0.03215948,0.03408232,0.00064452,0.00981680
803,1,0.98351195,1,0.16607970,0.11856726,0.12057644,0.87258881,0.98351195
9244,0,0.01015847,0,0.16607970,0.04414903,0.04632588,0.00410711,0.01015847
9546,0,0.00984164,0,0.16607970,0.08733690,0.08968152,0.00090035,0.00984164
4564,0,0.01035759,0,0.16607970,0.06530798,0.06768396,0.00607229,0.01035759
9773,0,0.01074515,0,0.16607970,0.17361516,0.17448066,0.00979226,0.01074515
9218,0,0.04202237,0,0.16607970,0.43907597,0.43108269,0.14965495,0.04202237
7101,0,0.00977074,0,0.16607970,0.01365222,0.01485599,0.00016866,0.00977074
8124,0,0.01008529,0,0.16607970,0.06857891,0.07096359,0.00337534,0.01008529
6895,0,0.00993945,0,0.16607970,0.12050346,0.12248292,0.00190109,0.00993945
4006,0,0.02490621,0,0.16607970,0.70429938,0.69055732,0.09546894,0.02490621
10283,0,0.06868085,0,0.16607970,0.26640389,0.26445097,0.20170643,0.06868085
10289,0,0.01217255,0,0.16607970,0.09126852,0.09358759,0.02243444,0.01217255
4701,0,0.01019671,0,0.16607970,0.12476633,0.12667722,0.00448754,0.01019671
11738,0,0.01135496,0,0.16607970,0.76578826,0.75217874,0.01538495,0.01135496
11791,0,0.01400435,0,0.16607970,0.01214186,0.01325970,0.03666654,0.01400435
6,1,0.97846933,1,0.16607970,0.61850826,0.60572143,0.84533690,0.97846933
2516,0,0.01054987,0,0.16607970,0.09845623,0.10071517,0.00793485,0.01054987
6134,0,0.01396108,0,0.16607970,0.23708183,0.23609733,0.03635207,0.01396108
1290,1,0.99462793,1,0.16607970,0.27928289,0.27689016,0.98607823,0.99462793
7505,0,0.01046659,0,0.16607970,0.10316777,0.10537846,0.00713228,0.01046659
5127,0,0.01350103,0,0.16607970,0.41631876,0.40909667,0.03294796,0.01350103
4208,0,0.00982261,0,0.16607970,0.17654254,0.17733283,0.00070441,0.00982261
6576,0,0.00984250,0,0.16607970,0.00629412,0.00701130,0.00090909,0.00984250
7733,0,0.01096550,0,0.16607970,0.06318132,0.06554882,0.01184854,0.01096550
5234,0,0.01131717,0,0.16607970,0.07691476,0.07929948,0.01504714,0.01131717
7481,0,0.00979758,0,0.16607970,0.02157781,0.02315304,0.00044629,0.00979758
5887,0,0.01237412,0,0.16607970,0.05970517,0.06205378,0.02410055,0.01237412
2708,0,0.01007684,0,0.16607970,0.06866659,0.07105143,0.00329051,0.01007684
7200,0,0.01245315,0,0.16607970,0.10224907,0.10446969,0.02474641,0.01245315
3089,0,0.02023395,0,0.16607970,0.51765310,0.50721771,0.07417351,0.02023395
11907,0,0.01157605,0,0.16607970,0.33043220,0.32624126,0.01733955,0.01157605
1270,1,0.99332217,1,0.16607970,0.21643440,0.21609571,0.96414580,0.99332217
1654,1,0.99081711,1,0.16607970,0.30891486,0.30548751,0.93197508,0.99081711
3162,0,0.03434127,0,0.16607970,0.34830118,0.34347310,0.12862956,0.03434127
2408,0,0.01032405,0,0.16607970,0.03227341,0.03419928,0.00574398,0.01032405
5540,0,0.00977266,0,0.16607970,0.05461543,0.05692439,0.00018858,0.00977266
7516,0,0.01466994,0,0.16607970,0.03681363,0.03885006,0.04138656,0.01466994
37,1,0.99031073,1,0.16607970,0.33745077,0.33300969,0.92654549,0.99031073
890,1,0.97837934,1,0.16607970,0.28185377,0.27937241,0.84490975,0.97837934
3275,0,0.01019402,0,0.16607970,0.04032381,0.04243291,0.00446083,0.01019402
9560,0,0.00975857,0,0.16607970,0.03419649,0.03617160,0.00004260,0.00975857
11063,0,0.01834858,0,0.16607970,0.05163914,0.05391783,0.06418064,0.01834858
3965,0,0.01051217,0,0.16607970,0.03593797,0.03795460,0.00757229,0.01051217
6664,0,0.01148037,0,0.16607970,0.08458176,0.08694100,0.01649826,0.01148037
8979,0,0.00994228,0,0.16607970,0.06589332,0.06827124,0.00192988,0.00994228
7292,0,0.00991948,0,0.16607970,0.14293942,0.14451295,0.00169752,0.00991948
491,1,0.99074315,1,0.16607970,0.47609649,0.46690299,0.93116378,0.99074315
9056,0,0.03857764,0,0.16607970,0.64094418,0.62779886,0.14072552,0.03857764
5169,0,0.00999083,0,0.16607970,0.00705291,0.00782974,0.00242287,0.00999083
4848,0,0.01115642,0,0.16607970,0.20085450,0.20097778,0.01359740,0.01115642
3076,0,0.01007733,0,0.16607970,0.19522874,0.19551263,0.00329545,0.01007733
1719,1,0.99206203,1,0.16607970,0.63909723,0.62597875,0.94669797,0.99206203
4410,0,0.01017640,0,0.16607970,0.02095907,0.02250933,0.00428571,0.01017640
9976,0,0.02780546,0,0.16607970,0.41497939,0.40780332,0.10680052,0.02780546
2563,0,0.01114751,0,0.16607970,0.04246194,0.04461031,0.01351649,0.01114751
4938,0,0.01165554,0,0.16607970,0.25596622,0.25436385,0.01803332,0.01165554
1866,1,0.87603513,1,0.16607970,0.28218830,0.27969539,0.65885974,0.87603513
6352,0,0.00994210,0,0.16607970,0.05323960,0.05553524,0.00192803,0.00994210
7581,0,0.01091143,0,0.16607970,0.14778457,0.14925695,0.01134783,0.01091143
712,1,0.98549848,1,0.16607970,0.21368320,0.21342781,0.88565453,0.98549848
6302,0,0.01694352,0,0.16607970,0.11037803,0.11250235,0.05605492,0.01694352
489,1,0.02214632,0,0.16607970,0.36600790,0.36054908,0.08341800,0.02214632
10089,0,0.95930529,1,0.16607970,0.22245314,0.22192984,0.77956754,0.95930529
6739,0,0.01023763,0,0.16607970,0.02469803,0.02639058,0.00489291,0.01023763
10383,0,0.01082464,0,0.16607970,0.03778557,0.03984319,0.01053888,0.01082464
9619,0,0.01008673,0,0.16607970,0.02835456,0.03016808,0.00338983,0.01008673
1398,1,0.97408447,1,0.16607970,0.07452117,0.07690898,0.82631394,0.97408447
8029,0,0.01010311,0,0.16607970,0.06852368,0.07090825,0.00355403,0.01010311
10180,0,0.01202673,0,0.16607970,0.04689445,0.04911312,0.02121212,0.01202673
2814,0,0.01033935,0,0.16607970,0.10880869,0.11095304,0.00589382,0.01033935
777,1,0.99473074,1,0.16607970,0.45548849,0.44695380,0.98802464,0.99473074
10949,0,0.01080759,0,0.16607970,0.04857990,0.05082162,0.01037919,0.01080759
7841,0,0.01067514,0,0.16607970,0.00333944,0.00379104,0.00913021,0.01067514
1533,1,0.99003405,1,0.16607970,0.19481756,0.19511305,0.92369646,0.99003405
2688,0,0.00989995,0,0.16607970,0.14916996,0.15061262,0.00149810,0.00989995
684,1,0.92103136,1,0.16607970,0.13509289,0.13682057,0.70906203,0.92103136
6074,0,0.01574413,0,0.16607970,0.68802009,0.67436733,0.04857652,0.01574413
3377,0,0.01015721,0,0.16607970,0.09272168,0.09502997,0.00409460,0.01015721
10298,0,0.00993763,0,0.16607970,0.06323110,0.06559883,0.00188252,0.00993763
11718,0,0.01254050,0,0.16607970,0.00416106,0.00469292,0.02545561,0.01254050
5902,0,0.01030363,0,0.16607970,0.01590353,0.01722531,0.00554348,0.01030363
1781,1,0.96387092,1,0.16607970,0.12200796,0.12396371,0.79196675,0.96387092
774,1,0.99387249,1,0.16607970,0.41542062,0.40822938,0.97281859,0.99387249
1517,1,0.94942634,1,0.16607970,0.08196205,0.08433257,0.75675423,0.94942634
5385,0,0.01225940,0,0.16607970,0.02821943,0.03002877,0.02315565,0.01225940
1935,1,0.26854367,0,0.16607970,0.03064063,0.03252172,0.36253359,0.26854367
11430,0,0.02093035,0,0.16607970,0.08913712,0.09147072,0.07763525,0.02093035
4950,0,0.01034714,0,0.16607970,0.11270575,0.11479912,0.00597015,0.01034714
6723,0,0.01039148,0,0.16607970,0.04458862,0.04677253,0.00640308,0.01039148
4797,0,0.01111918,0,0.16607970,0.10287672,0.10509059,0.01325865,0.01111918
10895,0,0.01022606,0,0.16607970,0.06976114,0.07214771,0.00477848,0.01022606
7326,0,0.00999844,0,0.16607970,0.00600607,0.00669983,0.00250000,0.00999844
10354,0,0.00980461,0,0.16607970,0.09575812,0.09804160,0.00051888,0.00980461
2074,0,0.01304842,0,0.16607970,0.41510411,0.40792375,0.02948536,0.01304842
7878,0,0.01079536,0,0.16607970,0.02144140,0.02301118,0.01026446,0.01079536
9453,0,0.00983062,0,0.16607970,0.03148206,0.03338658,0.00078698,0.00983062
6491,0,0.03556112,0,0.16607970,0.41403339,0.40688986,0.13225359,0.03556112
1694,1,0.99500722,1,0.16607970,0.27315225,0.27096979,0.99345297,0.99500722
11683,0,0.01434724,0,0.16607970,0.20469194,0.20470369,0.03912510,0.01434724
2762,0,0.03671094,0,0.16607970,0.19635930,0.19661119,0.13556158,0.03671094
810,1,0.99484515,1,0.16607970,0.47856376,0.46929312,0.99023571,0.99484515
2989,0,0.01005655,0,0.16607970,0.21652443,0.21618300,0.00308647,0.01005655
6548,0,0.00981110,0,0.16607970,0.03468262,0.03666961,0.00058577,0.00981110
5276,0,0.01040559,0,0.16607970,0.30724635,0.30387788,0.00654048,0.01040559
5620,0,0.00980717,0,0.16607970,0.03678709,0.03882294,0.00054526,0.00980717
4034,0,0.00981163,0,0.16607970,0.01663746,0.01799535,0.00059125,0.00981163
9793,0,0.01067845,0,0.16607970,0.01626862,0.01760850,0.00916165,0.01067845
4340,0,0.01001709,0,0.16607970,0.15044093,0.15185602,0.00268854,0.01001709
5553,0,0.01001843,0,0.16607970,0.01268322,0.01383254,0.00270208,0.01001843
8701,0,0.01194146,0,0.16607970,0.22191054,0.22140402,0.02049055,0.01194146
6790,0,0.00978071,0,0.16607970,0.02794322,0.02974395,0.00027184,0.00978071
10056,0,0.01051387,0,0.16607970,0.02065061,0.02218820,0.00758870,0.01051387
4482,0,0.01984925,0,0.16607970,0.77616581,0.76266102,0.07221081,0.01984925
6070,0,0.00980713,0,0.16607970,0.00957390,0.01053092,0.00054487,0.00980713
656,1,0.88201020,1,0.16607970,0.06239608,0.06475987,0.66449057,0.88201020
9823,0,0.01004164,0,0.16607970,0.04803597,0.05027047,0.00293631,0.01004164
9341,0,0.01267193,0,0.16607970,0.16924865,0.17022407,0.02651367,0.01267193
178,1,0.99064352,1,0.16607970,0.27746563,0.27513539,0.93008109,0.99064352
9383,0,0.02014266,0,0.16607970,0.34677239,0.34199883,0.07371111,0.02014266
2386,0,0.01194656,0,0.16607970,0.08262457,0.08499248,0.02053380,0.01194656
38,1,0.99513192,1,0.16607970,0.67784053,0.66426719,0.99599979,0.99513192
618,1,0.99497019,1,0.16607970,0.35749031,0.35233463,0.99270880,0.99497019
2971,0,0.01176248,0,0.16607970,0.10677183,0.10894119,0.01895921,0.01176248
10822,0,0.02102780,0,0.16607970,0.05544272,0.05775914,0.07811068,0.02102780
11773,0,0.01162788,0,0.16607970,0.09057311,0.09289710,0.01779238,0.01162788
472,1,0.99497019,1,0.16607970,0.37940129,0.37346760,0.99270880,0.99497019
4900,0,0.00986521,0,0.16607970,0.13092281,0.13272728,0.00114233,0.00986521
3847,0,0.01004627,0,0.16607970,0.03607329,0.03809303,0.00298293,0.01004627
3572,0,0.01113188,0,0.16607970,0.12398307,0.12590688,0.01337429,0.01113188
9303,0,0.01047223,0,0.16607970,0.12210837,0.12406253,0.00718688,0.01047223
8468,0,0.01036014,0,0.16607970,0.11259995,0.11469475,0.00609724,0.01036014
1438,1,0.98536480,1,0.16607970,0.05516113,0.05747506,0.88472148,0.98536480
5161,0,0.01885712,0,0.16607970,0.10232117,0.10454103,0.06697177,0.01885712
8137,0,0.00983308,0,0.16607970,0.15146328,0.15285598,0.00081225,0.00983308
1168,1,0.99380773,1,0.16607970,0.64801179,0.63476832,0.97175868,0.99380773
1483,1,0.99517054,1,0.16607970,0.62407565,0.61119341,0.99680165,0.99517054
6459,0,0.01025337,0,0.16607970,0.08684517,0.08919261,0.00504849,0.01025337
4372,0,0.00987420,0,0.16607970,0.13742623,0.13910937,0.00123453,0.00987420
1695,1,0.08089292,0,0.16607970,0.10310065,0.10531208,0.21942682,0.08089292
8727,0,0.01391859,0,0.16607970,0.04189157,0.04402982,0.03604232,0.01391859
7028,0,0.02782026,0,0.16607970,0.63006912,0.61708886,0.10685536,0.02782026
4270,0,0.00999039,0,0.16607970,0.10854101,0.11068872,0.00241844,0.00999039
3231,0,0.01030700,0,0.16607970,0.07316664,0.07555512,0.00557656,0.01030700
4735,0,0.01065329,0,0.16607970,0.20052447,0.20065726,0.00892272,0.01065329
995,1,0.93843136,1,0.16607970,0.07559861,0.07798533,0.73587616,0.93843136
2290,0,0.02344214,0,0.16607970,0.21937532,0.21894682,0.08924847,0.02344214
3433,0,0.01005080,0,0.16607970,0.03283235,0.03477291,0.00302863,0.01005080
4801,0,0.01467133,0,0.16607970,0.06646366,0.06884330,0.04139622,0.01467133
8333,0,0.00976503,0,0.16607970,0.04129277,0.04342012,0.00010949,0.00976503
10940,0,0.00995993,0,0.16607970,0.12972074,0.13154665,0.00210942,0.00995993
4995,0,0.01156254,0,0.16607970,0.03154394,0.03345014,0.01722121,0.01156254
3282,0,0.01412344,0,0.16607970,0.09492804,0.09721860,0.03752704,0.01412344
544,1,0.98304606,1,0.16607970,0.11971480,0.12170647,0.86974941,0.98304606
598,1,0.99501437,1,0.16607970,0.57658194,0.56463899,0.99359730,0.99501437
3627,0,0.01021336,0,0.16607970,0.15004035,0.15146416,0.00465270,0.01021336
783,1,0.99321729,1,0.16607970,0.34983617,0.34495334,0.96257369,0.99321729
2249,0,0.01011806,0,0.16607970,0.01020993,0.01120869,0.00370370,0.01011806
6591,0,0.03877792,0,0.16607970,0.03841847,0.04048944,0.14126524,0.03877792
8588,0,0.01021942,0,0.16607970,0.15042107,0.15183659,0.00471270,0.01021942
10415,0,0.01116518,0,0.16607970,0.07623411,0.07861995,0.01367695,0.01116518
2361,0,0.02241248,0,0.16607970,0.45864346,0.45000631,0.08464230,0.02241248
3856,0,0.01160795,0,0.16607970,0.23015957,0.22939541,0.01761852,0.01160795
2069,0,0.00996429,0,0.16607970,0.02138767,0.02295529,0.00215365,0.00996429
864,1,0.91942916,1,0.16607970,0.14955871,0.15099297,0.70687503,0.91942916
11813,0,0.01122731,0,0.16607970,0.02713027,0.02890513,0.01423928,0.01122731
7133,0,0.00990310,0,0.16607970,0.00666620,0.00741299,0.00153034,0.00990310
626,1,0.95165706,1,0.16607970,0.12486381,0.12677308,0.76150933,0.95165706
80,1,0.99479538,1,0.16607970,0.33525988,0.33089692,0.98926799,0.99479538
3132,0,0.03253040,0,0.16607970,0.01993863,0.02144637,0.12301389,0.03253040
2152,0,0.00976069,0,0.16607970,0.03948210,0.04157473,0.00006452,0.00976069
10856,0,0.00998897,0,0.16607970,0.02328157,0.02492259,0.00240402,0.00998897
1763,1,0.99429279,1,0.16607970,0.63888083,0.62576553,0.97998090,0.99429279
7310,0,0.01038962,0,0.16607970,0.07635578,0.07874143,0.00638491,0.01038962
1971,1,0.99330559,1,0.16607970,0.50915499,0.49896300,0.96389556,0.99330559
10862,0,0.01081361,0,0.16607970,0.02962800,0.03147989,0.01043561,0.01081361
9696,0,0.00975447,0,0.16607970,0.00652421,0.00725978,0.00000000,0.00975447
1702,1,0.90898365,1,0.16607970,0.15336186,0.15471251,0.69351592,0.90898365
6296,0,0.01477357,0,0.16607970,0.13685278,0.13854697,0.04210243,0.01477357
5598,0,0.04805074,0,0.16607970,0.23312917,0.23227093,0.16371944,0.04805074
9480,0,0.01415936,0,0.16607970,0.07400720,0.07639535,0.03778524,0.01415936
9721,0,0.01058388,0,0.16607970,0.12143581,0.12340065,0.00826076,0.01058388
1495,1,0.99177312,1,0.16607970,0.61393718,0.60123175,0.94308686,0.99177312
5462,0,0.01005181,0,0.16607970,0.04357474,0.04574214,0.00303873,0.01005181
5487,0,0.01046220,0,0.16607970,0.12065575,0.12263284,0.00708984,0.01046220
695,1,0.97685985,1,0.16607970,0.15514436,0.15645495,0.83794867,0.97685985
9177,0,0.00977256,0,0.16607970,0.04873665,0.05098041,0.00018751,0.00977256
9515,0,0.01550443,0,0.16607970,0.09043858,0.09276350,0.04701491,0.01550443
11012,0,0.01136418,0,0.16607970,0.15905752,0.16027832,0.01546728,0.01136418
5704,0,0.00980101,0,0.16607970,0.18660090,0.18712403,0.00048166,0.00980101
3229,0,0.00975447,0,0.16607970,0.00759965,0.00841777,0.00000000,0.00975447
7325,0,0.01236062,0,0.16607970,0.07673477,0.07911980,0.02398981,0.01236062
11187,0,0.01971768,0,0.16607970,0.75530615,0.74161668,0.07153102,0.01971768
10985,0,0.01254736,0,0.16607970,0.23518161,0.23425796,0.02551113,0.01254736
9409,0,0.00995858,0,0.16607970,0.08287852,0.08524539,0.00209569,0.00995858
8343,0,0.01056199,0,0.16607970,0.00474359,0.00532903,0.00805112,0.01056199
5103,0,0.01437453,0,0.16607970,0.28582246,0.28320379,0.03931827,0.01437453
4127,0,0.01472150,0,0.16607970,0.70857981,0.69482228,0.04174340,0.01472150
3053,0,0.01492701,0,0.16607970,0.07338682,0.07577524,0.04315335,0.01492701
11640,0,0.01030826,0,0.16607970,0.17595117,0.17675676,0.00558893,0.01030826
3243,0,0.00987364,0,0.16607970,0.03801775,0.04008030,0.00122876,0.00987364
7742,0,0.01390253,0,0.16607970,0.46438849,0.45556621,0.03592503,0.01390253
4711,0,0.01100653,0,0.16607970,0.04257443,0.04472477,0.01222697,0.01100653
9540,0,0.16335791,0,0.16607970,0.04364274,0.04581126,0.29926624,0.16335791
10210,0,0.01295343,0,0.16607970,0.07342271,0.07581112,0.02874369,0.01295343
3054,0,0.01243300,0,0.16607970,0.04375644,0.04592685,0.02458213,0.01243300
1118,1,0.99337233,1,0.16607970,0.50775918,0.49760771,0.96490629,0.99337233
10743,0,0.00991660,0,0.16607970,0.01185297,0.01295369,0.00166815,0.00991660
1895,1,0.92260405,1,0.16607970,0.17341896,0.17428946,0.71124858,0.92260405
7313,0,0.00980739,0,0.16607970,0.09557801,0.09786304,0.00054749,0.00980739
8949,0,0.02127605,0,0.16607970,0.04923860,0.05148880,0.07931206,0.02127605
7916,0,0.01224514,0,0.16607970,0.13204710,0.13383124,0.02303753,0.01224514
7797,0,0.04189542,0,0.16607970,0.17054645,0.17148949,0.14933852,0.04189542
383,1,0.99380076,1,0.16607970,0.28990051,0.28714017,0.97164527,0.99380076
4495,0,0.01175447,0,0.16607970,0.09275388,0.09506192,0.01889015,0.01175447
6249,0,0.00984420,0,0.16607970,0.10650366,0.10867622,0.00092661,0.00984420
1817,1,0.88942012,1,0.16607970,0.11740005,0.11942668,0.67182761,0.88942012
5550,0,0.00982357,0,0.16607970,0.00364619,0.00412846,0.00071429,0.00982357
5589,0,0.01047283,0,0.16607970,0.04976297,0.05201971,0.00719267,0.01047283
4445,0,0.01110874,0,0.16607970,0.10246902,0.10468729,0.01316347,0.01110874
6937,0,0.00977705,0,0.16607970,0.09840525,0.10066467,0.00023404,0.00977705
1614,1,0.97362059,1,0.16607970,0.07489216,0.07727965,0.82448858,0.97362059
7868,0,0.37947418,0,0.16607970,0.08907040,0.09140442,0.41365850,0.37947418
4062,0,0.01005918,0,0.16607970,0.06985946,0.07224616,0.00311295,0.01005918
497,1,0.99361310,1,0.16607970,0.23964697,0.23857993,0.96863832,0.99361310
11338,0,0.01033226,0,0.16607970,0.04181477,0.04395164,0.00582437,0.01033226
8631,0,0.03304500,0,0.16607970,0.55439795,0.54298267,0.12463982,0.03304500
2181,0,0.00995385,0,0.16607970,0.09247325,0.09478343,0.00204756,0.00995385
8646,0,0.00981862,0,0.16607970,0.01436754,0.01561005,0.00066334,0.00981862
7845,0,0.01354368,0,0.16607970,0.13444623,0.13618607,0.03326830,0.01354368
9231,0,0.03979233,0,0.16607970,0.17877261,0.17950482,0.14395846,0.03979233
6442,0,0.00977503,0,0.16607970,0.02642299,0.02817469,0.00021310,0.00977503
10144,0,0.01003204,0,0.16607970,0.03195981,0.03387729,0.00283953,0.01003204
6649,0,0.01040973,0,0.16607970,0.04399778,0.04617216,0.00658072,0.01040973
5317,0,0.01094003,0,0.16607970,0.05245314,0.05474065,0.01161297,0.01094003
3752,0,0.01000693,0,0.16607970,0.06430857,0.06668085,0.00258583,0.01000693
5891,0,0.00997541,0,0.16607970,0.06409259,0.06646400,0.00226659,0.00997541
6716,0,0.02471449,0,0.16607970,0.06777135,0.07015435,0.09467496,0.02471449
8456,0,0.01040353,0,0.16607970,0.03692619,0.03896512,0.00652043,0.01040353
10058,0,0.01368091,0,0.16607970,0.07286861,0.07525713,0.03429240,0.01368091
11196,0,0.01877277,0,0.16607970,0.21054707,0.21038576,0.06651398,0.01877277
3742,0,0.01207875,0,0.16607970,0.08326818,0.08563340,0.02164987,0.01207875
3150,0,0.01037340,0,0.16607970,0.05691275,0.05924144,0.00622677,0.01037340
9131,0,0.00976488,0,0.16607970,0.04911754,0.05136620,0.00010796,0.00976488
9854,0,0.01818716,0,0.16607970,0.06627456,0.06865364,0.06327880,0.01818716
10421,0,0.01718011,0,0.16607970,0.15608512,0.15737436,0.05746848,0.01718011
7627,0,0.01087632,0,0.16607970,0.18117021,0.18183922,0.01102135,0.01087632
958,1,0.99263365,1,0.16607970,0.25830460,0.25662420,0.95424401,0.99263365
9882,0,0.01001384,0,0.16607970,0.01096728,0.01201405,0.00265576,0.01001384
3967,0,0.01068979,0,0.16607970,0.18064422,0.18132717,0.00926914,0.01068979
9332,0,0.01311613,0,0.16607970,0.30460803,0.30133256,0.03001087,0.01311613
7713,0,0.04263202,0,0.16607970,0.62637231,0.61345194,0.15116195,0.04263202
7774,0,0.00981078,0,0.16607970,0.06650040,0.06888014,0.00058254,0.00981078
576,1,0.02796003,0,0.16607970,0.35983488,0.35459569,0.10737192,0.02796003
4104,0,0.00976218,0,0.16607970,0.01181716,0.01291574,0.00008000,0.00976218
5921,0,0.01056042,0,0.16607970,0.07353805,0.07592642,0.00803603,0.01056042
4177,0,0.01006455,0,0.16607970,0.05100405,0.05327556,0.00316693,0.01006455
9928,0,0.01144280,0,0.16607970,0.04898834,0.05123536,0.01616599,0.01144280
6828,0,0.01006752,0,0.16607970,0.06874449,0.07112947,0.00319688,0.01006752
11978,0,0.01201596,0,0.16607970,0.44230544,0.43420457,0.02112126,0.01201596
1998,0,0.01298317,0,0.16607970,0.04898108,0.05122800,0.02897646,0.01298317
5345,0,0.01001710,0,0.16607970,0.13423402,0.13597783,0.00268868,0.01001710
6962,0,0.01881567,0,0.16607970,0.06476721,0.06714125,0.06674708,0.01881567
11892,0,0.01422145,0,0.16607970,0.17575301,0.17656370,0.03822994,0.01422145
10778,0,0.02329277,0,0.16607970,0.19628926,0.19654314,0.08859265,0.02329277
11596,0,0.01579885,0,0.16607970,0.05943346,0.06178032,0.04892975,0.01579885
8230,0,0.01100365,0,0.16607970,0.02770845,0.02950179,0.01220038,0.01100365
2450,0,0.01405254,0,0.16607970,0.17174602,0.17265891,0.03701559,0.01405254
5989,0,0.02155712,0,0.16607970,0.23624002,0.23528251,0.08065584,0.02155712
5728,0,0.01660913,0,0.16607970,0.06738980,0.06977191,0.05402367,0.01660913
8576,0,0.06903554,0,0.16607970,0.07794917,0.08033181,0.20226072,0.06903554
9665,0,0.01035303,0,0.16607970,0.07389972,0.07628793,0.00602774,0.01035303
11221,0,0.01391999,0,0.16607970,0.06495287,0.06732759,0.03605258,0.01391999
8019,0,0.01250204,0,0.16607970,0.16944610,0.17041661,0.02514400,0.01250204
11811,0,0.01015191,0,0.16607970,0.12502855,0.12693509,0.00404182,0.01015191
2276,0,0.00981305,0,0.16607970,0.05577903,0.05809837,0.00060587,0.00981305
4965,0,0.02138957,0,0.16607970,0.03403553,0.03600666,0.07985686,0.02138957
1644,1,0.99208893,1,0.16607970,0.54632500,0.53511425,0.94704079,0.99208893
560,1,0.99490355,1,0.16607970,0.40787347,0.40094263,0.99138321,0.99490355
8564,0,0.01500487,0,0.16607970,0.11512879,0.11718842,0.04368252,0.01500487
843,1,0.99281030,1,0.16607970,0.24874611,0.24738266,0.95669385,0.99281030
8516,0,0.03630744,0,0.16607970,0.15639355,0.15767576,0.13441225,0.03630744
4359,0,0.01051652,0,0.16607970,0.04588270,0.04808659,0.00761419,0.01051652
10683,0,0.01022576,0,0.16607970,0.08394789,0.08631009,0.00477552,0.01022576
11909,0,0.01017159,0,0.16607970,0.10433362,0.10653135,0.00423778,0.01017159
4588,0,0.00980801,0,0.16607970,0.00234653,0.00269190,0.00055393,0.00980801
7914,0,0.02132012,0,0.16607970,0.05127497,0.05354958,0.07952388,0.02132012
11496,0,0.01663017,0,0.16607970,0.21776150,0.21738238,0.05415262,0.01663017
11832,0,0.01391352,0,0.16607970,0.02202628,0.02361925,0.03600530,0.01391352
1113,1,0.99347893,1,0.16607970,0.23065060,0.22987093,0.96654163,0.99347893
11062,0,0.00983418,0,0.16607970,0.05387617,0.05617812,0.00082354,0.00983418
11616,0,0.01015672,0,0.16607970,0.02936389,0.03120797,0.00408967,0.01015672
10167,0,0.01029355,0,0.16607970,0.01464804,0.01590541,0.00544444,0.01029355
6694,0,0.01166651,0,0.16607970,0.04287322,0.04502873,0.01812862,0.01166651
9889,0,0.00989661,0,0.16607970,0.08339012,0.08575482,0.00146391,0.00989661
9987,0,0.00975447,0,0.16607970,0.00105557,0.00123987,0.00000000,0.00975447
2106,0,0.04277972,0,0.16607970,0.70675305,0.69300170,0.15152392,0.04277972
1968,1,0.99442314,1,0.16607970,0.20285605,0.20292135,0.98230900,0.99442314
6331,0,0.01231475,0,0.16607970,0.14387066,0.14542509,0.02361260,0.01231475
9187,0,0.01717840,0,0.16607970,0.16151699,0.16268006,0.05745834,0.01717840
9158,0,0.02331640,0,0.16607970,0.61017421,0.59753784,0.08869669,0.02331640
1345,1,0.01299650,0,0.16607970,0.00904730,0.00996871,0.02908067,0.01299650
10799,0,0.01052220,0,0.16607970,0.31943732,0.31563738,0.00766887,0.01052220
2686,0,0.01030218,0,0.16607970,0.08568385,0.08803757,0.00552920,0.01030218
7681,0,0.01145127,0,0.16607970,0.06986253,0.07224924,0.01624097,0.01145127
1648,1,0.99273716,1,0.16607970,0.64414289,0.63095225,0.95567233,0.99273716
8712,0,0.00982419,0,0.16607970,0.02780131,0.02959758,0.00072072,0.00982419
3520,0,0.04674712,0,0.16607970,0.14874186,0.15019374,0.16082642,0.04674712
40,1,0.98704466,1,0.16607970,0.15287366,0.15423518,0.89710835,0.98704466
8753,0,0.01083079,0,0.16607970,0.01983778,0.02134123,0.01059640,0.01083079
5717,0,0.01141737,0,0.16607970,0.04151140,0.04364276,0.01594047,0.01141737
636,1,0.99497019,1,0.16607970,0.36321328,0.35785385,0.99270880,0.99497019
2383,0,0.01750346,0,0.16607970,0.22882295,0.22810091,0.05936976,0.01750346
829,1,0.79715947,1,0.16607970,0.21283525,0.21260539,0.60006675,0.79715947
9517,0,0.01714262,0,0.16607970,0.21320861,0.21296751,0.05724579,0.01714262
702,1,0.99339101,1,0.16607970,0.36432638,0.35892735,0.96519096,0.99339101
10568,0,0.02044260,0,0.16607970,0.48439505,0.47494369,0.07522279,0.02044260
8322,0,0.01071839,0,0.16607970,0.06868912,0.07107400,0.00953972,0.01071839
257,1,0.99474878,1,0.16607970,0.26075803,0.25899544,0.98837023,0.99474878
2864,0,0.01147028,0,0.16607970,0.07223122,0.07461969,0.01640913,0.01147028
3869,0,0.03977035,0,0.16607970,0.44953856,0.44119856,0.14390080,0.03977035
7169,0,0.01374290,0,0.16607970,0.02329130,0.02493268,0.03475170,0.01374290
2761,0,0.01340805,0,0.16607970,0.06121349,0.06357108,0.03224608,0.01340805
6259,0,0.00988226,0,0.16607970,0.05390871,0.05621097,0.00131708,0.00988226
6607,0,0.00998262,0,0.16607970,0.06528398,0.06765987,0.00233967,0.00998262
9791,0,0.01124788,0,0.16607970,0.06986793,0.07225464,0.01442478,0.01124788
7338,0,0.02735328,0,0.16607970,0.47330197,0.46419630,0.10511110,0.02735328
1330,1,0.99484037,1,0.16607970,0.58143807,0.56938670,0.99014242,0.99484037
8627,0,0.01269784,0,0.16607970,0.27521675,0.27296366,0.02672093,0.01269784
11376,0,0.01118612,0,0.16607970,0.02302905,0.02466058,0.01386677,0.01118612
5225,0,0.00984766,0,0.16607970,0.05997756,0.06232788,0.00096217,0.00984766
11661,0,0.01350985,0,0.16607970,0.46662845,0.45773450,0.03301433,0.01350985
7715,0,0.01425369,0,0.16607970,0.21267017,0.21244527,0.03846011,0.01425369
9089,0,0.00982635,0,0.16607970,0.05279616,0.05508727,0.00074292,0.00982635
10473,0,0.01716613,0,0.16607970,0.22749569,0.22681534,0.05738548,0.01716613
10380,0,0.00981713,0,0.16607970,0.19401469,0.19433277,0.00064794,0.00981713
4730,0,0.01266518,0,0.16607970,0.18966574,0.19010490,0.02645959,0.01266518
202,1,0.97729705,1,0.16607970,0.19047894,0.19089563,0.83990471,0.97729705
6727,0,0.01029770,0,0.16607970,0.06483173,0.06720601,0.00548519,0.01029770
8940,0,0.01134873,0,0.16607970,0.08516461,0.08752099,0.01532939,0.01134873
410,1,0.92799677,1,0.16607970,0.14680979,0.14830287,0.71906911,0.92799677
175,1,0.01013671,0,0.16607970,0.15782549,0.15907483,0.00389007,0.01013671
9975,0,0.01066542,0,0.16607970,0.05406136,0.05636509,0.00903796,0.01066542
8485,0,0.01000846,0,0.16607970,0.13307020,0.13483559,0.00260132,0.01000846
3800,0,0.01058674,0,0.16607970,0.11846002,0.12047082,0.00828811,0.01058674
5601,0,0.01071775,0,0.16607970,0.10992205,0.11205226,0.00953371,0.01071775
9257,0,0.00993131,0,0.16607970,0.00930217,0.01024094,0.00181818,0.00993131
7334,0,0.01061832,0,0.16607970,0.14941496,0.15085233,0.00858974,0.01061832
7090,0,0.00981286,0,0.16607970,0.07462090,0.07700862,0.00060392,0.00981286
8510,0,0.01033434,0,0.16607970,0.16930876,0.17028268,0.00584477,0.01033434
1878,1,0.99490779,1,0.16607970,0.35289971,0.34790764,0.99146715,0.99490779
8898,0,0.01400783,0,0.16607970,0.25980924,0.25807847,0.03669179,0.01400783
11498,0,0.02554245,0,0.16607970,0.07043184,0.07281920,0.09806177,0.02554245
11524,0,0.01149775,0,0.16607970,0.17228994,0.17318909,0.01665155,0.01149775
10766,0,0.01293466,0,0.16607970,0.49035718,0.48072342,0.02859650,0.01293466
10529,0,0.02221351,0,0.16607970,0.05378340,0.05608444,0.08372841,0.02221351
3819,0,0.01166729,0,0.16607970,0.02119006,0.02274971,0.01813541,0.01166729
4530,0,0.01314308,0,0.16607970,0.03368521,0.03564759,0.03021929,0.01314308
7140,0,0.01340825,0,0.16607970,0.39518041,0.38869155,0.03224758,0.01340825
1074,1,0.99223914,1,0.16607970,0.51627192,0.50587569,0.94897678,0.99223914
5609,0,0.01103353,0,0.16607970,0.29505653,0.29211630,0.01247518,0.01103353
642,1,0.99492080,1,0.16607970,0.41003381,0.40302824,0.99172469,0.99492080
4493,0,0.01071478,0,0.16607970,0.02074256,0.02228394,0.00950565,0.01071478
5264,0,0.02691493,0,0.16607970,0.68322673,0.66960917,0.10344724,0.02691493
7892,0,0.01007769,0,0.16607970,0.05953636,0.06188388,0.00329900,0.01007769
8758,0,0.01109803,0,0.16607970,0.05599208,0.05831323,0.01306569,0.01109803
7001,0,0.01128157,0,0.16607970,0.03557099,0.03757911,0.01472788,0.01128157
5422,0,0.27750753,0,0.16607970,0.05587613,0.05819630,0.36705900,0.27750753
9381,0,0.01008111,0,0.16607970,0.01600886,0.01733589,0.00333333,0.01008111
5726,0,0.00992096,0,0.16607970,0.17301194,0.17389279,0.00171264,0.00992096
9168,0,0.00996151,0,0.16607970,0.13561518,0.13733299,0.00212546,0.00996151
10624,0,0.01317514,0,0.16607970,0.20612396,0.20609371,0.03046664,0.01317514
5079,0,0.01065443,0,0.16607970,0.15459248,0.15591553,0.00893357,0.01065443
8027,0,0.01004860,0,0.16607970,0.00742338,0.00822833,0.00300644,0.01004860
11626,0,0.01067675,0,0.16607970,0.25170082,0.25023997,0.00914548,0.01067675
8850,0,0.01089443,0,0.16607970,0.01061891,0.01164382,0.01118985,0.01089443
5216,0,0.01561975,0,0.16607970,0.66979424,0.65629595,0.04776913,0.01561975
143,1,0.99394526,1,0.16607970,0.34742372,0.34262693,0.97402306,0.99394526
10750,0,0.01051025,0,0.16607970,0.12410875,0.12603050,0.00755380,0.01051025
6422,0,0.01257386,0,0.16607970,0.15437721,0.15570511,0.02572524,0.01257386
6860,0,0.02472477,0,0.16607970,0.14682821,0.14832091,0.09471770,0.02472477
2178,0,0.03291032,0,0.16607970,0.36885702,0.36329698,0.12421665,0.03291032
8977,0,0.01860215,0,0.16607970,0.11322709,0.11531333,0.06558174,0.01860215
11176,0,0.02171704,0,0.16607970,0.03032905,0.03220127,0.08141275,0.02171704
10231,0,0.01008116,0,0.16607970,0.01814325,0.01957194,0.00333383,0.01008116
3639,0,0.01032842,0,0.16607970,0.05008576,0.05234644,0.00578677,0.01032842
6789,0,0.04115886,0,0.16607970,0.09706104,0.09933296,0.14748429,0.04115886
6483,0,0.01021089,0,0.16607970,0.02077979,0.02232270,0.00462816,0.01021089
7363,0,0.02068954,0,0.16607970,0.21712158,0.21676198,0.07645114,0.02068954
338,1,0.99271508,1,0.16607970,0.26865173,0.26662259,0.95536595,0.99271508
1700,1,0.96281074,1,0.16607970,0.12462621,0.12653942,0.78895857,0.96281074
10712,0,0.01030012,0,0.16607970,0.01342895,0.01462038,0.00550895,0.01030012
11572,0,0.02201746,0,0.16607970,0.82500340,0.81236998,0.08282011,0.02201746
1033,1,0.99360009,1,0.16607970,0.52580545,0.51514220,0.96843301,0.99360009
652,1,0.99382675,1,0.16607970,0.28917778,0.28644259,0.97206887,0.99382675
8698,0,0.01620672,0,0.16607970,0.04347599,0.04564174,0.05152515,0.01620672
4358,0,0.00997708,0,0.16607970,0.03649250,0.03852175,0.00228347,0.00997708
3339,0,0.01109276,0,0.16607970,0.00478993,0.00537952,0.01301759,0.01109276
6028,0,0.01531579,0,0.16607970,0.16414037,0.16524080,0.04576916,0.01531579
10216,0,0.01029026,0,0.16607970,0.05934886,0.06169516,0.00541201,0.01029026
3669,0,0.00997306,0,0.16607970,0.01423727,0.01547281,0.00224277,0.00997306
7165,0,0.01038958,0,0.16607970,0.02762558,0.02941630,0.00638457,0.01038958
4931,0,0.00999430,0,0.16607970,0.03015756,0.03202485,0.00245808,0.00999430
9115,0,0.03205200,0,0.16607970,0.53343455,0.52256326,0.12147989,0.03205200
10729,0,0.00981038,0,0.16607970,0.03465043,0.03663664,0.00057832,0.00981038
5862,0,0.01216089,0,0.16607970,0.02882904,0.03065707,0.02233724,0.01216089
8987,0,0.01003013,0,0.16607970,0.01401456,0.01523810,0.00282022,0.01003013
8407,0,0.04446099,0,0.16607970,0.47786846,0.46861952,0.15556248,0.04446099
1911,1,0.99493365,1,0.16607970,0.41483780,0.40766660,0.99197980,0.99493365
3426,0,0.02056099,0,0.16607970,0.18745931,0.18795903,0.07581346,0.02056099
2621,0,0.01000630,0,0.16607970,0.02973318,0.03158815,0.00257950,0.01000630
10482,0,0.03067602,0,0.16607970,0.40435979,0.39755082,0.11694107,0.03067602
8693,0,0.00999165,0,0.16607970,0.19652991,0.19677696,0.00243116,0.00999165
7838,0,0.01588669,0,0.16607970,0.01486361,0.01613229,0.04949421,0.01588669
8421,0,0.01371959,0,0.16607970,0.10595112,0.10813021,0.03457921,0.01371959
4153,0,0.01021971,0,0.16607970,0.01570358,0.01701532,0.00471559,0.01021971
7957,0,0.01247263,0,0.16607970,0.11141200,0.11352274,0.02490503,0.01247263
10688,0,0.00976310,0,0.16607970,0.02227598,0.02387869,0.00008950,0.00976310
10968,0,0.01331972,0,0.16607970,0.60515609,0.59261461,0.03157482,0.01331972
4281,0,0.01021608,0,0.16607970,0.06679648,0.06917705,0.00467965,0.01021608
2121,0,0.00976986,0,0.16607970,0.00944783,0.01039641,0.00015957,0.00976986
9481,0,0.01445553,0,0.16607970,0.05643307,0.05875790,0.03988953,0.01445553
7078,0,0.01005351,0,0.16607970,0.00694315,0.00771152,0.00305590,0.01005351
9509,0,0.01157479,0,0.16607970,0.25348269,0.25196285,0.01732850,0.01157479
6837,0,0.00997220,0,0.16607970,0.11772076,0.11974263,0.00223396,0.00997220
4794,0,0.01488775,0,0.16607970,0.63124040,0.61824157,0.04288544,0.01488775
3814,0,0.01214187,0,0.16607970,0.23709847,0.23611344,0.02217850,0.01214187
8722,0,0.01085687,0,0.16607970,0.05850140,0.06084196,0.01083996,0.01085687
319,1,0.99498631,1,0.16607970,0.36940335,0.36382391,0.99303201,0.99498631
2235,0,0.00985583,0,0.16607970,0.04690553,0.04912436,0.00104605,0.00985583
7950,0,0.01307403,0,0.16607970,0.04665515,0.04887039,0.02968445,0.01307403
11025,0,0.01807032,0,0.16607970,0.01964733,0.02114262,0.06262107,0.01807032
10642,0,0.03691463,0,0.16607970,0.64050656,0.62736755,0.13613718,0.03691463
3992,0,0.02086460,0,0.16607970,0.58846406,0.57626056,0.07731329,0.02086460
3568,0,0.01108933,0,0.16607970,0.11024252,0.11236859,0.01298629,0.01108933
10896,0,0.00995975,0,0.16607970,0.01945218,0.02093906,0.00210753,0.00995975
10828,0,0.01064494,0,0.16607970,0.05954451,0.06189209,0.00884336,0.01064494
1224,1,0.99500312,1,0.16607970,0.35215293,0.34718749,0.99337018,0.99500312
11286,0,0.01148197,0,0.16607970,0.40511290,0.39827777,0.01651238,0.01148197
10664,0,0.01409342,0,0.16607970,0.01639810,0.01774433,0.03731085,0.01409342
3270,0,0.00980333,0,0.16607970,0.06525683,0.06763263,0.00050565,0.00980333
1585,1,0.99236293,1,0.16607970,0.24229887,0.24114601,0.95060039,0.99236293
9706,0,0.01421491,0,0.16607970,0.15181964,0.15320450,0.03818320,0.01421491
1054,1,0.99320533,1,0.16607970,0.28621738,0.28358501,0.96239593,0.99320533
1864,1,0.99493654,1,0.16607970,0.68165558,0.66805041,0.99203731,0.99493654
1032,1,0.98833510,1,0.16607970,0.30673672,0.30338623,0.90775236,0.98833510
4471,0,0.01274802,0,0.16607970,0.16339605,0.16451436,0.02712119,0.01274802
11441,0,0.00977554,0,0.16607970,0.01590613,0.01722803,0.00021842,0.00977554
8736,0,0.01033500,0,0.16607970,0.19836096,0.19855585,0.00585124,0.01033500
11324,0,0.01054409,0,0.16607970,0.05828786,0.06062690,0.00787933,0.01054409
7587,0,0.00985059,0,0.16607970,0.05364774,0.05594746,0.00099233,0.00985059
336,1,0.96531260,1,0.16607970,0.10334653,0.10555526,0.79619667,0.96531260
2827,0,0.01119904,0,0.16607970,0.19547792,0.19575477,0.01398380,0.01119904
1461,1,0.98398723,1,0.16607970,0.19129293,0.19168705,0.87556791,0.98398723
6276,0,0.01056180,0,0.16607970,0.03311580,0.03506369,0.00804924,0.01056180
7066,0,0.01867198,0,0.16607970,0.02908456,0.03092030,0.06596427,0.01867198
9656,0,0.01059779,0,0.16607970,0.02371937,0.02537661,0.00839374,0.01059779
1705,1,0.01190230,0,0.16607970,0.08387420,0.08623674,0.02015747,0.01190230
5183,0,0.01042675,0,0.16607970,0.04053485,0.04264799,0.00674617,0.01042675
3753,0,0.01387307,0,0.16607970,0.50334562,0.49332331,0.03570950,0.01387307
9423,0,0.01057393,0,0.16607970,0.33855360,0.33407320,0.00816548,0.01057393
10018,0,0.01057723,0,0.16607970,0.08531696,0.08767257,0.00819709,0.01057723
8617,0,0.00986439,0,0.16607970,0.22777659,0.22708742,0.00113398,0.00986439
622,1,0.99378152,1,0.16607970,0.29883203,0.29575957,0.97133286,0.99378152
896,1,0.98922160,1,0.16607970,0.51784989,0.50740893,0.91576172,0.98922160
5705,0,0.01285326,0,0.16607970,0.11721017,0.11923961,0.02795567,0.01285326
689,1,0.99185231,1,0.16607970,0.30318440,0.29995905,0.94406404,0.99185231
11293,0,0.01000988,0,0.16607970,0.12300865,0.12494834,0.00261565,0.01000988
5219,0,0.02546557,0,0.16607970,0.60657312,0.59400452,0.09775184,0.02546557
10416,0,0.01081932,0,0.16607970,0.18888516,0.18934582,0.01048904,0.01081932
4984,0,0.01185499,0,0.16607970,0.05168422,0.05396341,0.01975361,0.01185499
7337,0,0.01721214,0,0.16607970,0.27863272,0.27626236,0.05765836,0.01721214
11787,0,0.00982890,0,0.16607970,0.00704489,0.00782110,0.00076923,0.00982890
5997,0,0.01845955,0,0.16607970,0.31383156,0.31023035,0.06479610,0.01845955
6883,0,0.01295612,0,0.16607970,0.19794454,0.19815133,0.02876475,0.01295612
3369,0,0.01079564,0,0.16607970,0.04335509,0.04551880,0.01026712,0.01079564
6989,0,0.00981173,0,0.16607970,0.17156738,0.17248477,0.00059234,0.00981173
3642,0,0.01358916,0,0.16607970,0.09181937,0.09413444,0.03360883,0.01358916
8976,0,0.01082807,0,0.16607970,0.10695787,0.10912499,0.01057097,0.01082807
5822,0,0.01463619,0,0.16607970,0.21154692,0.21135572,0.04115240,0.01463619
8174,0,0.01076358,0,0.16607970,0.09199812,0.09431187,0.00996586,0.01076358
10009,0,0.01104597,0,0.16607970,0.06990323,0.07228998,0.01258929,0.01104597
10281,0,0.01031885,0,0.16607970,0.17062781,0.17156881,0.00569290,0.01031885
2445,0,0.01071798,0,0.16607970,0.08812451,0.09046445,0.00953585,0.01071798
10348,0,0.01168110,0,0.16607970,0.21424976,0.21397727,0.01825535,0.01168110
10007,0,0.00978992,0,0.16607970,0.09688122,0.09915476,0.00036715,0.00978992
3218,0,0.01069309,0,0.16607970,0.09809210,0.10035448,0.00930042,0.01069309
4549,0,0.01111881,0,0.16607970,0.00579133,0.00646735,0.01325525,0.01111881
9658,0,0.01207335,0,0.16607970,0.06718223,0.06956382,0.02160449,0.01207335
3592,0,0.01169659,0,0.16607970,0.17429594,0.17514406,0.01838972,0.01169659
10229,0,0.01111228,0,0.16607970,0.18536892,0.18592547,0.01319572,0.01111228
11869,0,0.01094375,0,0.16607970,0.07416856,0.07655661,0.01164745,0.01094375
1154,1,0.99476553,1,0.16607970,0.27234358,0.27018874,0.98869190,0.99476553
1807,1,0.99451892,1,0.16607970,0.46610559,0.45722834,0.98405435,0.99451892
2080,0,0.00977256,0,0.16607970,0.03818681,0.04025294,0.00018751,0.00977256
11421,0,0.01036696,0,0.16607970,0.15790496,0.15915247,0.00616384,0.01036696
1100,1,0.99478261,1,0.16607970,0.35367777,0.34865796,0.98902124,0.99478261
5410,0,0.01683327,0,0.16607970,0.20218860,0.20227328,0.05538962,0.01683327
6779,0,0.00989971,0,0.16607970,0.01106493,0.01211776,0.00149560,0.00989971
5587,0,0.01408960,0,0.16607970,0.11747128,0.11949686,0.03728327,0.01408960
11036,0,0.01078924,0,0.16607970,0.03572365,0.03773532,0.01020707,0.01078924
6849,0,0.00979314,0,0.16607970,0.06010528,0.06245639,0.00040043,0.00979314
4494,0,0.01164249,0,0.16607970,0.00146176,0.00170056,0.01791967,0.01164249
8388,0,0.01004693,0,0.16607970,0.08297284,0.08533932,0.00298963,0.01004693
5498,0,0.00980513,0,0.16607970,0.06042354,0.06277658,0.00052419,0.00980513
588,1,0.99479279,1,0.16607970,0.40009837,0.39343771,0.98921785,0.99479279
4955,0,0.01083238,0,0.16607970,0.19345906,0.19379273,0.01061122,0.01083238
5710,0,0.01294058,0,0.16607970,0.06722526,0.06960696,0.02864290,0.01294058
5646,0,0.01877502,0,0.16607970,0.41860718,0.41130660,0.06652618,0.01877502
3125,0,0.03376332,0,0.16607970,0.03753262,0.03958480,0.12686899,0.03376332
5423,0,0.00996386,0,0.16607970,0.01525359,0.01654245,0.00214929,0.00996386
11328,0,0.01340790,0,0.16607970,0.31006495,0.30659697,0.03224499,0.01340790
2845,0,0.01201246,0,0.16607970,0.05570306,0.05802174,0.02109170,0.01201246
6177,0,0.01006751,0,0.16607970,0.04367723,0.04584633,0.00319674,0.01006751
7392,0,0.01011773,0,0.16607970,0.03211429,0.03403591,0.00370037,0.01011773
8278,0,0.01729624,0,0.16607970,0.07728523,0.07966925,0.05815532,0.01729624
96,1,0.98253667,1,0.16607970,0.63168465,0.61867882,0.86673130,0.98253667
11733,0,0.01532561,0,0.16607970,0.23224876,0.23141849,0.04583439,0.01532561
1908,1,0.99013155,1,0.16607970,0.40969621,0.40270230,0.92469143,0.99013155
3762,0,0.01301924,0,0.16607970,0.09292250,0.09522924,0.02925815,0.01301924
8258,0,0.01133441,0,0.16607970,0.04169689,0.04383162,0.01520136,0.01133441
9607,0,0.00975447,0,0.16607970,0.04193264,0.04407163,0.00000000,0.00975447
7525,0,0.01169913,0,0.16607970,0.04304891,0.04520743,0.01841174,0.01169913
2029,0,0.01047387,0,0.16607970,0.07033538,0.07272264,0.00720269,0.01047387
4703,0,0.01011899,0,0.16607970,0.04352262,0.04568914,0.00371303,0.01011899
10324,0,0.00976763,0,0.16607970,0.05101014,0.05328173,0.00013650,0.00976763
5479,0,0.01261375,0,0.16607970,0.15654558,0.15782432,0.02604664,0.01261375
10875,0,0.01196900,0,0.16607970,0.10754266,0.10970268,0.02072413,0.01196900
939,1,0.99490772,1,0.16607970,0.36089926,0.35562218,0.99146575,0.99490772
5747,0,0.03302155,0,0.16607970,0.44374894,0.43560014,0.12456626,0.03302155
527,1,0.99434376,1,0.16607970,0.58574736,0.57360201,0.98088487,0.99434376
671,1,0.99301451,1,0.16607970,0.31480687,0.31117112,0.95960159,0.99301451
1635,1,0.99192466,1,0.16607970,0.62072164,0.60789639,0.94496495,0.99192466
2154,0,0.00980258,0,0.16607970,0.03619323,0.03821570,0.00049793,0.00980258
1177,1,0.99422553,1,0.16607970,0.34602868,0.34128166,0.97880007,0.99422553
1825,1,0.99493428,1,0.16607970,0.63000475,0.61702552,0.99199240,0.99493428
10580,0,0.01058501,0,0.16607970,0.11363066,0.11571133,0.00827159,0.01058501
7560,0,0.01065399,0,0.16607970,0.02100663,0.02255883,0.00892934,0.01065399
1499,1,0.97871141,1,0.16607970,0.08566756,0.08802137,0.84649464,0.97871141
2601,0,0.00975635,0,0.16607970,0.04067719,0.04279304,0.00001957,0.00975635
7339,0,0.01052053,0,0.16607970,0.05598812,0.05830924,0.00765282,0.01052053
5749,0,0.01017768,0,0.16607970,0.18827647,0.18875383,0.00429842,0.01017768
7514,0,0.01643257,0,0.16607970,0.16562434,0.16668886,0.05293485,0.01643257
5751,0,0.00984881,0,0.16607970,0.04750876,0.04973606,0.00097402,0.00984881
10217,0,0.01028112,0,0.16607970,0.07016117,0.07254823,0.00532205,0.01028112
7530,0,0.01386228,0,0.16607970,0.14136475,0.14297019,0.03563043,0.01386228
2876,0,0.01037717,0,0.16607970,0.08228628,0.08465555,0.00626352,0.01037717
4286,0,0.01162642,0,0.16607970,0.05732288,0.05965477,0.01777969,0.01162642
7775,0,0.01053064,0,0.16607970,0.22453045,0.22394271,0.00775008,0.01053064
4434,0,0.00978221,0,0.16607970,0.14249675,0.14407930,0.00028737,0.00978221
7178,0,0.01283006,0,0.16607970,0.02484360,0.02654130,0.02777231,0.01283006
5376,0,0.01012294,0,0.16607970,0.13001932,0.13183993,0.00375254,0.01012294
10188,0,0.01211876,0,0.16607970,0.13071632,0.13252450,0.02198525,0.01211876
6879,0,0.00998953,0,0.16607970,0.12108592,0.12305627,0.00240977,0.00998953
1691,1,0.98310303,1,0.16607970,0.22737406,0.22669752,0.87009249,0.98310303
5629,0,0.01397123,0,0.16607970,0.38694860,0.38074868,0.03642589,0.01397123
8634,0,0.01816257,0,0.16607970,0.05937799,0.06172448,0.06314073,0.01816257
2771,0,0.01840559,0,0.16607970,0.32249490,0.31858636,0.06449731,0.01840559
1631,1,0.99499983,1,0.16607970,0.37397532,0.36823369,0.99330396,0.99499983
11979,0,0.01137755,0,0.16607970,0.10197803,0.10420153,0.01558641,0.01137755
11505,0,0.24452187,0,0.16607970,0.66431564,0.65087446,0.34990654,0.24452187
7157,0,0.02054265,0,0.16607970,0.15812357,0.15936603,0.07572218,0.02054265
11803,0,0.01124097,0,0.16607970,0.00702772,0.00780261,0.01436251,0.01124097
3769,0,0.01014483,0,0.16607970,0.07380535,0.07619361,0.00397112,0.01014483
8995,0,0.01537604,0,0.16607970,0.09539969,0.09768625,0.04616867,0.01537604
587,1,0.99212847,1,0.16607970,0.14035781,0.14198341,0.94754695,0.99212847
7579,0,0.00980278,0,0.16607970,0.03596641,0.03798369,0.00050000,0.00980278
10419,0,0.01218759,0,0.16607970,0.09662402,0.09889987,0.02255970,0.01218759
9947,0,0.01150898,0,0.16607970,0.22052785,0.22006395,0.01675055,0.01150898
10726,0,0.01009415,0,0.16607970,0.02032633,0.02185043,0.00346426,0.01009415
1627,1,0.98827250,1,0.16607970,0.21897307,0.21855691,0.90720973,0.98827250
6633,0,0.01206178,0,0.16607970,0.07231756,0.07470605,0.02150728,0.01206178
8353,0,0.02632660,0,0.16607970,0.18050393,0.18119058,0.10117221,0.02632660
5538,0,0.01920674,0,0.16607970,0.11494568,0.11700791,0.06884818,0.01920674
8344,0,0.01002381,0,0.16607970,0.00613661,0.00684104,0.00275641,0.01002381
10455,0,0.02211120,0,0.16607970,0.16443615,0.16552945,0.08325542,0.02211120
3987,0,0.00979596,0,0.16607970,0.09370228,0.09600289,0.00042958,0.00979596
2433,0,0.00976503,0,0.16607970,0.03706358,0.03910555,0.00010949,0.00976503
9591,0,0.01038408,0,0.16607970,0.06187986,0.06424103,0.00633094,0.01038408
6775,0,0.09207433,0,0.16607970,0.06201420,0.06437607,0.23362576,0.09207433
9093,0,0.01666914,0,0.16607970,0.18859628,0.18906487,0.05439114,0.01666914
9081,0,0.01029444,0,0.16607970,0.02999402,0.03185659,0.00545317,0.01029444
4554,0,0.01343972,0,0.16607970,0.06167397,0.06403406,0.03248569,0.01343972
5019,0,0.01134925,0,0.16607970,0.11841888,0.12043030,0.01533401,0.01134925
5910,0,0.01525316,0,0.16607970,0.42623662,0.41867580,0.04535222,0.01525316
6661,0,0.06543953,0,0.16607970,0.01958809,0.02108083,0.19651440,0.06543953
5326,0,0.06359155,0,0.16607970,0.40771726,0.40079183,0.19344622,0.06359155
3295,0,0.01116329,0,0.16607970,0.03479759,0.03678736,0.01365981,0.01116329
10698,0,0.01027544,0,0.16607970,0.01363856,0.01484158,0.00526618,0.01027544
10793,0,0.03360780,0,0.16607970,0.67609580,0.66253783,0.12639027,0.03360780
3232,0,0.01527602,0,0.16607970,0.16167522,0.16283454,0.04550459,0.01527602
10905,0,0.00995595,0,0.16607970,0.04578623,0.04798867,0.00206894,0.00995595
4300,0,0.00995485,0,0.16607970,0.00507941,0.00569464,0.00205776,0.00995485
4121,0,0.01201135,0,0.16607970,0.02160695,0.02318334,0.02108237,0.01201135
2322,0,0.01040576,0,0.16607970,0.06746592,0.06984821,0.00654215,0.01040576
7869,0,0.00984733,0,0.16607970,0.01321728,0.01439690,0.00095882,0.00984733
9571,0,0.02730981,0,0.16607970,0.26645099,0.26449647,0.10494728,0.02730981
736,1,0.99333528,1,0.16607970,0.24856217,0.24720476,0.96434396,0.99333528
5791,0,0.01005744,0,0.16607970,0.03393907,0.03590780,0.00309543,0.01005744
3448,0,0.01962921,0,0.16607970,0.01406050,0.01528653,0.07107141,0.01962921
2246,0,0.01008904,0,0.16607970,0.06349634,0.06586524,0.00341292,0.01008904
11247,0,0.01049802,0,0.16607970,0.01666644,0.01802573,0.00743590,0.01049802
2566,0,0.06154299,0,0.16607970,0.10193880,0.10416272,0.18994635,0.06154299
3002,0,0.00984386,0,0.16607970,0.06666273,0.06904293,0.00092314,0.00984386
9443,0,0.01244905,0,0.16607970,0.15658876,0.15786651,0.02471298,0.01244905
8402,0,0.03049224,0,0.16607970,0.03291414,0.03485683,0.11632000,0.03049224
8311,0,0.01450053,0,0.16607970,0.06465507,0.06702868,0.04020551,0.01450053
11675,0,0.01259909,0,0.16607970,0.55939159,0.54785305,0.02592860,0.01259909
4791,0,0.01045134,0,0.16607970,0.03216473,0.03408771,0.00698464,0.01045134
8628,0,0.01074875,0,0.16607970,0.07503918,0.07742652,0.00982626,0.01074875
2505,0,0.01157652,0,0.16607970,0.03554108,0.03754849,0.01734364,0.01157652
4788,0,0.01200076,0,0.16607970,0.01420709,0.01544101,0.02099291,0.01200076
2320,0,0.01261243,0,0.16607970,0.10979248,0.11192435,0.02603598,0.01261243
8275,0,0.01042001,0,0.16607970,0.09625088,0.09853005,0.00668068,0.01042001
2334,0,0.01122980,0,0.16607970,0.01795985,0.01938015,0.01426171,0.01122980
10824,0,0.00984279,0,0.16607970,0.05698155,0.05931078,0.00091211,0.00984279
7346,0,0.17260937,0,0.16607970,0.28550438,0.28289674,0.30589999,0.17260937
2642,0,0.01130804,0,0.16607970,0.06841171,0.07079607,0.01496531,0.01130804
10023,0,0.07349815,0,0.16607970,0.43149807,0.42375917,0.20901839,0.07349815
8289,0,0.01111906,0,0.16607970,0.02799963,0.02980213,0.01325759,0.01111906
8462,0,0.01020155,0,0.16607970,0.06153944,0.06389881,0.00453551,0.01020155
59,1,0.97384353,1,0.16607970,0.19200814,0.19238237,0.82536191,0.97384353
8974,0,0.01044921,0,0.16607970,0.15320912,0.15456318,0.00696397,0.01044921
9544,0,0.01261353,0,0.16607970,0.05114289,0.05341600,0.02604486,0.01261353
153,1,0.99484918,1,0.16607970,0.36710998,0.36161199,0.99031462,0.99484918
8990,0,0.01062921,0,0.16607970,0.05966017,0.06200849,0.00869353,0.01062921
3197,0,0.02365240,0,0.16607970,0.29924471,0.29615777,0.09016476,0.02365240
8199,0,0.01027934,0,0.16607970,0.07375579,0.07614407,0.00530457,0.01027934
7987,0,0.01006949,0,0.16607970,0.06898515,0.07137055,0.00321663,0.01006949
5879,0,0.01062698,0,0.16607970,0.07187722,0.07426558,0.00867232,0.01062698
6216,0,0.01028611,0,0.16607970,0.07533596,0.07772298,0.00537124,0.01028611
4887,0,0.01802128,0,0.16607970,0.09023502,0.09256133,0.06234379,0.01802128
10936,0,0.01511768,0,0.16607970,0.50117064,0.49121253,0.04444449,0.01511768
6209,0,0.01391797,0,0.16607970,0.18824404,0.18872230,0.03603780,0.01391797
308,1,0.99154965,1,0.16607970,0.21535271,0.21504686,0.94037891,0.99154965
9064,0,0.00975716,0,0.16607970,0.07640920,0.07879477,0.00002793,0.00975716
9965,0,0.01020845,0,0.16607970,0.15215314,0.15353064,0.00460397,0.01020845
240,1,0.99523248,1,0.16607970,0.60184682,0.58936965,0.99810127,0.99523248
10922,0,0.01145891,0,0.16607970,0.06337716,0.06574554,0.01630862,0.01145891
9531,0,0.01059147,0,0.16607970,0.01490720,0.01617815,0.00833333,0.01059147
225,1,0.98473920,1,0.16607970,0.14101609,0.14262853,0.88046383,0.98473920
8263,0,0.01039048,0,0.16607970,0.01702104,0.01839738,0.00639331,0.01039048
71,1,0.95478048,1,0.16607970,0.50630632,0.49619721,0.76852996,0.95478048
1894,1,0.87809353,1,0.16607970,0.08431319,0.08667370,0.66077261,0.87809353
8367,0,0.01381444,0,0.16607970,0.06705183,0.06943308,0.03527921,0.01381444
3491,0,0.01034211,0,0.16607970,0.07403468,0.07642282,0.00592085,0.01034211
378,1,0.01218701,0,0.16607970,0.19157941,0.19196556,0.02255490,0.01218701
5405,0,0.01015114,0,0.16607970,0.02695438,0.02872354,0.00403412,0.01015114
10707,0,0.01105994,0,0.16607970,0.00647387,0.00720544,0.01271735,0.01105994
2815,0,0.06855771,0,0.16607970,0.35264875,0.34766562,0.20151338,0.06855771
11192,0,0.00983040,0,0.16607970,0.18241386,0.18304980,0.00078462,0.00983040
8011,0,0.01015751,0,0.16607970,0.06975410,0.07214066,0.00409759,0.01015751
11220,0,0.01617937,0,0.16607970,0.63218262,0.61916898,0.05135317,0.01617937
5662,0,0.01145886,0,0.16607970,0.06032795,0.06268042,0.01630815,0.01145886
1647,1,0.99333558,1,0.16607970,0.56882390,0.55705956,0.96434848,0.99333558
3128,0,0.01020513,0,0.16607970,0.08941852,0.09175029,0.00457109,0.01020513
4521,0,0.01090696,0,0.16607970,0.24429450,0.24307675,0.01130628,0.01090696
9639,0,0.01279472,0,0.16607970,0.12339806,0.12533143,0.02749231,0.01279472
8015,0,0.01426570,0,0.16607970,0.27978466,0.27737465,0.03854575,0.01426570
5624,0,0.01028000,0,0.16607970,0.00626746,0.00698249,0.00531109,0.01028000
11948,0,0.01329059,0,0.16607970,0.52227433,0.51170908,0.03135253,0.01329059
5228,0,0.01165457,0,0.16607970,0.09817577,0.10043736,0.01802482,0.01165457
8732,0,0.01472195,0,0.16607970,0.32848466,0.32436307,0.04174650,0.01472195
1844,1,0.99480256,1,0.16607970,0.41355310,0.40642611,0.98940702,0.99480256
9684,0,0.00976144,0,0.16607970,0.03297775,0.03492208,0.00007229,0.00976144
287,1,0.98895760,1,0.16607970,0.38996781,0.38366173,0.91331039,0.98895760
1751,1,0.98749591,1,0.16607970,0.29421975,0.29130877,0.90070637,0.98749591
9378,0,0.01289856,0,0.16607970,0.26301604,0.26117752,0.02831277,0.01289856
8957,0,0.01021337,0,0.16607970,0.13254960,0.13432456,0.00465275,0.01021337
6574,0,0.01076289,0,0.16607970,0.02686719,0.02863351,0.00995936,0.01076289
2854,0,0.00981329,0,0.16607970,0.09658708,0.09886327,0.00060840,0.00981329
2842,0,0.00993828,0,0.16607970,0.03136751,0.03326888,0.00188915,0.00993828
5591,0,0.03676828,0,0.16607970,0.68258546,0.66897291,0.13572395,0.03676828
3805,0,0.01116530,0,0.16607970,0.14409187,0.14564174,0.01367802,0.01116530
4002,0,0.01028070,0,0.16607970,0.13791363,0.13958732,0.00531796,0.01028070
6435,0,0.01021449,0,0.16607970,0.11055840,0.11268037,0.00466384,0.01021449
10866,0,0.01326007,0,0.16607970,0.27912366,0.27673641,0.03111904,0.01326007
945,1,0.99460382,1,0.16607970,0.39479802,0.38832254,0.98562716,0.99460382
8970,0,0.01549144,0,0.16607970,0.23975431,0.23868381,0.04692960,0.01549144
8533,0,0.01122363,0,0.16607970,0.02909889,0.03093506,0.01420606,0.01122363
3317,0,0.08063173,0,0.16607970,0.02637632,0.02812647,0.21907431,0.08063173
10660,0,0.00975716,0,0.16607970,0.06099098,0.06334732,0.00002793,0.00975716
2192,0,0.01513638,0,0.16607970,0.71699637,0.70321851,0.04457027,0.01513638
11213,0,0.03922918,0,0.16607970,0.14184326,0.14343906,0.14247156,0.03922918
5643,0,0.02044881,0,0.16607970,0.78202509,0.76859111,0.07525384,0.02044881
6538,0,0.02314870,0,0.16607970,0.11953543,0.12152987,0.08795621,0.02314870
627,1,0.88367755,1,0.16607970,0.28500004,0.28240987,0.66610582,0.88367755
8318,0,0.01121866,0,0.16607970,0.15663532,0.15791200,0.01416115,0.01121866
5020,0,0.01029583,0,0.16607970,0.02801790,0.02982097,0.00546685,0.01029583
9994,0,0.02282429,0,0.16607970,0.40358654,0.39680444,0.08650885,0.02282429
8347,0,0.03450020,0,0.16607970,0.02757552,0.02936465,0.12910869,0.03450020
5011,0,0.01443215,0,0.16607970,0.05138950,0.05366540,0.03972498,0.01443215
10330,0,0.04040528,0,0.16607970,0.62862093,0.61566391,0.14555406,0.04040528
6580,0,0.00988859,0,0.16607970,0.00796013,0.00880476,0.00138194,0.00988859
6878,0,0.01161015,0,0.16607970,0.69790408,0.68419143,0.01763774,0.01161015
8674,0,0.01706410,0,0.16607970,0.49884751,0.48895836,0.05677777,0.01706410
1348,1,0.97999829,1,0.16607970,0.48334132,0.47392245,0.85287393,0.97999829
1921,1,0.53025278,0,0.16607970,0.14208871,0.14367954,0.47507330,0.53025278
10049,0,0.01187861,0,0.16607970,0.09513405,0.09742287,0.01995541,0.01187861
11317,0,0.01158813,0,0.16607970,0.05701319,0.05934267,0.01744530,0.01158813
2637,0,0.01017536,0,0.16607970,0.02326002,0.02490023,0.00427529,0.01017536
186,1,0.99473334,1,0.16607970,0.53980934,0.52876824,0.98807443,0.99473334
11710,0,0.00987571,0,0.16607970,0.04584264,0.04804593,0.00125000,0.00987571
1929,1,0.98763939,1,0.16607970,0.26160631,0.25981523,0.90187732,0.98763939
2206,0,0.01030334,0,0.16607970,0.05534311,0.05765866,0.00554062,0.01030334
10797,0,0.00989841,0,0.16607970,0.06837847,0.07076276,0.00148237,0.00989841
9020,0,0.01089555,0,0.16607970,0.11811262,0.12012864,0.01120023,0.01089555
6549,0,0.01002376,0,0.16607970,0.03029651,0.03216780,0.00275589,0.01002376
1143,1,0.99164187,1,0.16607970,0.36651622,0.36103933,0.94148766,0.99164187
1439,1,0.99138655,1,0.16607970,0.53587973,0.52494286,0.93844694,0.99138655
3299,0,0.01509809,0,0.16607970,0.32589127,0.32186197,0.04431259,0.01509809
5793,0,0.01123926,0,0.16607970,0.04261976,0.04477089,0.01434704,0.01123926
3438,0,0.00990638,0,0.16607970,0.04785331,0.05008534,0.00156376,0.00990638
9156,0,0.00986269,0,0.16607970,0.07905900,0.08143893,0.00111651,0.00986269
1237,1,0.99485554,1,0.16607970,0.28048078,0.27804678,0.99043892,0.99485554
7510,0,0.02615246,0,0.16607970,0.10870217,0.11084787,0.10048933,0.02615246
2479,0,0.01005882,0,0.16607970,0.15532485,0.15663136,0.00310928,0.01005882
1252,1,0.99512850,1,0.16607970,0.40061290,0.39393431,0.99592904,0.99512850
5709,0,0.01111492,0,0.16607970,0.15988465,0.16108614,0.01321984,0.01111492
7489,0,0.00996510,0,0.16607970,0.03234568,0.03427346,0.00216189,0.00996510
9430,0,0.01819334,0,0.16607970,0.24775330,0.24642245,0.06331343,0.01819334
8665,0,0.01140994,0,0.16607970,0.18549531,0.18604844,0.01587448,0.01140994
5166,0,0.01227617,0,0.16607970,0.12058434,0.12256255,0.02329426,0.01227617
6254,0,0.98055380,1,0.16607970,0.12726031,0.12912912,0.85575285,0.98055380
4519,0,0.00990930,0,0.16607970,0.07337300,0.07576142,0.00159367,0.00990930
1587,1,0.96630508,1,0.16607970,0.16343338,0.16455080,0.79920829,0.96630508
2360,0,0.01128696,0,0.16607970,0.16497572,0.16605598,0.01477624,0.01128696
8807,0,0.01028204,0,0.16607970,0.03393335,0.03590195,0.00533112,0.01028204
6670,0,0.01015818,0,0.16607970,0.05402015,0.05632350,0.00410431,0.01015818
10191,0,0.01166752,0,0.16607970,0.08253254,0.08490083,0.01813744,0.01166752
7565,0,0.01049786,0,0.16607970,0.32578446,0.32175896,0.00743438,0.01049786
6476,0,0.02166318,0,0.16607970,0.10296174,0.10517468,0.08115845,0.02166318
7577,0,0.02541909,0,0.16607970,0.07358090,0.07596925,0.09756399,0.02541909
11138,0,0.01020704,0,0.16607970,0.16121063,0.16238094,0.00459004,0.01020704
3810,0,0.01060782,0,0.16607970,0.08826357,0.09060266,0.00848956,0.01060782
8043,0,0.01008599,0,0.16607970,0.15620696,0.15749343,0.00338233,0.01008599
3072,0,0.00985282,0,0.16607970,0.05890860,0.06125197,0.00101522,0.00985282
6487,0,0.01738728,0,0.16607970,0.08135708,0.08372984,0.05869062,0.01738728
5238,0,0.01095530,0,0.16607970,0.03546550,0.03747115,0.01175429,0.01095530
11175,0,0.01183264,0,0.16607970,0.00960267,0.01056160,0.01956227,0.01183264
11199,0,0.03279512,0,0.16607970,0.04104479,0.04316754,0.12385336,0.03279512
7503,0,0.01053031,0,0.16607970,0.08712416,0.08947001,0.00774685,0.01053031
6246,0,0.01320732,0,0.16607970,0.03037016,0.03224356,0.03071436,0.01320732
9439,0,0.03890997,0,0.16607970,0.12131059,0.12327740,0.14161964,0.03890997
6627,0,0.01056535,0,0.16607970,0.11574871,0.11779946,0.00808332,0.01056535
10939,0,0.01144183,0,0.16607970,0.07205394,0.07444236,0.01615744,0.01144183
7855,0,0.01143887,0,0.16607970,0.16522796,0.16630210,0.01613120,0.01143887
4835,0,0.01299770,0,0.16607970,0.10393491,0.10613712,0.02909003,0.01299770
4646,0,0.01031024,0,0.16607970,0.03193696,0.03385383,0.00560841,0.01031024
3368,0,0.01994065,0,0.16607970,0.66078436,0.64738252,0.07268049,0.01994065
8293,0,0.01233646,0,0.16607970,0.18593421,0.18647544,0.02379129,0.01233646
3688,0,0.01032733,0,0.16607970,0.06124874,0.06360653,0.00577610,0.01032733
8336,0,0.01035173,0,0.16607970,0.04832323,0.05056157,0.00601504,0.01035173
11280,0,0.01163527,0,0.16607970,0.02095693,0.02250710,0.01785686,0.01163527
1242,1,0.98551387,1,0.16607970,0.50666745,0.49654780,0.88576250,0.98551387
3175,0,0.00976699,0,0.16607970,0.16382390,0.16493194,0.00012987,0.00976699
2900,0,0.00975716,0,0.16607970,0.05756593,0.05989967,0.00002793,0.00975716
8163,0,0.02475017,0,0.16607970,0.06454300,0.06691619,0.09482320,0.02475017
9415,0,0.01029886,0,0.16607970,0.06827945,0.07066354,0.00549665,0.01029886
3160,0,0.07285001,0,0.16607970,0.08552293,0.08787749,0.20806082,0.07285001
6922,0,0.01548241,0,0.16607970,0.31964991,0.31584242,0.04687024,0.01548241
8290,0,0.00981444,0,0.16607970,0.16150121,0.16266465,0.00062028,0.00981444
8365,0,0.01142650,0,0.16607970,0.12803576,0.12989119,0.01602148,0.01142650
5203,0,0.01116917,0,0.16607970,0.15670171,0.15797687,0.01371312,0.01116917
11374,0,0.01488892,0,0.16607970,0.10348089,0.10568814,0.04289343,0.01488892
667,1,0.99502876,1,0.16607970,0.65722244,0.64386226,0.99388834,0.99502876
48,1,0.99479279,1,0.16607970,0.38563803,0.37948425,0.98921785,0.99479279
2813,0,0.01393235,0,0.16607970,0.01602293,0.01735066,0.03614271,0.01393235
3514,0,0.01002889,0,0.16607970,0.07215666,0.07454511,0.00280775,0.01002889
7311,0,0.02113790,0,0.16607970,0.14618106,0.14768740,0.07864518,0.02113790
2537,0,0.08435810,0,0.16607970,0.65105903,0.63777553,0.22400802,0.08435810
11780,0,0.01383279,0,0.16607970,0.08944150,0.09177312,0.03541408,0.01383279
2197,0,0.17842349,0,0.16607970,0.59715639,0.58477269,0.30992597,0.17842349
4942,0,0.00977158,0,0.16607970,0.20027032,0.20041043,0.00017733,0.00977158
8872,0,0.01017640,0,0.16607970,0.02996573,0.03182748,0.00428571,0.01017640
7211,0,0.01103393,0,0.16607970,0.07513407,0.07752132,0.01247887,0.01103393
10496,0,0.00978956,0,0.16607970,0.03567178,0.03768225,0.00036344,0.00978956
8229,0,0.03168228,0,0.16607970,0.07316280,0.07555128,0.12027911,0.03168228
8500,0,0.00983591,0,0.16607970,0.21720124,0.21683921,0.00084138,0.00983591
11276,0,0.01070490,0,0.16607970,0.25537435,0.25379168,0.00941219,0.01070490
2717,0,0.02287017,0,0.16607970,0.47642096,0.46721730,0.08671475,0.02287017
10792,0,0.01068382,0,0.16607970,0.06481950,0.06719372,0.00921252,0.01068382
3994,0,0.00976218,0,0.16607970,0.02349987,0.02514901,0.00008000,0.00976218
697,1,0.99457321,1,0.16607970,0.23452903,0.23362621,0.98505719,0.99457321
467,1,0.99130608,1,0.16607970,0.12772521,0.12958602,0.93750710,0.99130608
43,1,0.99432859,1,0.16607970,0.59571484,0.58336039,0.98061487,0.99432859
4686,0,0.01471918,0,0.16607970,0.21040949,0.21025228,0.04172732,0.01471918
10424,0,0.01144136,0,0.16607970,0.11030019,0.11242551,0.01615323,0.01144136
316,1,0.99483193,1,0.16607970,0.34765554,0.34285049,0.98997771,0.99483193
2588,0,0.01000557,0,0.16607970,0.09859383,0.10085146,0.00257211,0.01000557
11647,0,0.01039963,0,0.16607970,0.07916045,0.08154010,0.00648248,0.01039963
1538,1,0.96810047,1,0.16607970,0.14705294,0.14854088,0.80488066,0.96810047
8328,0,0.00982820,0,0.16607970,0.15637824,0.15766079,0.00076206,0.00982820
10387,0,0.01045587,0,0.16607970,0.06283197,0.06519786,0.00702850,0.01045587
6169,0,0.01077559,0,0.16607970,0.01048449,0.01150086,0.01007883,0.01077559
11927,0,0.01249457,0,0.16607970,0.01891500,0.02037837,0.02508333,0.01249457
1913,1,0.99495804,1,0.16607970,0.36278612,0.35744189,0.99246575,0.99495804
5364,0,0.01049394,0,0.16607970,0.06117948,0.06353688,0.00739658,0.01049394
8729,0,0.00977855,0,0.16607970,0.14035510,0.14198075,0.00024955,0.00977855
2758,0,0.01978354,0,0.16607970,0.12527442,0.12717685,0.07187188,0.01978354
11370,0,0.01495599,0,0.16607970,0.12177910,0.12373850,0.04335062,0.01495599
11019,0,0.01341750,0,0.16607970,0.04410645,0.04628260,0.03231761,0.01341750
6743,0,0.01141220,0,0.16607970,0.09186141,0.09417617,0.01589463,0.01141220
11701,0,0.01187927,0,0.16607970,0.02777082,0.02956613,0.01996101,0.01187927
3920,0,0.01042603,0,0.16607970,0.10348898,0.10569614,0.00673916,0.01042603
3169,0,0.01278846,0,0.16607970,0.12735439,0.12922158,0.02744267,0.01278846
7647,0,0.01013890,0,0.16607970,0.04886743,0.05111289,0.00391201,0.01013890
5693,0,0.01339424,0,0.16607970,0.06417308,0.06654481,0.03214142,0.01339424
6867,0,0.01069940,0,0.16607970,0.00829207,0.00916063,0.00936015,0.01069940
7149,0,0.01892627,0,0.16607970,0.22700105,0.22633619,0.06734561,0.01892627
6135,0,0.00988840,0,0.16607970,0.04311901,0.04527873,0.00137992,0.00988840
7141,0,0.01007698,0,0.16607970,0.11985361,0.12184315,0.00329193,0.01007698
11304,0,0.00976488,0,0.16607970,0.07461379,0.07700152,0.00010796,0.00976488
5656,0,0.01038479,0,0.16607970,0.13945602,0.14109950,0.00633782,0.01038479
11644,0,0.01310371,0,0.16607970,0.14164565,0.14324544,0.02991470,0.01310371
6257,0,0.01044683,0,0.16607970,0.08773273,0.09007503,0.00694092,0.01044683
4195,0,0.01077066,0,0.16607970,0.12686361,0.12873920,0.01003252,0.01077066
6168,0,0.01028204,0,0.16607970,0.00919111,0.01012234,0.00533112,0.01028204
9138,0,0.01011564,0,0.16607970,0.08127942,0.08365245,0.00367943,0.01011564
10933,0,0.01472170,0,0.16607970,0.04923358,0.05148371,0.04174475,0.01472170
3045,0,0.05782142,0,0.16607970,0.22732991,0.22665475,0.18329983,0.05782142
420,1,0.99407208,1,0.16607970,0.54836513,0.53710208,0.97615682,0.99407208
853,1,0.98464474,1,0.16607970,0.11811408,0.12013007,0.87983594,0.98464474
11810,0,0.01023028,0,0.16607970,0.12051022,0.12248958,0.00482021,0.01023028
6644,0,0.01015575,0,0.16607970,0.04446693,0.04664889,0.00408001,0.01015575
380,1,0.98308022,1,0.16607970,0.23469570,0.23378756,0.86995498,0.98308022
3057,0,0.01012532,0,0.16607970,0.02864448,0.03046690,0.00377624,0.01012532
4491,0,0.01066142,0,0.16607970,0.00620502,0.00691500,0.00900000,0.01066142
9348,0,0.01019804,0,0.16607970,0.07640409,0.07878967,0.00450065,0.01019804
2013,0,0.01194489,0,0.16607970,0.01960581,0.02109931,0.02051964,0.01194489
9874,0,0.01213358,0,0.16607970,0.11385411,0.11593168,0.02210918,0.01213358
2784,0,0.01359799,0,0.16607970,0.01734347,0.01873510,0.03367481,0.01359799
4035,0,0.00981543,0,0.16607970,0.00135323,0.00157789,0.00063048,0.00981543
11990,0,0.01036212,0,0.16607970,0.21781747,0.21743664,0.00611654,0.01036212
819,1,0.99462610,1,0.16607970,0.60763160,0.59504291,0.98604392,0.99462610
6869,0,0.01003476,0,0.16607970,0.06516687,0.06754235,0.00286698,0.01003476
4623,0,0.01073009,0,0.16607970,0.07987315,0.08225077,0.00965028,0.01073009
3939,0,0.01123388,0,0.16607970,0.03434636,0.03632516,0.01429858,0.01123388
3578,0,0.00979611,0,0.16607970,0.04553905,0.04773776,0.00043104,0.00979611
6100,0,0.01000265,0,0.16607970,0.01390707,0.01512478,0.00254260,0.01000265
7683,0,0.01247135,0,0.16607970,0.19226206,0.19262921,0.02489459,0.01247135
897,1,0.98136747,1,0.16607970,0.12813035,0.12998415,0.86011870,0.98136747
9212,0,0.01070347,0,0.16607970,0.03474645,0.03673498,0.00939862,0.01070347
4999,0,0.01007542,0,0.16607970,0.18163986,0.18229642,0.00327622,0.01007542
6830,0,0.00986581,0,0.16607970,0.11167809,0.11378530,0.00114849,0.00986581
10916,0,0.00987572,0,0.16607970,0.03180337,0.03371663,0.00125008,0.00987572
8295,0,0.01368712,0,0.16607970,0.21341760,0.21317021,0.03433849,0.01368712
7986,0,0.01157870,0,0.16607970,0.07637987,0.07876548,0.01736277,0.01157870
5315,0,0.01002577,0,0.16607970,0.04808502,0.05032018,0.00277623,0.01002577
3240,0,0.01853325,0,0.16607970,0.57433660,0.56244467,0.06520285,0.01853325
8551,0,0.01857350,0,0.16607970,0.06114275,0.06349994,0.06542433,0.01857350
2076,0,0.01037741,0,0.16607970,0.08451607,0.08687562,0.00626590,0.01037741
9914,0,0.01258132,0,0.16607970,0.02849410,0.03031192,0.02578538,0.01258132
11272,0,0.01645337,0,0.16607970,0.17784727,0.17860366,0.05306371,0.01645337
9300,0,0.00975447,0,0.16607970,0.12865523,0.13049988,0.00000000,0.00975447
5869,0,0.01087398,0,0.16607970,0.03352240,0.03548067,0.01099953,0.01087398
4736,0,0.01082097,0,0.16607970,0.14787855,0.14934892,0.01050448,0.01082097
10382,0,0.00977934,0,0.16607970,0.05702960,0.05935921,0.00025766,0.00977934
4221,0,0.01344061,0,0.16607970,0.11614250,0.11818757,0.03249239,0.01344061
3227,0,0.01140319,0,0.16607970,0.17141289,0.17233417,0.01581452,0.01140319
3626,0,0.01027619,0,0.16607970,0.11673970,0.11877606,0.00527355,0.01027619
8184,0,0.09601220,0,0.16607970,0.51102532,0.50077926,0.23825744,0.09601220
1497,1,0.98475089,1,0.16607970,0.76322199,0.74959055,0.88054183,0.98475089
10211,0,0.00979904,0,0.16607970,0.15367186,0.15501558,0.00046134,0.00979904
3422,0,0.00984250,0,0.16607970,0.01288965,0.01405077,0.00090909,0.00984250
5574,0,0.00977055,0,0.16607970,0.12066110,0.12263811,0.00016667,0.00977055
5888,0,0.01017759,0,0.16607970,0.11861338,0.12062186,0.00429751,0.01017759
6907,0,0.01147183,0,0.16607970,0.01932038,0.02080153,0.01642278,0.01147183
2963,0,0.08799152,0,0.16607970,0.56666767,0.55495412,0.22863168,0.08799152
6619,0,0.02190556,0,0.16607970,0.36057015,0.35530479,0.08229810,0.02190556
7762,0,0.04448372,0,0.16607970,0.50389735,0.49385881,0.15561606,0.04448372
845,1,0.99242083,1,0.16607970,0.46517119,0.45632383,0.95136871,0.99242083
1207,1,0.98833307,1,0.16607970,0.56988843,0.55809919,0.90773474,0.98833307
5143,0,0.01103983,0,0.16607970,0.01596889,0.01729392,0.01253299,0.01103983
114,1,0.98697221,1,0.16607970,0.10048108,0.10272011,0.89654225,0.98697221
6674,0,0.01423982,0,0.16607970,0.18606062,0.18659842,0.03836120,0.01423982
3837,0,0.01229490,0,0.16607970,0.07273355,0.07512206,0.02344893,0.01229490
660,1,0.99257872,1,0.16607970,0.25488362,0.25331727,0.95349401,0.99257872
11085,0,0.01119590,0,0.16607970,0.09357776,0.09587936,0.01395534,0.01119590
10313,0,0.01080384,0,0.16607970,0.03135871,0.03325983,0.01034402,0.01080384
1147,1,0.99049192,1,0.16607970,0.18085910,0.18153636,0.92845527,0.99049192
4911,0,0.01039914,0,0.16607970,0.06608509,0.06846360,0.00647766,0.01039914
10398,0,0.01406192,0,0.16607970,0.10885523,0.11099901,0.03708341,0.01406192
10978,0,0.00978549,0,0.16607970,0.18121255,0.18188045,0.00032137,0.00978549
11080,0,0.01048129,0,0.16607970,0.06019548,0.06254715,0.00727443,0.01048129
7221,0,0.01247861,0,0.16607970,0.07747937,0.07986301,0.02495368,0.01247861
384,1,0.93083798,1,0.16607970,0.07025028,0.07263745,0.72340926,0.93083798
3121,0,0.02428693,0,0.16607970,0.64537650,0.63216878,0.09288248,0.02428693
3806,0,0.01184189,0,0.16607970,0.06515802,0.06753347,0.01964148,0.01184189
3684,0,0.01016404,0,0.16607970,0.01726933,0.01865746,0.00416268,0.01016404
11699,0,0.02022313,0,0.16607970,0.01693577,0.01830804,0.07411880,0.02022313
8589,0,0.00981084,0,0.16607970,0.08182519,0.08419623,0.00058315,0.00981084
2396,0,0.01575425,0,0.16607970,0.52240361,0.51183476,0.04864193,0.01575425
3307,0,0.01439021,0,0.16607970,0.21730148,0.21693639,0.03942912,0.01439021
11939,0,0.00976218,0,0.16607970,0.02141968,0.02298858,0.00008000,0.00976218
6188,0,0.02592190,0,0.16607970,0.56562636,0.55393752,0.09957834,0.02592190
8724,0,0.00975447,0,0.16607970,0.01484060,0.01610807,0.00000000,0.00975447
5854,0,0.01017205,0,0.16607970,0.03459513,0.03658000,0.00424242,0.01017205
6949,0,0.00976503,0,0.16607970,0.02754698,0.02933520,0.00010949,0.00976503
3699,0,0.01128551,0,0.16607970,0.20118465,0.20129839,0.01476319,0.01128551
7537,0,0.00976046,0,0.16607970,0.16450739,0.16559897,0.00006217,0.00976046
4391,0,0.01316900,0,0.16607970,0.03601420,0.03803258,0.03041931,0.01316900
852,1,0.99221441,1,0.16607970,0.35471897,0.34966205,0.94865547,0.99221441
11928,0,0.01425381,0,0.16607970,0.01976021,0.02126035,0.03846100,0.01425381
10208,0,0.00986432,0,0.16607970,0.19000767,0.19043739,0.00113325,0.00986432
1650,1,0.99059816,1,0.16607970,0.61234010,0.59966376,0.92959191,0.99059816
5576,0,0.01245118,0,0.16607970,0.02896626,0.03079844,0.02473034,0.01245118
11137,0,0.00989798,0,0.16607970,0.01232160,0.01344997,0.00147801,0.00989798
5731,0,0.00996942,0,0.16607970,0.21670944,0.21636239,0.00220580,0.00996942
590,1,0.01243327,0,0.16607970,0.27244436,0.27028608,0.02458434,0.01243327
8286,0,0.01122268,0,0.16607970,0.02234557,0.02395097,0.01419744,0.01122268
5043,0,0.00984420,0,0.16607970,0.05998865,0.06233904,0.00092659,0.00984420
5938,0,0.01008111,0,0.16607970,0.02103495,0.02258831,0.00333333,0.01008111
7082,0,0.01756548,0,0.16607970,0.03249353,0.03442522,0.05973046,0.01756548
8565,0,0.00979948,0,0.16607970,0.06089242,0.06324820,0.00046586,0.00979948
1406,1,0.98909650,1,0.16607970,0.14661266,0.14810990,0.91459282,0.98909650
7213,0,0.00998325,0,0.16607970,0.07860750,0.08098859,0.00234603,0.00998325
3513,0,0.01129555,0,0.16607970,0.10824022,0.11039167,0.01485337,0.01129555
7430,0,0.01454048,0,0.16607970,0.07444944,0.07683730,0.04048529,0.01454048
6133,0,0.01051201,0,0.16607970,0.18237500,0.18301198,0.00757075,0.01051201
8497,0,0.04584550,0,0.16607970,0.44890372,0.44058460,0.15878028,0.04584550
10124,0,0.01094244,0,0.16607970,0.14185715,0.14345267,0.01163528,0.01094244
6027,0,0.01185702,0,0.16607970,0.06350704,0.06587598,0.01977097,0.01185702
5063,0,0.01723081,0,0.16607970,0.26167060,0.25987736,0.05776891,0.01723081
1981,1,0.99461044,1,0.16607970,0.34207823,0.33747212,0.98575075,0.99461044
2055,0,0.01074416,0,0.16607970,0.04597037,0.04817557,0.00978294,0.01074416
3324,0,0.01115651,0,0.16607970,0.09876281,0.10101881,0.01359823,0.01115651
2223,0,0.00979692,0,0.16607970,0.16879715,0.16978377,0.00043946,0.00979692
11844,0,0.00987994,0,0.16607970,0.14327079,0.14483754,0.00129339,0.00987994
11649,0,0.01717978,0,0.16607970,0.29332568,0.29044593,0.05746655,0.01717978
197,1,0.99493623,1,0.16607970,0.67599939,0.66244228,0.99203106,0.99493623
7033,0,0.01098844,0,0.16607970,0.30871786,0.30529747,0.01206025,0.01098844
7937,0,0.01086525,0,0.16607970,0.05697591,0.05930510,0.01091817,0.01086525
5367,0,0.00993855,0,0.16607970,0.20273376,0.20280262,0.00189189,0.00993855
3281,0,0.01215207,0,0.16607970,0.15028258,0.15170112,0.02226367,0.01215207
11897,0,0.01343759,0,0.16607970,0.28331907,0.28078708,0.03246961,0.01343759
9543,0,0.00975447,0,0.16607970,0.07039725,0.07278458,0.00000000,0.00975447
8537,0,0.01069030,0,0.16607970,0.10632301,0.10849771,0.00927394,0.01069030
888,1,0.95374458,1,0.16607970,0.06715130,0.06953281,0.76615173,0.95374458
9470,0,0.01227425,0,0.16607970,0.11745198,0.11947784,0.02327841,0.01227425
5555,0,0.01005308,0,0.16607970,0.06786093,0.07024413,0.00305157,0.01005308
5394,0,0.01015691,0,0.16607970,0.06797920,0.07036266,0.00409156,0.01015691
7729,0,0.01019402,0,0.16607970,0.05162179,0.05390029,0.00446083,0.01019402
3334,0,0.01083626,0,0.16607970,0.10058386,0.10282185,0.01064757,0.01083626
5162,0,0.01027257,0,0.16607970,0.01742289,0.01881825,0.00523783,0.01027257
4967,0,0.00975635,0,0.16607970,0.06248897,0.06485322,0.00001957,0.00975635
5669,0,0.01034553,0,0.16607970,0.06831646,0.07070063,0.00595438,0.01034553
3703,0,0.01046972,0,0.16607970,0.03320267,0.03515280,0.00716252,0.01046972
4650,0,0.02345570,0,0.16607970,0.05184593,0.05412691,0.08930781,0.02345570
10874,0,0.03041493,0,0.16607970,0.31348477,0.30989584,0.11605762,0.03041493
6992,0,0.01015445,0,0.16607970,0.14119919,0.14280796,0.00406707,0.01015445
9849,0,0.01035013,0,0.16607970,0.03177905,0.03369165,0.00599937,0.01035013
3257,0,0.01060471,0,0.16607970,0.05174380,0.05402365,0.00845981,0.01060471
6342,0,0.00986322,0,0.16607970,0.04317363,0.04533428,0.00112193,0.00986322
5447,0,0.00976488,0,0.16607970,0.09433985,0.09663529,0.00010796,0.00976488
8574,0,0.01001892,0,0.16607970,0.07996167,0.08233903,0.00270707,0.01001892
9594,0,0.07200843,0,0.16607970,0.17774079,0.17849996,0.20680568,0.07200843
809,1,0.98262316,1,0.16607970,0.09061596,0.09293965,0.86723765,0.98262316
4708,0,0.01141150,0,0.16607970,0.14140405,0.14300870,0.01588836,0.01141150
2195,0,0.01076693,0,0.16607970,0.02022436,0.02174418,0.00999740,0.01076693
4005,0,0.01047021,0,0.16607970,0.08326655,0.08563178,0.00716732,0.01047021
9588,0,0.02206961,0,0.16607970,0.16201375,0.16316504,0.08306251,0.02206961
9112,0,0.01429813,0,0.16607970,0.17415797,0.17500962,0.03877657,0.01429813
8843,0,0.00977860,0,0.16607970,0.00609109,0.00679182,0.00025000,0.00977860
6024,0,0.02296085,0,0.16607970,0.16526615,0.16633936,0.08712055,0.02296085
3237,0,0.01831645,0,0.16607970,0.62308004,0.61021456,0.06400172,0.01831645
9579,0,0.00975447,0,0.16607970,0.01962331,0.02111757,0.00000000,0.00975447
11747,0,0.22122407,0,0.16607970,0.01660453,0.01796082,0.33683069,0.22122407
7104,0,0.01043904,0,0.16607970,0.11082946,0.11294788,0.00686541,0.01043904
4256,0,0.01508894,0,0.16607970,0.04635383,0.04856469,0.04425093,0.01508894
4843,0,0.01231110,0,0.16607970,0.06598774,0.06836595,0.02358251,0.01231110
4651,0,0.00982587,0,0.16607970,0.03646225,0.03849082,0.00073803,0.00982587
11460,0,0.01339572,0,0.16607970,0.06787145,0.07025468,0.03215267,0.01339572
1334,1,0.99491231,1,0.16607970,0.39412570,0.38767377,0.99155643,0.99491231
11542,0,0.00975447,0,0.16607970,0.03101838,0.03291008,0.00000000,0.00975447
7799,0,0.00991447,0,0.16607970,0.04232500,0.04447096,0.00164638,0.00991447
5267,0,0.00983573,0,0.16607970,0.04584056,0.04804382,0.00083953,0.00983573
10481,0,0.01096270,0,0.16607970,0.21541147,0.21510383,0.01182267,0.01096270
1226,1,0.99457259,1,0.16607970,0.66631159,0.65284904,0.98504571,0.99457259
11218,0,0.02525721,0,0.16607970,0.84935598,0.83742309,0.09690721,0.02525721
2964,0,0.00983726,0,0.16607970,0.09611237,0.09839276,0.00085528,0.00983726
498,1,0.01521264,0,0.16607970,0.14241817,0.14400232,0.04508155,0.01521264
10061,0,0.01319446,0,0.16607970,0.32404323,0.32007966,0.03061543,0.01319446
11533,0,0.01218010,0,0.16607970,0.17150261,0.17242163,0.02249738,0.01218010
11815,0,0.01058826,0,0.16607970,0.02737875,0.02916161,0.00830266,0.01058826
9302,0,0.00985632,0,0.16607970,0.01402490,0.01524900,0.00105108,0.00985632
9208,0,0.01242059,0,0.16607970,0.01069315,0.01172275,0.02448079,0.01242059
5890,0,0.01022618,0,0.16607970,0.05949307,0.06184031,0.00477962,0.01022618
7674,0,0.00975447,0,0.16607970,0.04352805,0.04569466,0.00000000,0.00975447
8921,0,0.01017597,0,0.16607970,0.12340549,0.12533873,0.00428143,0.01017597
10942,0,0.01025240,0,0.16607970,0.04907912,0.05132729,0.00503889,0.01025240
11669,0,0.01181272,0,0.16607970,0.46722598,0.45831296,0.01939140,0.01181272
3026,0,0.02189458,0,0.16607970,0.10012548,0.10236810,0.08224676,0.02189458
6205,0,0.00993131,0,0.16607970,0.02186063,0.02344708,0.00181818,0.00993131
9241,0,0.01463929,0,0.16607970,0.05420657,0.05651169,0.04117390,0.01463929
7784,0,0.01003443,0,0.16607970,0.04782598,0.05005763,0.00286365,0.01003443
895,1,0.40391090,0,0.16607970,0.29889211,0.29581755,0.42393720,0.40391090
9050,0,0.04020203,0,0.16607970,0.47515551,0.46599153,0.14502756,0.04020203
6960,0,0.01113050,0,0.16607970,0.18223196,0.18287275,0.01336176,0.01113050
5521,0,0.01353876,0,0.16607970,0.01409309,0.01532088,0.03323141,0.01353876
4927,0,0.02035894,0,0.16607970,0.15618268,0.15746970,0.07480335,0.02035894
3055,0,0.00980699,0,0.16607970,0.02064132,0.02217852,0.00054338,0.00980699
9185,0,0.00983596,0,0.16607970,0.12833699,0.13018719,0.00084190,0.00983596
8647,0,0.01391267,0,0.16607970,0.34161877,0.33702905,0.03599910,0.01391267
10141,0,0.00976144,0,0.16607970,0.11556192,0.11761536,0.00007229,0.00976144
4781,0,0.01108375,0,0.16607970,0.15196925,0.15335081,0.01293528,0.01108375
1989,1,0.99115270,1,0.16607970,0.19846146,0.19865348,0.93573922,0.99115270
302,1,0.98293801,1,0.16607970,0.40203783,0.39530960,0.86910181,0.98293801
3700,0,0.00979931,0,0.16607970,0.02502305,0.02672705,0.00046411,0.00979931
2514,0,0.02083574,0,0.16607970,0.02263741,0.02425405,0.07717161,0.02083574
8913,0,0.01019686,0,0.16607970,0.07851652,0.08089784,0.00448896,0.01019686
299,1,0.96159644,1,0.16607970,0.10123726,0.10346853,0.78561277,0.96159644
7271,0,0.00979251,0,0.16607970,0.13288247,0.13465132,0.00039388,0.00979251
6162,0,0.01010645,0,0.16607970,0.02902198,0.03085584,0.00358751,0.01010645
1626,1,0.99347970,1,0.16607970,0.35467885,0.34962336,0.96655366,0.99347970
274,1,0.99464799,1,0.16607970,0.64279377,0.62962206,0.98645501,0.99464799
5261,0,0.05944721,0,0.16607970,0.06669320,0.06907349,0.18625128,0.05944721
2004,0,0.01044370,0,0.16607970,0.07711266,0.07949701,0.00691057,0.01044370
883,1,0.97527204,1,0.16607970,0.11429526,0.11636666,0.83113605,0.97527204
7628,0,0.01232104,0,0.16607970,0.02035255,0.02187774,0.02366441,0.01232104
1161,1,0.98178304,1,0.16607970,0.12072310,0.12269914,0.86242114,0.98178304
358,1,0.05745254,0,0.16607970,0.38737496,0.38116004,0.18261933,0.05745254
3664,0,0.01068877,0,0.16607970,0.23495838,0.23404186,0.00925943,0.01068877
11322,0,0.00976130,0,0.16607970,0.00658100,0.00732106,0.00007082,0.00976130
9162,0,0.13310466,0,0.16607970,0.47680148,0.46758590,0.27518590,0.13310466
879,1,0.98676087,1,0.16607970,0.08896393,0.09129864,0.89490842,0.98676087
3718,0,0.03966433,0,0.16607970,0.12214573,0.12409929,0.14362228,0.03966433
4407,0,0.01600713,0,0.16607970,0.16088532,0.16206330,0.05026322,0.01600713
4384,0,0.01257503,0,0.16607970,0.05343332,0.05573091,0.02573467,0.01257503
5739,0,0.00979376,0,0.16607970,0.02441626,0.02609878,0.00040675,0.00979376
51,1,0.99478432,1,0.16607970,0.34180504,0.33720867,0.98905418,0.99478432
1473,1,0.99097521,1,0.16607970,0.31261720,0.30905897,0.93373113,0.99097521
10673,0,0.02339758,0,0.16607970,0.54262664,0.53151169,0.08905325,0.02339758
619,1,0.01052862,0,0.16607970,0.06605780,0.06843623,0.00773067,0.01052862
2422,0,0.20710726,0,0.16607970,0.13072874,0.13253670,0.32842377,0.20710726
9145,0,0.01160708,0,0.16607970,0.06121350,0.06357109,0.01761095,0.01160708
1572,1,0.99378406,1,0.16607970,0.75199056,0.73828103,0.97137399,0.99378406
8559,0,0.01929102,0,0.16607970,0.05701034,0.05933980,0.06929548,0.01929102
11856,0,0.02018782,0,0.16607970,0.04561702,0.04781691,0.07394010,0.02018782
5135,0,0.01230598,0,0.16607970,0.27561596,0.27334919,0.02354030,0.01230598
3266,0,0.00977139,0,0.16607970,0.05879355,0.06113613,0.00017544,0.00977139
4949,0,0.00998192,0,0.16607970,0.14292366,0.14449751,0.00233262,0.00998192
10151,0,0.01102793,0,0.16607970,0.03367633,0.03563849,0.01242369,0.01102793
8961,0,0.01060264,0,0.16607970,0.03757916,0.03963235,0.00844013,0.01060264
5788,0,0.03183699,0,0.16607970,0.12592095,0.12781253,0.12078321,0.03183699
5347,0,0.29192357,0,0.16607970,0.43519561,0.42733226,0.37415284,0.29192357
5754,0,0.00986242,0,0.16607970,0.07646043,0.07884591,0.00111375,0.00986242
2597,0,0.01036175,0,0.16607970,0.03117964,0.03307582,0.00611295,0.01036175
3457,0,0.01957746,0,0.16607970,0.14749317,0.14897175,0.07080161,0.01957746
292,1,0.99474824,1,0.16607970,0.34127769,0.33670013,0.98835973,0.99474824
5312,0,0.01094225,0,0.16607970,0.04189725,0.04403561,0.01163355,0.01094225
11930,0,0.01427259,0,0.16607970,0.00240888,0.00276128,0.03859480,0.01427259
6061,0,0.01246658,0,0.16607970,0.03241976,0.03434951,0.02485579,0.01246658
737,1,0.99348950,1,0.16607970,0.48527786,0.47579934,0.96670529,0.99348950
5681,0,0.11102498,0,0.16607970,0.62699538,0.61406478,0.25449205,0.11102498
5321,0,0.00984250,0,0.16607970,0.02207215,0.02366691,0.00090909,0.00984250
7622,0,0.01222633,0,0.16607970,0.05276043,0.05505117,0.02288160,0.01222633
7823,0,0.01195901,0,0.16607970,0.07283542,0.07522394,0.02063945,0.01195901
4111,0,0.01077018,0,0.16607970,0.01662653,0.01798389,0.01002793,0.01077018
3508,0,0.02244696,0,0.16607970,0.32221568,0.31831706,0.08479985,0.02244696
9772,0,0.99497019,1,0.16607970,0.37230098,0.36661871,0.99270880,0.99497019
2959,0,0.01616436,0,0.16607970,0.57169912,0.55986782,0.05125862,0.01616436
11748,0,0.01382725,0,0.16607970,0.00751981,0.00833198,0.03537338,0.01382725
4687,0,0.01048578,0,0.16607970,0.05600918,0.05833048,0.00731781,0.01048578
1624,1,0.99449297,1,0.16607970,0.52116996,0.51063558,0.98357846,0.99449297
8088,0,0.01344423,0,0.16607970,0.05673410,0.05906137,0.03251979,0.01344423
2657,0,0.01059593,0,0.16607970,0.01868662,0.02013983,0.00837593,0.01059593
194,1,0.94585191,1,0.16607970,0.11650622,0.11854599,0.74953366,0.94585191
3985,0,0.00979948,0,0.16607970,0.07948002,0.08185879,0.00046586,0.00979948
11188,0,0.01282460,0,0.16607970,0.25612566,0.25451798,0.02772905,0.01282460
6190,0,0.00984486,0,0.16607970,0.07399942,0.07638757,0.00093335,0.00984486
11855,0,0.00978938,0,0.16607970,0.07585594,0.07824232,0.00036155,0.00978938
1922,1,0.99488042,1,0.16607970,0.34821746,0.34339236,0.99092729,0.99488042
2626,0,0.01051113,0,0.16607970,0.02404822,0.02571748,0.00756226,0.01051113
4288,0,0.01878333,0,0.16607970,0.01515366,0.01643738,0.06657140,0.01878333
3750,0,0.01141216,0,0.16607970,0.09760315,0.09987009,0.01589423,0.01141216
11893,0,0.04203822,0,0.16607970,0.05646981,0.05879493,0.14969440,0.04203822
7589,0,0.01293113,0,0.16607970,0.03585104,0.03786566,0.02856879,0.01293113
4412,0,0.01010328,0,0.16607970,0.17460753,0.17544767,0.00355573,0.01010328
9626,0,0.01151484,0,0.16607970,0.29427622,0.29136326,0.01680216,0.01151484
8393,0,0.01055511,0,0.16607970,0.22718065,0.22651017,0.00798509,0.01055511
3156,0,0.00977397,0,0.16607970,0.03128300,0.03318204,0.00020217,0.00977397
5815,0,0.01059338,0,0.16607970,0.00582330,0.00650198,0.00835160,0.01059338
6448,0,0.01673886,0,0.16607970,0.04666986,0.04888532,0.05481645,0.01673886
971,1,0.99301993,1,0.16607970,0.29577580,0.29281041,0.95967998,0.99301993
11678,0,0.00996246,0,0.16607970,0.10450483,0.10670063,0.00213508,0.00996246
8084,0,0.01372428,0,0.16607970,0.20445492,0.20447361,0.03461396,0.01372428
10441,0,0.00976530,0,0.16607970,0.11969178,0.12168381,0.00011236,0.00976530
7384,0,0.01062775,0,0.16607970,0.07352558,0.07591395,0.00867967,0.01062775
5729,0,0.00997226,0,0.16607970,0.24634254,0.24505791,0.00223460,0.00997226
904,1,0.99084125,1,0.16607970,0.51557399,0.50519761,0.93224124,0.99084125
10765,0,0.01026203,0,0.16607970,0.01157601,0.01266010,0.00513393,0.01026203
6248,0,0.01098493,0,0.16607970,0.47630725,0.46710715,0.01202793,0.01098493
3450,0,0.01223212,0,0.16607970,0.20253826,0.20261280,0.02292965,0.01223212
7534,0,0.00975447,0,0.16607970,0.03797536,0.04003702,0.00000000,0.00975447
5787,0,0.01219604,0,0.16607970,0.11807696,0.12009351,0.02262998,0.01219604
9386,0,0.01940349,0,0.16607970,0.01686928,0.01823835,0.06988945,0.01940349
3051,0,0.00985987,0,0.16607970,0.07233408,0.07472256,0.00108753,0.00985987
5967,0,0.01124438,0,0.16607970,0.02400758,0.02567536,0.01439319,0.01124438
9216,0,0.00990931,0,0.16607970,0.13497634,0.13670622,0.00159373,0.00990931
8271,0,0.00976488,0,0.16607970,0.05141318,0.05368935,0.00010796,0.00976488
10286,0,0.00989583,0,0.16607970,0.15977558,0.16097962,0.00145597,0.00989583
3131,0,0.01719571,0,0.16607970,0.29004079,0.28727557,0.05756100,0.01719571
27,1,0.99498631,1,0.16607970,0.37732915,0.37146875,0.99303201,0.99498631
1481,1,0.99413516,1,0.16607970,0.65675248,0.64339794,0.97723515,0.99413516
10501,0,0.01894260,0,0.16607970,0.14362631,0.14518577,0.06743370,0.01894260
10558,0,0.01253445,0,0.16607970,0.14258636,0.14416708,0.02540668,0.01253445
5819,0,0.00985197,0,0.16607970,0.00764867,0.00847042,0.00100644,0.00985197
11614,0,0.01404926,0,0.16607970,0.26913606,0.26709047,0.03699185,0.01404926
6737,0,0.21559377,0,0.16607970,0.10966805,0.11180151,0.33352581,0.21559377
10340,0,0.01017982,0,0.16607970,0.05257390,0.05486269,0.00431964,0.01017982
6978,0,0.01081931,0,0.16607970,0.05154442,0.05382206,0.01048896,0.01081931
1945,1,0.75098284,1,0.16607970,0.03075184,0.03263607,0.57353719,0.75098284
6950,0,0.01083333,0,0.16607970,0.09872988,0.10098620,0.01062016,0.01083333
10998,0,0.01010825,0,0.16607970,0.62119146,0.60835813,0.00360550,0.01010825
7343,0,0.01770322,0,0.16607970,0.05054103,0.05280715,0.06052717,0.01770322
4854,0,0.01091023,0,0.16607970,0.03225056,0.03417582,0.01133668,0.01091023
7302,0,0.01006147,0,0.16607970,0.16306825,0.16419441,0.00313601,0.01006147
11551,0,0.01203627,0,0.16607970,0.75695243,0.74327384,0.02129251,0.01203627
1271,1,0.98455803,1,0.16607970,0.08029331,0.08266964,0.87926288,0.98455803
9265,0,0.01070619,0,0.16607970,0.00889738,0.00980847,0.00942443,0.01070619
11529,0,0.01358461,0,0.16607970,0.30238330,0.29918612,0.03357483,0.01358461
2599,0,0.00979709,0,0.16607970,0.24367690,0.24247926,0.00044125,0.00979709
5908,0,0.01041153,0,0.16607970,0.25622230,0.25461140,0.00659827,0.01041153
5021,0,0.01058160,0,0.16607970,0.10322990,0.10543991,0.00823896,0.01058160
10132,0,0.00995668,0,0.16607970,0.10085351,0.10308874,0.00207634,0.00995668
11006,0,0.01598810,0,0.16607970,0.28793252,0.28524062,0.05014209,0.01598810
6667,0,0.01061823,0,0.16607970,0.07956787,0.08194639,0.00858887,0.01061823
7544,0,0.01180881,0,0.16607970,0.05417998,0.05648486,0.01935781,0.01180881
246,1,0.99395767,1,0.16607970,0.42171796,0.41431099,0.97422980,0.99395767
11234,0,0.01034538,0,0.16607970,0.19738733,0.19761001,0.00595286,0.01034538
11632,0,0.01303553,0,0.16607970,0.59437748,0.58205041,0.02938502,0.01303553
10396,0,0.01232391,0,0.16607970,0.43470820,0.42686122,0.02368804,0.01232391
9608,0,0.01153046,0,0.16607970,0.02334859,0.02499210,0.01693952,0.01153046
8035,0,0.01200346,0,0.16607970,0.11791912,0.11993803,0.02101572,0.01200346
10512,0,0.01145964,0,0.16607970,0.05586751,0.05818761,0.01631501,0.01145964
8675,0,0.01253903,0,0.16607970,0.03093315,0.03282246,0.02544372,0.01253903
5516,0,0.01306034,0,0.16607970,0.02991381,0.03177405,0.02957806,0.01306034
4315,0,0.01185082,0,0.16607970,0.31773247,0.31399301,0.01971789,0.01185082
1816,1,0.99437683,1,0.16607970,0.19200781,0.19238205,0.98147566,0.99437683
293,1,0.99309196,1,0.16607970,0.29174500,0.28892040,0.96072652,0.99309196
2180,0,0.01198842,0,0.16607970,0.05221959,0.05450461,0.02088858,0.01198842
889,1,0.30785345,0,0.16607970,0.02889348,0.03072347,0.38175642,0.30785345
5244,0,0.01142865,0,0.16607970,0.05129603,0.05357088,0.01604062,0.01142865
3899,0,0.00983827,0,0.16607970,0.11139895,0.11350987,0.00086565,0.00983827
6299,0,0.01165877,0,0.16607970,0.24695306,0.24564844,0.01806136,0.01165877
6917,0,0.01163954,0,0.16607970,0.16266571,0.16380148,0.01789404,0.01163954
771,1,0.01212378,0,0.16607970,0.26468376,0.26278900,0.02202724,0.01212378
5865,0,0.05781870,0,0.16607970,0.46795358,0.45901738,0.18329482,0.05781870
5444,0,0.02283326,0,0.16607970,0.40107555,0.39438084,0.08654912,0.02283326
8394,0,0.01072404,0,0.16607970,0.09015584,0.09248270,0.00959316,0.01072404
6035,0,0.03150498,0,0.16607970,0.38415318,0.37805174,0.11969849,0.03150498
9573,0,0.90978501,1,0.16607970,0.23865411,0.23761908,0.69449031,0.90978501
11254,0,0.01941933,0,0.16607970,0.24382848,0.24262591,0.06997286,0.01941933
8479,0,0.00986389,0,0.16607970,0.12738512,0.12925178,0.00112881,0.00986389
3274,0,0.01045258,0,0.16607970,0.19227913,0.19264580,0.00699663,0.01045258
215,1,0.99305421,1,0.16607970,0.39567839,0.38917211,0.96017662,0.99305421
9739,0,0.01658566,0,0.16607970,0.19221013,0.19257873,0.05387957,0.01658566
5570,0,0.01026171,0,0.16607970,0.03878072,0.04085917,0.00513072,0.01026171
9553,0,0.00984615,0,0.16607970,0.09647252,0.09874972,0.00094662,0.00984615
5886,0,0.01710976,0,0.16607970,0.43937621,0.43137291,0.05705015,0.01710976
10581,0,0.01162741,0,0.16607970,0.05555646,0.05787388,0.01778829,0.01162741
5548,0,0.00975447,0,0.16607970,0.00357737,0.00405283,0.00000000,0.00975447
6900,0,0.01269047,0,0.16607970,0.16093623,0.16211301,0.02666200,0.01269047
5088,0,0.01061044,0,0.16607970,0.03896327,0.04104546,0.00851459,0.01061044
4260,0,0.01448737,0,0.16607970,0.32636734,0.32232110,0.04011325,0.01448737
4413,0,0.01625771,0,0.16607970,0.06358398,0.06595326,0.05184509,0.01625771
813,1,0.98276539,1,0.16607970,0.23875379,0.23771555,0.86807559,0.98276539
10754,0,0.01262457,0,0.16607970,0.16735038,0.16837271,0.02613368,0.01262457
8579,0,0.01008903,0,0.16607970,0.03117586,0.03307194,0.00341283,0.01008903
11380,0,0.01589552,0,0.16607970,0.18693806,0.18745200,0.04955081,0.01589552
6848,0,0.01227003,0,0.16607970,0.30968190,0.30622746,0.02324358,0.01227003
6971,0,0.01168325,0,0.16607970,0.02134923,0.02291531,0.01827406,0.01168325
466,1,0.99503447,1,0.16607970,0.55291795,0.54153968,0.99400392,0.99503447
8738,0,0.01554454,0,0.16607970,0.15726380,0.15852608,0.04727787,0.01554454
10087,0,0.01958507,0,0.16607970,0.42684880,0.41926720,0.07084132,0.01958507
9958,0,0.00978302,0,0.16607970,0.03923599,0.04132369,0.00029580,0.00978302
441,1,0.98868698,1,0.16607970,0.16648689,0.16753038,0.91085703,0.98868698
7966,0,0.01511262,0,0.16607970,0.01559755,0.01690395,0.04441043,0.01511262
5563,0,0.00980480,0,0.16607970,0.04962167,0.05187667,0.00052083,0.00980480
3904,0,0.02110156,0,0.16607970,0.63217299,0.61915950,0.07846907,0.02110156
6431,0,0.01517512,0,0.16607970,0.49975539,0.48983924,0.04483033,0.01517512
6995,0,0.88376633,1,0.16607970,0.15854777,0.15978041,0.66619238,0.88376633
9142,0,0.01149125,0,0.16607970,0.04003428,0.04213779,0.01659428,0.01149125
9005,0,0.04048409,0,0.16607970,0.06590273,0.06828068,0.14575755,0.04048409
6440,0,0.02861246,0,0.16607970,0.02976183,0.03161763,0.10975038,0.02861246
11852,0,0.01317369,0,0.16607970,0.36192229,0.35660880,0.03045546,0.01317369
4649,0,0.00976073,0,0.16607970,0.04193410,0.04407311,0.00006494,0.00976073
7646,0,0.01433404,0,0.16607970,0.13523889,0.13696382,0.03903155,0.01433404
6214,0,0.01115684,0,0.16607970,0.20014260,0.20028639,0.01360126,0.01115684
540,1,0.98449595,1,0.16607970,0.19200630,0.19238057,0.87885458,0.98449595
2023,0,0.01776842,0,0.16607970,0.36169916,0.35639360,0.06090214,0.01776842
2766,0,0.01196662,0,0.16607970,0.22959178,0.22884553,0.02070393,0.01196662
5480,0,0.01172247,0,0.16607970,0.07271302,0.07510154,0.01861383,0.01172247
11065,0,0.01004394,0,0.16607970,0.04527994,0.04747467,0.00295951,0.01004394
7385,0,0.01199478,0,0.16607970,0.07123678,0.07362482,0.02094236,0.01199478
8309,0,0.01066913,0,0.16607970,0.02086029,0.02240651,0.00907319,0.01066913
1754,1,0.02550252,0,0.16607970,0.44416770,0.43600501,0.09790091,0.02550252
11731,0,0.02451416,0,0.16607970,0.06614913,0.06852784,0.09383893,0.02451416
7176,0,0.01024592,0,0.16607970,0.01962222,0.02111643,0.00497484,0.01024592
7833,0,0.01032663,0,0.16607970,0.03925833,0.04134649,0.00576923,0.01032663
1995,0,0.00986828,0,0.16607970,0.24093200,0.23982344,0.00117387,0.00986828
2475,0,0.01305557,0,0.16607970,0.04446465,0.04664658,0.02954103,0.01305557
2620,0,0.01016488,0,0.16607970,0.06483106,0.06720533,0.00417098,0.01016488
11049,0,0.01053422,0,0.16607970,0.02476687,0.02646185,0.00778450,0.01053422
1567,1,0.99308414,1,0.16607970,0.71855377,0.70477365,0.96061238,0.99308414
11351,0,0.01075020,0,0.16607970,0.10926262,0.11140125,0.00983992,0.01075020
10555,0,0.01175032,0,0.16607970,0.07096204,0.07334988,0.01885438,0.01175032
775,1,0.99109132,1,0.16607970,0.60266801,0.59017476,0.93504035,0.99109132
10001,0,0.00976885,0,0.16607970,0.03492288,0.03691566,0.00014909,0.00976885
4919,0,0.00991187,0,0.16607970,0.10182669,0.10405180,0.00161989,0.00991187
10883,0,0.00997817,0,0.16607970,0.05547967,0.05779641,0.00229456,0.00997817
3546,0,0.01597597,0,0.16607970,0.14041054,0.14203509,0.05006478,0.01597597
6996,0,0.01016256,0,0.16607970,0.07865336,0.08103434,0.00414793,0.01016256
3801,0,0.01687751,0,0.16607970,0.24064442,0.23954516,0.05565711,0.01687751
1263,1,0.99488179,1,0.16607970,0.67596396,0.66240716,0.99095413,0.99488179
11663,0,0.01199150,0,0.16607970,0.26384658,0.26198008,0.02091457,0.01199150
5622,0,0.01655359,0,0.16607970,0.24337620,0.24218834,0.05368235,0.01655359
4578,0,0.01279222,0,0.16607970,0.04860132,0.05084332,0.02747251,0.01279222
6479,0,0.00978072,0,0.16607970,0.02146167,0.02303226,0.00027199,0.00978072
7500,0,0.01326711,0,0.16607970,0.09195284,0.09426693,0.03117299,0.01326711
2605,0,0.01013690,0,0.16607970,0.05263987,0.05492935,0.00389204,0.01013690
9136,0,0.01326512,0,0.16607970,0.17672051,0.17750620,0.03115777,0.01326512
9382,0,0.01381521,0,0.16607970,0.18726262,0.18776771,0.03528484,0.01381521
9555,0,0.01095974,0,0.16607970,0.05512823,0.05744186,0.01179530,0.01095974
2447,0,0.01225101,0,0.16607970,0.11849000,0.12050034,0.02308621,0.01225101
10702,0,0.01099451,0,0.16607970,0.20839681,0.20829945,0.01211621,0.01099451
4685,0,0.02885682,0,0.16607970,0.04936887,0.05162071,0.11062764,0.02885682
3878,0,0.00980604,0,0.16607970,0.07075896,0.07314663,0.00053358,0.00980604
8345,0,0.01037002,0,0.16607970,0.27777604,0.27543514,0.00619371,0.01037002
4777,0,0.01037343,0,0.16607970,0.01271842,0.01386975,0.00622700,0.01037343
8751,0,0.01920536,0,0.16607970,0.19328228,0.19362090,0.06884083,0.01920536
9213,0,0.01103035,0,0.16607970,0.00890888,0.00982076,0.01244596,0.01103035
11480,0,0.01779711,0,0.16607970,0.07655797,0.07894330,0.06106673,0.01779711
9757,0,0.01125311,0,0.16607970,0.03876958,0.04084781,0.01447188,0.01125311
1169,1,0.99487808,1,0.16607970,0.61837685,0.60559233,0.99088129,0.99487808
4592,0,0.01828691,0,0.16607970,0.71433163,0.70055874,0.06383702,0.01828691
1709,1,0.99500691,1,0.16607970,0.68975248,0.67608799,0.99344660,0.99500691
6449,0,0.01016444,0,0.16607970,0.01568314,0.01699385,0.00416658,0.01016444
9047,0,0.01587342,0,0.16607970,0.18741741,0.18791828,0.04940910,0.01587342
3613,0,0.01134700,0,0.16607970,0.23267093,0.23182725,0.01531392,0.01134700
2260,0,0.01329109,0,0.16607970,0.09432306,0.09661864,0.03135631,0.01329109
11319,0,0.01236342,0,0.16607970,0.15698542,0.15825408,0.02401274,0.01236342
11836,0,0.00983280,0,0.16607970,0.01416473,0.01539637,0.00080941,0.00983280
11349,0,0.01015851,0,0.16607970,0.10666359,0.10883424,0.00410753,0.01015851
6416,0,0.01695171,0,0.16607970,0.17947993,0.18019358,0.05610419,0.01695171
2439,0,0.01171093,0,0.16607970,0.44223468,0.43413616,0.01851397,0.01171093
4535,0,0.01075217,0,0.16607970,0.00954529,0.01050040,0.00985848,0.01075217
992,1,0.98847348,1,0.16607970,0.39397323,0.38752664,0.90896212,0.98847348
11182,0,0.01600963,0,0.16607970,0.25085252,0.24941969,0.05027913,0.01600963
2304,0,0.00979599,0,0.16607970,0.00948757,0.01043882,0.00042987,0.00979599
1750,1,0.99095946,1,0.16607970,0.29783728,0.29479970,0.93355483,0.99095946
229,1,0.98990115,1,0.16607970,0.22911020,0.22837912,0.92235572,0.98990115
3629,0,0.01039787,0,0.16607970,0.14453897,0.14607959,0.00646534,0.01039787
1520,1,0.98729471,1,0.16607970,0.11596937,0.11801694,0.89908659,0.98729471
3989,0,0.01620302,0,0.16607970,0.12420832,0.12612843,0.05150189,0.01620302
6277,0,0.01195187,0,0.16607970,0.18326315,0.18387639,0.02057887,0.01195187
8967,0,0.01124114,0,0.16607970,0.16452819,0.16561926,0.01436402,0.01124114
9034,0,0.00982894,0,0.16607970,0.03319494,0.03514486,0.00076966,0.00982894
7650,0,0.01039103,0,0.16607970,0.11159118,0.11369954,0.00639865,0.01039103
8392,0,0.00980191,0,0.16607970,0.14261778,0.14419787,0.00049100,0.00980191
3624,0,0.01166353,0,0.16607970,0.04567175,0.04787247,0.01810274,0.01166353
8954,0,0.01053482,0,0.16607970,0.06465713,0.06703075,0.00779028,0.01053482
439,1,0.99449320,1,0.16607970,0.37961431,0.37367309,0.98358279,0.99449320
1951,1,0.99413237,1,0.16607970,0.40827481,0.40133007,0.97718715,0.99413237
9460,0,0.01292291,0,0.16607970,0.31217344,0.30863091,0.02850421,0.01292291
6251,0,0.01262475,0,0.16607970,0.61791213,0.60513577,0.02613513,0.01262475
7988,0,0.01509582,0,0.16607970,0.17209706,0.17300109,0.04429731,0.01509582
4229,0,0.01007444,0,0.16607970,0.13795213,0.13962507,0.00326639,0.01007444
3582,0,0.01157778,0,0.16607970,0.03122971,0.03312728,0.01735472,0.01157778
5327,0,0.01015145,0,0.16607970,0.02921891,0.03105867,0.00403716,0.01015145
8720,0,0.00981966,0,0.16607970,0.12114108,0.12311057,0.00067403,0.00981966
2267,0,0.01944952,0,0.16607970,0.08347698,0.08584129,0.07013159,0.01944952
6543,0,0.00976218,0,0.16607970,0.02164979,0.02322789,0.00008000,0.00976218
1508,1,0.91586456,1,0.16607970,0.10747784,0.10963866,0.70214816,0.91586456
8572,0,0.01244236,0,0.16607970,0.10946298,0.11159907,0.02465844,0.01244236
6081,0,0.01126866,0,0.16607970,0.09022869,0.09255504,0.01461181,0.01126866
2945,0,0.01365670,0,0.16607970,0.02119800,0.02275798,0.03411247,0.01365670
471,1,0.98202847,1,0.16607970,0.13476589,0.13649973,0.86380529,0.98202847
6129,0,0.01041994,0,0.16607970,0.02964343,0.03149577,0.00667995,0.01041994
8107,0,0.00981684,0,0.16607970,0.07731644,0.07970040,0.00064499,0.00981684
7576,0,0.03380518,0,0.16607970,0.17056045,0.17150314,0.12699748,0.03380518
11827,0,0.01932131,0,0.16607970,0.45029723,0.44193229,0.06945581,0.01932131
2432,0,0.01810888,0,0.16607970,0.12878394,0.13062634,0.06283858,0.01810888
7296,0,0.01363477,0,0.16607970,0.22054462,0.22008020,0.03394922,0.01363477
5658,0,0.01380443,0,0.16607970,0.08525259,0.08760853,0.03520556,0.01380443
7846,0,0.01164698,0,0.16607970,0.06914407,0.07152973,0.01795881,0.01164698
10995,0,0.01051869,0,0.16607970,0.07385159,0.07623982,0.00763510,0.01051869
3670,0,0.01017640,0,0.16607970,0.02710810,0.02888224,0.00428571,0.01017640
9221,0,0.00980615,0,0.16607970,0.02242620,0.02403472,0.00053478,0.00980615
2473,0,0.02632522,0,0.16607970,0.50286806,0.49285981,0.10116681,0.02632522
9896,0,0.01024794,0,0.16607970,0.02178004,0.02336330,0.00499481,0.01024794
3787,0,0.01095980,0,0.16607970,0.25290582,0.25140510,0.01179584,0.01095980
7964,0,0.01077615,0,0.16607970,0.03619413,0.03821662,0.01008407,0.01077615
791,1,0.96912678,1,0.16607970,0.10423107,0.10642996,0.80826349,0.96912678
2124,0,0.00975447,0,0.16607970,0.07217905,0.07456751,0.00000000,0.00975447
8757,0,0.01370385,0,0.16607970,0.33390538,0.32959069,0.03446256,0.01370385
11,1,0.99514249,1,0.16607970,0.65700733,0.64364972,0.99621859,0.99514249
8856,0,0.01018289,0,0.16607970,0.04699139,0.04921145,0.00435023,0.01018289
1629,1,0.99068932,1,0.16607970,0.28508301,0.28248997,0.93057739,0.99068932
140,1,0.99293807,1,0.16607970,0.61752690,0.60475731,0.95850345,0.99293807
66,1,0.99428936,1,0.16607970,0.20151187,0.20161616,0.97992033,0.99428936
10821,0,0.01122981,0,0.16607970,0.08482923,0.08718727,0.01426180,0.01122981
5944,0,0.01069840,0,0.16607970,0.07171507,0.07410337,0.00935063,0.01069840
1046,1,0.99437258,1,0.16607970,0.35042554,0.34552169,0.98139952,0.99437258
1316,1,0.99495115,1,0.16607970,0.26555585,0.26363162,0.99232826,0.99495115
1371,1,0.99355642,1,0.16607970,0.32989763,0.32572573,0.96774733,0.99355642
9399,0,0.01154304,0,0.16607970,0.03960620,0.04170129,0.01705011,0.01154304
11843,0,0.00988056,0,0.16607970,0.15939080,0.16060383,0.00129971,0.00988056
998,1,0.82584516,1,0.16607970,0.01040805,0.01141954,0.61888656,0.82584516
7411,0,0.01345486,0,0.16607970,0.02041270,0.02194041,0.03260007,0.01345486
11972,0,0.01119895,0,0.16607970,0.56539776,0.55371435,0.01398297,0.01119895
2415,0,0.01384638,0,0.16607970,0.23221159,0.23138249,0.03551383,0.01384638
7439,0,0.01014985,0,0.16607970,0.10255881,0.10477612,0.00402125,0.01014985
7210,0,0.01010931,0,0.16607970,0.05289477,0.05518690,0.00361607,0.01010931
858,1,0.99440540,1,0.16607970,0.65756126,0.64419703,0.98198892,0.99440540
9274,0,0.01054792,0,0.16607970,0.07711896,0.07950330,0.00791612,0.01054792
526,1,0.99267384,1,0.16607970,0.54574220,0.53454645,0.95479615,0.99267384
3528,0,0.01016618,0,0.16607970,0.05231599,0.05460205,0.00418399,0.01016618
5849,0,0.00978956,0,0.16607970,0.05128899,0.05356376,0.00036344,0.00978956
11767,0,0.00976069,0,0.16607970,0.03127191,0.03317064,0.00006452,0.00976069
415,1,0.91574839,1,0.16607970,0.17247840,0.17337278,0.70199721,0.91574839
869,1,0.98350742,1,0.16607970,0.18370560,0.18430698,0.87256079,0.98350742
10297,0,0.00984788,0,0.16607970,0.12449603,0.12641140,0.00096448,0.00984788
9343,0,0.02122152,0,0.16607970,0.30441156,0.30114301,0.07904931,0.02122152
5285,0,0.02016272,0,0.16607970,0.30239630,0.29919867,0.07381286,0.02016272
3996,0,0.01019237,0,0.16607970,0.00704602,0.00782232,0.00444444,0.01019237
5440,0,0.01064394,0,0.16607970,0.24857394,0.24721614,0.00883376,0.01064394
1196,1,0.99511201,1,0.16607970,0.52600070,0.51533206,0.99558889,0.99511201
9502,0,0.01172930,0,0.16607970,0.29808454,0.29503829,0.01867284,0.01172930
5375,0,0.08395360,0,0.16607970,0.69308072,0.67939514,0.22348216,0.08395360
9197,0,0.01068629,0,0.16607970,0.21307491,0.21283784,0.00923599,0.01068629
11886,0,0.01957476,0,0.16607970,0.41296890,0.40586204,0.07078752,0.01957476
6668,0,0.00980528,0,0.16607970,0.12614192,0.12802977,0.00052573,0.00980528
11746,0,0.01072199,0,0.16607970,0.01046059,0.01147544,0.00957374,0.01072199
9848,0,0.01010963,0,0.16607970,0.14079329,0.14241019,0.00361936,0.01010963
3204,0,0.02996284,0,0.16607970,0.04230602,0.04445165,0.11451041,0.02996284
4604,0,0.00998009,0,0.16607970,0.13102219,0.13282488,0.00231401,0.00998009
10538,0,0.01173210,0,0.16607970,0.48484349,0.47537833,0.01869707,0.01173210
9232,0,0.01030047,0,0.16607970,0.02113056,0.02268780,0.00551246,0.01030047
4889,0,0.00975447,0,0.16607970,0.03203900,0.03395861,0.00000000,0.00975447
1606,1,0.03865788,0,0.16607970,0.22574412,0.22511856,0.14094208,0.03865788
4547,0,0.01386949,0,0.16607970,0.35598220,0.35088026,0.03568323,0.01386949
5416,0,0.01251449,0,0.16607970,0.30846450,0.30505305,0.02524499,0.01251449
9655,0,0.01078899,0,0.16607970,0.02245935,0.02406915,0.01020469,0.01078899
7132,0,0.01096752,0,0.16607970,0.04774857,0.04997916,0.01186727,0.01096752
9022,0,0.00984307,0,0.16607970,0.22194997,0.22144223,0.00091497,0.00984307
8873,0,0.01414243,0,0.16607970,0.50125077,0.49129028,0.03766363,0.01414243
5293,0,0.01123603,0,0.16607970,0.09105308,0.09337370,0.01431796,0.01123603
539,1,0.85783837,1,0.16607970,0.05288976,0.05518183,0.64303291,0.85783837
8366,0,0.01036473,0,0.16607970,0.08041566,0.08279160,0.00614208,0.01036473
1111,1,0.99511201,1,0.16607970,0.53318274,0.52231823,0.99558889,0.99511201
10436,0,0.01390755,0,0.16607970,0.11674933,0.11878555,0.03596168,0.01390755
7059,0,0.01212521,0,0.16607970,0.02355300,0.02520411,0.02203923,0.01212521
31,1,0.99233409,1,0.16607970,0.34145815,0.33687416,0.95021975,0.99233409
9997,0,0.00978720,0,0.16607970,0.08595006,0.08830238,0.00033898,0.00978720
10456,0,0.01030663,0,0.16607970,0.08314998,0.08551571,0.00557294,0.01030663
2058,0,0.01368140,0,0.16607970,0.06468384,0.06705756,0.03429605,0.01368140
5107,0,0.01232829,0,0.16607970,0.01905657,0.02052618,0.02372408,0.01232829
11751,0,0.01569972,0,0.16607970,0.47447177,0.46532928,0.04828896,0.01569972
8593,0,0.01162735,0,0.16607970,0.30738604,0.30401265,0.01778779,0.01162735
921,1,0.99422065,1,0.16607970,0.24160470,0.24047435,0.97871493,0.99422065
11713,0,0.02055552,0,0.16607970,0.60890830,0.59629557,0.07578629,0.02055552
5645,0,0.03115883,0,0.16607970,0.29628976,0.29330638,0.11855570,0.03115883
11070,0,0.01432843,0,0.16607970,0.35874915,0.35354863,0.03899175,0.01432843
6109,0,0.02485217,0,0.16607970,0.67016587,0.65666387,0.09524575,0.02485217
7615,0,0.01086613,0,0.16607970,0.04828275,0.05052055,0.01092639,0.01086613
11543,0,0.01023746,0,0.16607970,0.11166149,0.11376892,0.00489129,0.01023746
1952,1,0.99335924,1,0.16607970,0.65188923,0.63859506,0.96470716,0.99335924
7780,0,0.01493854,0,0.16607970,0.17859137,0.17932832,0.04323186,0.01493854
4546,0,0.01710178,0,0.16607970,0.01716811,0.01855144,0.05700260,0.01710178
5639,0,0.01208403,0,0.16607970,0.06429749,0.06666972,0.02169413,0.01208403
10466,0,0.00979794,0,0.16607970,0.06794889,0.07033229,0.00045000,0.00979794
475,1,0.98431170,1,0.16607970,0.69897195,0.68525387,0.87765211,0.98431170
4665,0,0.01254211,0,0.16607970,0.09311198,0.09541725,0.02546866,0.01254211
5177,0,0.01035361,0,0.16607970,0.10134057,0.10357077,0.00603338,0.01035361
1845,1,0.99491973,1,0.16607970,0.24694067,0.24563646,0.99170356,0.99491973
848,1,0.40554757,0,0.16607970,0.13225994,0.13404019,0.42461787,0.40554757
3123,0,0.00980396,0,0.16607970,0.23455236,0.23364880,0.00051211,0.00980396
4189,0,0.02365256,0,0.16607970,0.04713067,0.04935269,0.09016543,0.02365256
9568,0,0.01018738,0,0.16607970,0.09056337,0.09288742,0.00439482,0.01018738
10218,0,0.01009060,0,0.16607970,0.05068613,0.05295396,0.00342857,0.01009060
8778,0,0.00982109,0,0.16607970,0.05247097,0.05475867,0.00068877,0.00982109
10962,0,0.01227118,0,0.16607970,0.09681140,0.09908558,0.02325303,0.01227118
6796,0,0.01017914,0,0.16607970,0.08354208,0.08590611,0.00431294,0.01017914
8482,0,0.01387820,0,0.16607970,0.14164782,0.14324756,0.03574704,0.01387820
9749,0,0.00976144,0,0.16607970,0.05542526,0.05774153,0.00007229,0.00976144
3472,0,0.01214082,0,0.16607970,0.22220617,0.22169051,0.02216974,0.01214082
6735,0,0.00975857,0,0.16607970,0.02754621,0.02933441,0.00004260,0.00975857
2268,0,0.01107671,0,0.16607970,0.18826675,0.18874438,0.01287085,0.01107671
9369,0,0.01012551,0,0.16607970,0.04625126,0.04846062,0.00377821,0.01012551
6772,0,0.00978247,0,0.16607970,0.07135163,0.07373974,0.00029006,0.00978247
1515,1,0.95559098,1,0.16607970,0.11639010,0.11843157,0.77042716,0.95559098
5181,0,0.01239830,0,0.16607970,0.08891482,0.09124984,0.02429857,0.01239830
10042,0,0.01043807,0,0.16607970,0.18375772,0.18435770,0.00685603,0.01043807
7249,0,0.01072300,0,0.16607970,0.07322019,0.07560865,0.00958333,0.01072300
6781,0,0.00976073,0,0.16607970,0.02427353,0.02595092,0.00006494,0.00976073
3248,0,0.00976851,0,0.16607970,0.08348508,0.08584936,0.00014558,0.00976851
6570,0,0.00985939,0,0.16607970,0.12396320,0.12588734,0.00108269,0.00985939
5832,0,0.00986355,0,0.16607970,0.13154221,0.13333552,0.00112532,0.00986355
7332,0,0.00994695,0,0.16607970,0.00606572,0.00676436,0.00197740,0.00994695
1159,1,0.99490062,1,0.16607970,0.47451654,0.46537264,0.99132535,0.99490062
11136,0,0.00983830,0,0.16607970,0.07305629,0.07544479,0.00086599,0.00983830
10379,0,0.01159622,0,0.16607970,0.07640208,0.07878766,0.01751606,0.01159622
1890,1,0.99486687,1,0.16607970,0.21044394,0.21028570,0.99066097,0.99486687
8003,0,0.01411914,0,0.16607970,0.07440743,0.07679533,0.03749615,0.01411914
1682,1,0.99499839,1,0.16607970,0.40312538,0.39635931,0.99327506,0.99499839
1855,1,0.99184294,1,0.16607970,0.29184050,0.28901257,0.94394793,0.99184294
11962,0,0.01098112,0,0.16607970,0.00836181,0.00923535,0.01199276,0.01098112
11383,0,0.00980641,0,0.16607970,0.00376872,0.00426300,0.00053741,0.00980641
9230,0,0.01173439,0,0.16607970,0.42582985,0.41828284,0.01871684,0.01173439
8350,0,0.01172812,0,0.16607970,0.26466825,0.26277402,0.01866264,0.01172812
6204,0,0.01100233,0,0.16607970,0.04680205,0.04901940,0.01218825,0.01100233
7526,0,0.01403942,0,0.16607970,0.03139041,0.03329241,0.03692069,0.01403942
5949,0,0.00980215,0,0.16607970,0.03958196,0.04167658,0.00049341,0.00980215
7064,0,0.01199666,0,0.16607970,0.26943111,0.26737548,0.02095826,0.01199666
1861,1,0.97940290,1,0.16607970,0.12625700,0.12814291,0.84987400,0.97940290
8220,0,0.01032663,0,0.16607970,0.01848465,0.01992881,0.00576923,0.01032663
1109,1,0.99393027,1,0.16607970,0.35700035,0.35186213,0.97377375,0.99393027
5628,0,0.01241179,0,0.16607970,0.14705334,0.14854127,0.02440893,0.01241179
8157,0,0.08894362,0,0.16607970,0.58652919,0.57436702,0.22981468,0.08894362
6146,0,0.08974363,0,0.16607970,0.45740431,0.44880734,0.23079990,0.08974363
9998,0,0.01410945,0,0.16607970,0.60175567,0.58928029,0.03742637,0.01410945
1149,1,0.97870073,1,0.16607970,0.20307194,0.20313096,0.84644327,0.97870073
9285,0,0.01791718,0,0.16607970,0.37824462,0.37235183,0.06175270,0.01791718
2769,0,0.00980253,0,0.16607970,0.20166265,0.20176257,0.00049742,0.00980253
3998,0,0.00980302,0,0.16607970,0.04383823,0.04600998,0.00050247,0.00980302
4847,0,0.04852958,0,0.16607970,0.06522622,0.06760191,0.16476341,0.04852958
9747,0,0.01040072,0,0.16607970,0.08258211,0.08495019,0.00649309,0.01040072
8022,0,0.01070127,0,0.16607970,0.08439689,0.08675701,0.00937785,0.01070127
344,1,0.99334297,1,0.16607970,0.30545680,0.30215143,0.96446038,0.99334297
3908,0,0.01130913,0,0.16607970,0.11409573,0.11616993,0.01497510,0.01130913
4969,0,0.01175060,0,0.16607970,0.00716576,0.00795122,0.01885679,0.01175060
2718,0,0.03774407,0,0.16607970,0.39683071,0.39028412,0.13844994,0.03774407
11081,0,0.00975716,0,0.16607970,0.02510037,0.02680706,0.00002793,0.00975716
10377,0,0.01146213,0,0.16607970,0.08967960,0.09200965,0.01633704,0.01146213
5481,0,0.02848058,0,0.16607970,0.04301772,0.04517571,0.10927387,0.02848058
6934,0,0.00975447,0,0.16607970,0.00799136,0.00883825,0.00000000,0.00975447
6634,0,0.00982233,0,0.16607970,0.06306391,0.06543087,0.00070152,0.00982233
18,1,0.86108045,1,0.16607970,0.04124912,0.04337566,0.64572239,0.86108045
5262,0,0.00989998,0,0.16607970,0.05185930,0.05414042,0.00149836,0.00989998
4597,0,0.01019776,0,0.16607970,0.06854685,0.07093147,0.00449789,0.01019776
10969,0,0.00975447,0,0.16607970,0.00964090,0.01060238,0.00000000,0.00975447
9774,0,0.01304159,0,0.16607970,0.07873000,0.08111078,0.02943220,0.01304159
892,1,0.96992114,1,0.16607970,0.14281348,0.14438958,0.81095738,0.96992114
2355,0,0.01042144,0,0.16607970,0.03535639,0.03735947,0.00669460,0.01042144
4194,0,0.01450848,0,0.16607970,0.29343986,0.29055612,0.04026124,0.01450848
8605,0,0.00975447,0,0.16607970,0.01750731,0.01890663,0.00000000,0.00975447
11605,0,0.05243555,0,0.16607970,0.81856525,0.80577827,0.17293197,0.05243555
7910,0,0.01194915,0,0.16607970,0.06071437,0.06306912,0.02055584,0.01194915
5917,0,0.01179452,0,0.16607970,0.19618720,0.19644397,0.01923501,0.01179452
2851,0,0.00989804,0,0.16607970,0.04821688,0.05045380,0.00147857,0.00989804
2705,0,0.00975447,0,0.16607970,0.02206678,0.02366133,0.00000000,0.00975447
11792,0,0.01024846,0,0.16607970,0.04037961,0.04248979,0.00500000,0.01024846
3778,0,0.01034021,0,0.16607970,0.02671601,0.02847738,0.00590225,0.01034021
7453,0,0.01938586,0,0.16607970,0.07837485,0.08075651,0.06979658,0.01938586
4131,0,0.01280303,0,0.16607970,0.20334398,0.20339508,0.02755819,0.01280303
11327,0,0.00975447,0,0.16607970,0.03452001,0.03650305,0.00000000,0.00975447
9336,0,0.00977397,0,0.16607970,0.02316155,0.02479807,0.00020217,0.00977397
5128,0,0.01236612,0,0.16607970,0.05369295,0.05599311,0.02403489,0.01236612
3091,0,0.01153531,0,0.16607970,0.08229281,0.08466205,0.01698218,0.01153531
2913,0,0.00978720,0,0.16607970,0.06166342,0.06402345,0.00033898,0.00978720
5421,0,0.02343491,0,0.16607970,0.49641634,0.48659978,0.08921682,0.02343491
6517,0,0.01060783,0,0.16607970,0.05475909,0.05706937,0.00848966,0.01060783
5074,0,0.01138705,0,0.16607970,0.02359741,0.02525015,0.01567100,0.01138705
1467,1,0.99484195,1,0.16607970,0.24709112,0.24578199,0.99017326,0.99484195
4520,0,0.01027108,0,0.16607970,0.31472449,0.31109165,0.00522314,0.01027108
2387,0,0.01071696,0,0.16607970,0.25361674,0.25209245,0.00952620,0.01071696
6057,0,0.03361249,0,0.16607970,0.06618272,0.06856153,0.12640474,0.03361249
9714,0,0.01266415,0,0.16607970,0.34106076,0.33649094,0.02645134,0.01266415
11712,0,0.01013148,0,0.16607970,0.02580897,0.02754006,0.00383788,0.01013148
2068,0,0.01190604,0,0.16607970,0.16811882,0.16912223,0.02018928,0.01190604
11657,0,0.17637234,0,0.16607970,0.17018173,0.17113389,0.30851760,0.17637234
7223,0,0.01000816,0,0.16607970,0.05285031,0.05514197,0.00259834,0.01000816
8219,0,0.00994917,0,0.16607970,0.10607211,0.10824978,0.00200000,0.00994917
4370,0,0.01609984,0,0.16607970,0.16496109,0.16604170,0.05085131,0.01609984
7434,0,0.88002334,1,0.16607970,0.16455593,0.16564634,0.66259141,0.88002334
1079,1,0.95426641,1,0.16607970,0.10434456,0.10654217,0.76734334,0.95426641
5427,0,0.21971924,0,0.16607970,0.05342139,0.05571887,0.33595337,0.21971924
8889,0,0.00998216,0,0.16607970,0.09591457,0.09819669,0.00233499,0.00998216
1435,1,0.83693510,1,0.16607970,0.03858239,0.04065676,0.62681573,0.83693510
11940,0,0.01126820,0,0.16607970,0.03562323,0.03763256,0.01460763,0.01126820
4502,0,0.01028616,0,0.16607970,0.03468834,0.03667548,0.00537165,0.01028616
6143,0,0.01077227,0,0.16607970,0.22719604,0.22652508,0.01004759,0.01077227
5987,0,0.01251549,0,0.16607970,0.08747334,0.08981716,0.02525306,0.01251549
7407,0,0.01043144,0,0.16607970,0.02346948,0.02511749,0.00679165,0.01043144
3757,0,0.01482794,0,0.16607970,0.11411213,0.11618610,0.04247602,0.01482794
7835,0,0.01298934,0,0.16607970,0.10261616,0.10483284,0.02902472,0.01298934
3031,0,0.00983406,0,0.16607970,0.15141840,0.15281210,0.00082229,0.00983406
7708,0,0.02846693,0,0.16607970,0.40947930,0.40249290,0.10922442,0.02846693
6210,0,0.01019786,0,0.16607970,0.10624687,0.10842247,0.00449887,0.01019786
6926,0,0.00984768,0,0.16607970,0.07038362,0.07277093,0.00096239,0.00984768
6886,0,0.01095203,0,0.16607970,0.01926548,0.02074424,0.01172406,0.01095203
3012,0,0.03309607,0,0.16607970,0.15710109,0.15836710,0.12479982,0.03309607
6568,0,0.02454610,0,0.16607970,0.43946568,0.43145940,0.09397264,0.02454610
11592,0,0.00976497,0,0.16607970,0.03847360,0.04054572,0.00010893,0.00976497
4792,0,0.05817889,0,0.16607970,0.71598814,0.70221200,0.18395539,0.05817889
6567,0,0.01010106,0,0.16607970,0.04921885,0.05146880,0.00353344,0.01010106
6291,0,0.00985799,0,0.16607970,0.11095967,0.11307639,0.00106826,0.00985799
10259,0,0.00998372,0,0.16607970,0.17620260,0.17700169,0.00235088,0.00998372
8077,0,0.02616950,0,0.16607970,0.01498154,0.01625635,0.10055633,0.02616950
11323,0,0.00986460,0,0.16607970,0.09327501,0.09557900,0.00113612,0.00986460
1492,1,0.99405648,1,0.16607970,0.39048701,0.38416269,0.97589180,0.99405648
1720,1,0.01343278,0,0.16607970,0.47906471,0.46977846,0.03243322,0.01343278
4537,0,0.01178058,0,0.16607970,0.02521593,0.02692665,0.01911512,0.01178058
4714,0,0.01019506,0,0.16607970,0.07815513,0.08053731,0.00447114,0.01019506
559,1,0.99502606,1,0.16607970,0.66300649,0.64957967,0.99383353,0.99502606
4466,0,0.00993345,0,0.16607970,0.06903367,0.07141915,0.00184000,0.00993345
10583,0,0.00998437,0,0.16607970,0.12776028,0.12962048,0.00235743,0.00998437
11942,0,0.00990620,0,0.16607970,0.11471084,0.11677639,0.00156201,0.00990620
10757,0,0.01170723,0,0.16607970,0.01528833,0.01657897,0.01848186,0.01170723
3635,0,0.01694427,0,0.16607970,0.12329158,0.12522668,0.05605943,0.01694427
9687,0,0.02054992,0,0.16607970,0.40040108,0.39372987,0.07575838,0.02054992
11190,0,0.08377610,0,0.16607970,0.53973713,0.52869793,0.22325068,0.08377610
9814,0,0.01058897,0,0.16607970,0.11256597,0.11466123,0.00830941,0.01058897
9977,0,0.01272352,0,0.16607970,0.27024145,0.26815825,0.02692598,0.01272352
4731,0,0.01073066,0,0.16607970,0.10384119,0.10604444,0.00965562,0.01073066
4652,0,0.01072350,0,0.16607970,0.12089076,0.12286417,0.00958803,0.01072350
10928,0,0.01361662,0,0.16607970,0.00241978,0.00277341,0.03381387,0.01361662
7473,0,0.00976716,0,0.16607970,0.05571537,0.05803416,0.00013160,0.00976716
5859,0,0.03230651,0,0.16607970,0.65490317,0.64157117,0.12229872,0.03230651
8080,0,0.01146918,0,0.16607970,0.12829735,0.13014824,0.01639937,0.01146918
6166,0,0.01166626,0,0.16607970,0.00493564,0.00553820,0.01812645,0.01166626
9450,0,0.01003352,0,0.16607970,0.02835906,0.03017273,0.00285442,0.01003352
9417,0,0.01242904,0,0.16607970,0.08506555,0.08742242,0.02454979,0.01242904
4187,0,0.01439386,0,0.16607970,0.11314842,0.11523574,0.03945489,0.01439386
6720,0,0.00986607,0,0.16607970,0.07837427,0.08075593,0.00115116,0.00986607
10245,0,0.01014479,0,0.16607970,0.02054104,0.02207408,0.00397072,0.01014479
6771,0,0.01033317,0,0.16607970,0.01954845,0.02103949,0.00583333,0.01033317
2891,0,0.01105508,0,0.16607970,0.01077260,0.01180720,0.01267285,0.01105508
4400,0,0.01025239,0,0.16607970,0.05534761,0.05766319,0.00503878,0.01025239
7477,0,0.01002693,0,0.16607970,0.05887933,0.06122250,0.00278794,0.01002693
10783,0,0.01152920,0,0.16607970,0.06703257,0.06941378,0.01692850,0.01152920
231,1,0.97822720,1,0.16607970,0.17143596,0.17235666,0.84419160,0.97822720
11444,0,0.00976497,0,0.16607970,0.01807280,0.01949828,0.00010893,0.00976497
4356,0,0.01231063,0,0.16607970,0.05583813,0.05815797,0.02357866,0.01231063
2234,0,0.01049720,0,0.16607970,0.05690649,0.05923513,0.00742799,0.01049720
9090,0,0.00986639,0,0.16607970,0.18044160,0.18112990,0.00115451,0.00986639
4941,0,0.01036801,0,0.16607970,0.16270170,0.16383661,0.00617408,0.01036801
2629,0,0.01001651,0,0.16607970,0.07160663,0.07399488,0.00268274,0.01001651
1034,1,0.98967165,1,0.16607970,0.22676639,0.22610888,0.92008092,0.98967165
3918,0,0.01012947,0,0.16607970,0.10135258,0.10358265,0.00381781,0.01012947
7767,0,0.00977270,0,0.16607970,0.01576905,0.01708409,0.00018899,0.00977270
6198,0,0.00979758,0,0.16607970,0.12522927,0.12713245,0.00044629,0.00979758
9043,0,0.01005638,0,0.16607970,0.06167438,0.06403447,0.00308479,0.01005638
11795,0,0.01577335,0,0.16607970,0.19155986,0.19194656,0.04876527,0.01577335
9907,0,0.01045206,0,0.16607970,0.07236623,0.07475472,0.00699165,0.01045206
4725,0,0.01005878,0,0.16607970,0.00158615,0.00184082,0.00310893,0.01005878
3315,0,0.01397859,0,0.16607970,0.05109701,0.05336959,0.03647942,0.01397859
10630,0,0.01367047,0,0.16607970,0.01951059,0.02099999,0.03421486,0.01367047
4996,0,0.02416460,0,0.16607970,0.66095826,0.64755443,0.09236395,0.02416460
3940,0,0.01181153,0,0.16607970,0.11997431,0.12196198,0.01938118,0.01181153
8256,0,0.01283201,0,0.16607970,0.43665097,0.42873881,0.02778770,0.01283201
4626,0,0.01095043,0,0.16607970,0.02252593,0.02413830,0.01170927,0.01095043
6443,0,0.00978240,0,0.16607970,0.03505498,0.03705091,0.00028935,0.00978240
2293,0,0.01240949,0,0.16607970,0.18144606,0.18210776,0.02439013,0.01240949
4759,0,0.01440617,0,0.16607970,0.15129982,0.15269612,0.03954178,0.01440617
7979,0,0.01335336,0,0.16607970,0.06290541,0.06527164,0.03183097,0.01335336
8093,0,0.01188240,0,0.16607970,0.17019240,0.17114429,0.01998775,0.01188240
7152,0,0.01105327,0,0.16607970,0.07418919,0.07657723,0.01265622,0.01105327
11643,0,0.01008768,0,0.16607970,0.09598906,0.09827053,0.00339932,0.01008768
2536,0,0.02183592,0,0.16607970,0.10028477,0.10252578,0.08197193,0.02183592
5567,0,0.01079674,0,0.16607970,0.04375360,0.04592396,0.01027742,0.01079674
7527,0,0.01176504,0,0.16607970,0.25287822,0.25137842,0.01898135,0.01176504
1865,1,0.05751885,0,0.16607970,0.11644532,0.11848598,0.18274197,0.05751885
4322,0,0.01195149,0,0.16607970,0.06689426,0.06927509,0.02057568,0.01195149
4662,0,0.01094747,0,0.16607970,0.02358494,0.02523723,0.01168186,0.01094747
11574,0,0.02817221,0,0.16607970,0.73501591,0.72124138,0.10815127,0.02817221
5753,0,0.39674260,0,0.16607970,0.17249836,0.17339223,0.42094527,0.39674260
3740,0,0.01018679,0,0.16607970,0.09527167,0.09755932,0.00438894,0.01018679
3887,0,0.01196316,0,0.16607970,0.08906952,0.09140355,0.02067468,0.01196316
8755,0,0.01020194,0,0.16607970,0.10289338,0.10510707,0.00453937,0.01020194
552,1,0.98930988,1,0.16607970,0.25745590,0.25580386,0.91659476,0.98930988
4088,0,0.01325362,0,0.16607970,0.12707661,0.12894856,0.03106965,0.01325362
1774,1,0.96587693,1,0.16607970,0.19166316,0.19204699,0.79789874,0.96587693
7883,0,0.02312039,0,0.16607970,0.24528352,0.24403350,0.08783071,0.02312039
3451,0,0.00982419,0,0.16607970,0.02803955,0.02984330,0.00072072,0.00982419
4001,0,0.01137496,0,0.16607970,0.13997417,0.14160739,0.01556332,0.01137496
333,1,0.99438879,1,0.16607970,0.23061262,0.22983415,0.98169027,0.99438879
7882,0,0.01049365,0,0.16607970,0.14353111,0.14509253,0.00739371,0.01049365
2490,0,0.05991610,0,0.16607970,0.71673365,0.70295622,0.18708845,0.05991610
6970,0,0.01055565,0,0.16607970,0.02816869,0.02997646,0.00799032,0.01055565
5171,0,0.01457557,0,0.16607970,0.49637185,0.48655663,0.04073033,0.01457557
6225,0,0.01008630,0,0.16607970,0.10601216,0.10819054,0.00338544,0.01008630
3265,0,0.01182031,0,0.16607970,0.03828910,0.04035737,0.01945654,0.01182031
9836,0,0.01678035,0,0.16607970,0.05670517,0.05903220,0.05506873,0.01678035
9268,0,0.01063399,0,0.16607970,0.06722017,0.06960186,0.00873906,0.01063399
11686,0,0.01067216,0,0.16607970,0.01602067,0.01734828,0.00910199,0.01067216
3419,0,0.00976144,0,0.16607970,0.10302259,0.10523486,0.00007229,0.00976144
10186,0,0.01029535,0,0.16607970,0.01939351,0.02087784,0.00546211,0.01029535
5594,0,0.00999707,0,0.16607970,0.02238958,0.02399668,0.00248611,0.00999707
10447,0,0.01489727,0,0.16607970,0.15614622,0.15743407,0.04295049,0.01489727
5627,0,0.00977489,0,0.16607970,0.01892630,0.02039016,0.00021169,0.00977489
10426,0,0.01353557,0,0.16607970,0.01722009,0.01860589,0.03320751,0.01353557
3921,0,0.01080349,0,0.16607970,0.01005891,0.01104788,0.01034072,0.01080349
4233,0,0.01073019,0,0.16607970,0.08852191,0.09085941,0.00965114,0.01073019
9537,0,0.01241868,0,0.16607970,0.03650093,0.03853037,0.02446517,0.01241868
4481,0,0.02127944,0,0.16607970,0.42112515,0.41373843,0.07932836,0.02127944
884,1,0.99116214,1,0.16607970,0.24086480,0.23975842,0.93584719,0.99116214
7381,0,0.00988356,0,0.16607970,0.06435431,0.06672676,0.00133042,0.00988356
8176,0,0.00999141,0,0.16607970,0.14745257,0.14893202,0.00242873,0.00999141
8387,0,0.01146890,0,0.16607970,0.10068908,0.10292599,0.01639692,0.01146890
3818,0,0.01032021,0,0.16607970,0.15633351,0.15761708,0.00570629,0.01032021
9762,0,0.01297775,0,0.16607970,0.09877153,0.10102746,0.02893405,0.01297775
11259,0,0.00977503,0,0.16607970,0.05049455,0.05276013,0.00021310,0.00977503
7782,0,0.01666780,0,0.16607970,0.32698584,0.32291760,0.05438293,0.01666780
7764,0,0.01455883,0,0.16607970,0.50750714,0.49736301,0.04061353,0.01455883
727,1,0.99170659,1,0.16607970,0.25794795,0.25627947,0.94227307,0.99170659
9971,0,0.00983308,0,0.16607970,0.13714350,0.13883209,0.00081225,0.00983308
11491,0,0.02607260,0,0.16607970,0.32064201,0.31679929,0.10017467,0.02607260
10279,0,0.01007447,0,0.16607970,0.03594131,0.03795801,0.00326672,0.01007447
9321,0,0.00986322,0,0.16607970,0.05871685,0.06105890,0.00112193,0.00986322
9206,0,0.00997692,0,0.16607970,0.15358949,0.15493506,0.00228186,0.00997692
1011,1,0.99031306,1,0.16607970,0.40900367,0.40203371,0.92656990,0.99031306
3115,0,0.01062761,0,0.16607970,0.18180250,0.18245473,0.00867828,0.01062761
5426,0,0.01073529,0,0.16607970,0.06025399,0.06260601,0.00969929,0.01073529
2654,0,0.01040226,0,0.16607970,0.04724725,0.04947091,0.00650807,0.01040226
3170,0,0.01032338,0,0.16607970,0.02834778,0.03016110,0.00573736,0.01032338
4724,0,0.01308079,0,0.16607970,0.00746090,0.00826867,0.02973695,0.01308079
10244,0,0.01002420,0,0.16607970,0.05012647,0.05238764,0.00276040,0.01002420
10044,0,0.01039706,0,0.16607970,0.13552260,0.13724216,0.00645746,0.01039706
1420,1,0.99467652,1,0.16607970,0.33339025,0.32909392,0.98699348,0.99467652
7015,0,0.01927135,0,0.16607970,0.17610010,0.17690184,0.06919127,0.01927135
5437,0,0.01409023,0,0.16607970,0.10237922,0.10459845,0.03728784,0.01409023
3950,0,0.00978766,0,0.16607970,0.00731755,0.00811453,0.00034374,0.00978766
5431,0,0.01000985,0,0.16607970,0.24022135,0.23913577,0.00261537,0.01000985
2776,0,0.01062317,0,0.16607970,0.11721721,0.11924655,0.00863599,0.01062317
10485,0,0.01781978,0,0.16607970,0.11648087,0.11852102,0.06119661,0.01781978
599,1,0.98361077,1,0.16607970,0.21851569,0.21811352,0.87320119,0.98361077
7649,0,0.00987478,0,0.16607970,0.24029924,0.23921114,0.00124046,0.00987478
9165,0,0.01054487,0,0.16607970,0.06445584,0.06682870,0.00788679,0.01054487
5760,0,0.19880098,0,0.16607970,0.41153262,0.40447529,0.32327824,0.19880098
4672,0,0.01309546,0,0.16607970,0.19422900,0.19454106,0.02985070,0.01309546
