row_id,split,label
0,fit,1
1,fit,1
2,calibration,1
3,test,1
4,fit,1
5,fit,1
6,test,1
7,calibration,1
8,validation,1
9,fit,1
10,calibration,1
11,test,1
12,fit,1
13,fit,1
14,fit,1
15,fit,1
16,validation,1
17,fit,1
18,test,1
19,fit,1
20,fit,1
21,calibration,1
22,validation,1
23,validation,1
24,test,1
25,calibration,1
26,calibration,1
27,test,1
28,fit,1
29,fit,1
30,fit,1
31,test,1
32,validation,1
33,fit,1
34,fit,1
35,fit,1
36,fit,1
37,test,1
38,test,1
39,fit,1
40,test,1
41,fit,1
42,fit,1
43,test,1
44,fit,1
45,test,1
46,validation,1
47,fit,1
48,test,1
49,fit,1
50,fit,1
51,test,1
52,fit,1
53,fit,1
54,test,1
55,validation,1
56,validation,1
57,fit,1
58,fit,1
59,test,1
60,validation,1
61,calibration,1
62,test,1
63,calibration,1
64,fit,1
65,calibration,1
66,test,1
67,fit,1
68,test,1
69,test,1
70,fit,1
71,test,1
72,fit,1
73,validation,1
74,calibration,1
75,calibration,1
76,fit,1
77,fit,1
78,fit,1
79,validation,1
80,test,1
81,fit,1
82,fit,1
83,validation,1
84,validation,1
85,calibration,1
86,validation,1
87,validation,1
88,validation,1
89,validation,1
90,test,1
91,fit,1
92,fit,1
93,fit,1
94,validation,1
95,fit,1
96,test,1
97,fit,1
98,fit,1
99,fit,1
100,calibration,1
101,fit,1
102,fit,1
103,validation,1
104,fit,1
105,test,1
106,validation,1
107,fit,1
108,fit,1
109,calibration,1
110,fit,1
111,test,1
112,fit,1
113,calibration,1
114,test,1
115,fit,1
116,validation,1
117,fit,1
118,calibration,1
119,fit,1
120,validation,1
121,validation,1
122,test,1
123,fit,1
124,calibration,1
125,fit,1
126,fit,1
127,fit,1
128,validation,1
129,fit,1
130,fit,1
131,test,1
132,fit,1
133,validation,1
134,calibration,1
135,fit,1
136,fit,1
137,fit,1
138,validation,1
139,fit,1
140,test,1
141,fit,1
142,validation,1
143,test,1
144,calibration,1
145,fit,1
146,validation,1
147,calibration,1
148,fit,1
149,fit,1
150,fit,1
151,fit,1
152,fit,1
153,test,1
154,fit,1
155,calibration,1
156,fit,1
157,fit,1
158,fit,1
159,fit,1
160,fit,1
161,fit,1
162,validation,1
163,fit,1
164,test,1
165,validation,1
166,test,1
167,fit,1
168,test,1
169,validation,1
170,calibration,1
171,fit,1
172,validation,1
173,validation,1
174,fit,1
175,test,1
176,calibration,1
177,fit,1
178,test,1
179,fit,1
180,fit,1
181,fit,1
182,fit,1
183,validation,1
184,fit,1
185,validation,1
186,test,1
187,test,1
188,validation,1
189,fit,1
190,fit,1
191,test,1
192,fit,1
193,fit,1
194,test,1
195,calibration,1
196,fit,1
197,test,1
198,fit,1
199,test,1
200,calibration,1
201,calibration,1
202,test,1
203,validation,1
204,validation,1
205,fit,1
206,validation,1
207,validation,1
208,fit,1
209,validation,1
210,fit,1
211,fit,1
212,validation,1
213,validation,1
214,fit,1
215,test,1
216,calibration,1
217,fit,1
218,calibration,1
219,calibration,1
220,fit,1
221,fit,1
222,test,1
223,calibration,1
224,calibration,1
225,test,1
226,fit,1
227,fit,1
228,fit,1
229,test,1
230,calibration,1
231,test,1
232,fit,1
233,fit,1
234,validation,1
235,fit,1
236,validation,1
237,fit,1
238,validation,1
239,validation,1
240,test,1
241,validation,1
242,fit,1
243,fit,1
244,fit,1
245,fit,1
246,test,1
247,validation,1
248,fit,1
249,fit,1
250,fit,1
251,fit,1
252,calibration,1
253,validation,1
254,calibration,1
255,fit,1
256,validation,1
257,test,1
258,validation,1
259,test,1
260,fit,1
261,fit,1
262,fit,1
263,validation,1
264,calibration,1
265,test,1
266,fit,1
267,validation,1
268,fit,1
269,fit,1
270,fit,1
271,fit,1
272,test,1
273,fit,1
274,test,1
275,calibration,1
276,test,1
277,fit,1
278,fit,1
279,calibration,1
280,calibration,1
281,fit,1
282,fit,1
283,fit,1
284,validation,1
285,validation,1
286,fit,1
287,test,1
288,validation,1
289,fit,1
290,validation,1
291,validation,1
292,test,1
293,test,1
294,fit,1
295,fit,1
296,fit,1
297,fit,1
298,fit,1
299,test,1
300,calibration,1
301,fit,1
302,test,1
303,calibration,1
304,fit,1
305,validation,1
306,validation,1
307,fit,1
308,test,1
309,fit,1
310,validation,1
311,validation,1
312,fit,1
313,calibration,1
314,fit,1
315,validation,1
316,test,1
317,fit,1
318,calibration,1
319,test,1
320,calibration,1
321,calibration,1
322,fit,1
323,fit,1
324,validation,1
325,validation,1
326,fit,1
327,fit,1
328,fit,1
329,validation,1
330,fit,1
331,fit,1
332,test,1
333,test,1
334,fit,1
335,validation,1
336,test,1
337,fit,1
338,test,1
339,fit,1
340,calibration,1
341,validation,1
342,calibration,1
343,validation,1
344,test,1
345,fit,1
346,calibration,1
347,fit,1
348,fit,1
349,validation,1
350,fit,1
351,calibration,1
352,fit,1
353,fit,1
354,calibration,1
355,fit,1
356,validation,1
357,calibration,1
358,test,1
359,fit,1
360,fit,1
361,calibration,1
362,fit,1
363,test,1
364,fit,1
365,fit,1
366,fit,1
367,fit,1
368,calibration,1
369,calibration,1
370,calibration,1
371,fit,1
372,fit,1
373,validation,1
374,validation,1
375,calibration,1
376,validation,1
377,fit,1
378,test,1
379,fit,1
380,test,1
381,calibration,1
382,validation,1
383,test,1
384,test,1
385,fit,1
386,test,1
387,test,1
388,fit,1
389,fit,1
390,validation,1
391,calibration,1
392,validation,1
393,fit,1
394,validation,1
395,calibration,1
396,fit,1
397,fit,1
398,fit,1
399,fit,1
400,fit,1
401,fit,1
402,validation,1
403,calibration,1
404,fit,1
405,fit,1
406,calibration,1
407,validation,1
408,fit,1
409,validation,1
410,test,1
411,calibration,1
412,test,1
413,fit,1
414,validation,1
415,test,1
416,validation,1
417,fit,1
418,calibration,1
419,validation,1
420,test,1
421,calibration,1
422,fit,1
423,fit,1
424,fit,1
425,calibration,1
426,validation,1
427,fit,1
428,fit,1
429,fit,1
430,fit,1
431,fit,1
432,test,1
433,validation,1
434,fit,1
435,calibration,1
436,validation,1
437,calibration,1
438,fit,1
439,test,1
440,calibration,1
441,test,1
442,test,1
443,fit,1
444,test,1
445,calibration,1
446,fit,1
447,fit,1
448,validation,1
449,test,1
450,test,1
451,validation,1
452,fit,1
453,fit,1
454,fit,1
455,validation,1
456,validation,1
457,fit,1
458,validation,1
459,fit,1
460,validation,1
461,fit,1
462,fit,1
463,test,1
464,calibration,1
465,calibration,1
466,test,1
467,test,1
468,fit,1
469,validation,1
470,fit,1
471,test,1
472,test,1
473,fit,1
474,test,1
475,test,1
476,fit,1
477,calibration,1
478,test,1
479,fit,1
480,validation,1
481,fit,1
482,fit,1
483,fit,1
484,validation,1
485,validation,1
486,fit,1
487,calibration,1
488,validation,1
489,test,1
490,fit,1
491,test,1
492,validation,1
493,fit,1
494,validation,1
495,test,1
496,validation,1
497,test,1
498,test,1
499,fit,1
500,validation,1
501,calibration,1
502,validation,1
503,validation,1
504,fit,1
505,test,1
506,fit,1
507,calibration,1
508,calibration,1
509,fit,1
510,fit,1
511,validation,1
512,validation,1
513,calibration,1
514,fit,1
515,validation,1
516,validation,1
517,test,1
518,fit,1
519,fit,1
520,calibration,1
521,fit,1
522,fit,1
523,fit,1
524,calibration,1
525,fit,1
526,test,1
527,test,1
528,validation,1
529,fit,1
530,fit,1
531,fit,1
532,validation,1
533,fit,1
534,calibration,1
535,fit,1
536,fit,1
537,fit,1
538,test,1
539,test,1
540,test,1
541,test,1
542,calibration,1
543,fit,1
544,test,1
545,fit,1
546,fit,1
547,fit,1
548,calibration,1
549,test,1
550,fit,1
551,test,1
552,test,1
553,fit,1
554,fit,1
555,calibration,1
556,validation,1
557,validation,1
558,fit,1
559,test,1
560,test,1
561,fit,1
562,fit,1
563,validation,1
564,fit,1
565,validation,1
566,fit,1
567,validation,1
568,test,1
569,calibration,1
570,fit,1
571,calibration,1
572,validation,1
573,fit,1
574,fit,1
575,fit,1
576,test,1
577,fit,1
578,validation,1
579,validation,1
580,calibration,1
581,fit,1
582,validation,1
583,fit,1
584,fit,1
585,test,1
586,validation,1
587,test,1
588,test,1
589,calibration,1
590,test,1
591,validation,1
592,fit,1
593,calibration,1
594,fit,1
595,fit,1
596,calibration,1
597,validation,1
598,test,1
599,test,1
600,test,1
601,validation,1
602,fit,1
603,fit,1
604,fit,1
605,fit,1
606,validation,1
607,fit,1
608,fit,1
609,fit,1
610,fit,1
611,calibration,1
612,fit,1
613,fit,1
614,fit,1
615,test,1
616,calibration,1
617,calibration,1
618,test,1
619,test,1
620,fit,1
621,test,1
622,test,1
623,validation,1
624,fit,1
625,validation,1
626,test,1
627,test,1
628,fit,1
629,validation,1
630,fit,1
631,fit,1
632,test,1
633,test,1
634,fit,1
635,fit,1
636,test,1
637,test,1
638,validation,1
639,validation,1
640,fit,1
641,fit,1
642,test,1
643,validation,1
644,calibration,1
645,fit,1
646,validation,1
647,fit,1
648,validation,1
649,calibration,1
650,fit,1
651,fit,1
652,test,1
653,fit,1
654,fit,1
655,fit,1
656,test,1
657,fit,1
658,calibration,1
659,fit,1
660,test,1
661,validation,1
662,validation,1
663,fit,1
664,fit,1
665,fit,1
666,fit,1
667,test,1
668,fit,1
669,fit,1
670,fit,1
671,test,1
672,validation,1
673,fit,1
674,fit,1
675,fit,1
676,fit,1
677,fit,1
678,fit,1
679,test,1
680,calibration,1
681,fit,1
682,fit,1
683,fit,1
684,test,1
685,calibration,1
686,validation,1
687,validation,1
688,validation,1
689,test,1
690,validation,1
691,fit,1
692,calibration,1
693,fit,1
694,validation,1
695,test,1
696,fit,1
697,test,1
698,fit,1
699,test,1
700,calibration,1
701,calibration,1
702,test,1
703,calibration,1
704,calibration,1
705,fit,1
706,fit,1
707,validation,1
708,fit,1
709,fit,1
710,validation,1
711,fit,1
712,test,1
713,validation,1
714,fit,1
715,fit,1
716,test,1
717,calibration,1
718,fit,1
719,validation,1
720,validation,1
721,validation,1
722,fit,1
723,calibration,1
724,calibration,1
725,fit,1
726,fit,1
727,test,1
728,calibration,1
729,validation,1
730,calibration,1
731,calibration,1
732,fit,1
733,validation,1
734,validation,1
735,fit,1
736,test,1
737,test,1
738,fit,1
739,validation,1
740,calibration,1
741,calibration,1
742,fit,1
743,fit,1
744,fit,1
745,test,1
746,validation,1
747,calibration,1
748,calibration,1
749,fit,1
750,fit,1
751,fit,1
752,fit,1
753,calibration,1
754,calibration,1
755,fit,1
756,validation,1
757,fit,1
758,calibration,1
759,fit,1
760,calibration,1
761,calibration,1
762,fit,1
763,fit,1
764,fit,1
765,test,1
766,fit,1
767,validation,1
768,validation,1
769,validation,1
770,calibration,1
771,test,1
772,fit,1
773,fit,1
774,test,1
775,test,1
776,fit,1
777,test,1
778,fit,1
779,fit,1
780,fit,1
781,validation,1
782,fit,1
783,test,1
784,test,1
785,fit,1
786,fit,1
787,calibration,1
788,fit,1
789,validation,1
790,calibration,1
791,test,1
792,validation,1
793,calibration,1
794,fit,1
795,fit,1
796,validation,1
797,fit,1
798,validation,1
799,validation,1
800,fit,1
801,fit,1
802,fit,1
803,test,1
804,validation,1
805,calibration,1
806,fit,1
807,fit,1
808,fit,1
809,test,1
810,test,1
811,calibration,1
812,fit,1
813,test,1
814,validation,1
815,fit,1
816,fit,1
817,fit,1
818,calibration,1
819,test,1
820,fit,1
821,validation,1
822,fit,1
823,fit,1
824,fit,1
825,test,1
826,fit,1
827,test,1
828,fit,1
829,test,1
830,fit,1
831,validation,1
832,validation,1
833,test,1
834,validation,1
835,fit,1
836,fit,1
837,validation,1
838,fit,1
839,calibration,1
840,validation,1
841,fit,1
842,fit,1
843,test,1
844,fit,1
845,test,1
846,fit,1
847,test,1
848,test,1
849,validation,1
850,fit,1
851,fit,1
852,test,1
853,test,1
854,calibration,1
855,fit,1
856,calibration,1
857,fit,1
858,test,1
859,fit,1
860,calibration,1
861,fit,1
862,fit,1
863,fit,1
864,test,1
865,fit,1
866,fit,1
867,validation,1
868,fit,1
869,test,1
870,calibration,1
871,calibration,1
872,calibration,1
873,fit,1
874,fit,1
875,fit,1
876,calibration,1
877,calibration,1
878,fit,1
879,test,1
880,fit,1
881,validation,1
882,fit,1
883,test,1
884,test,1
885,validation,1
886,calibration,1
887,validation,1
888,test,1
889,test,1
890,test,1
891,validation,1
892,test,1
893,fit,1
894,fit,1
895,test,1
896,test,1
897,test,1
898,fit,1
899,test,1
900,fit,1
901,test,1
902,fit,1
903,calibration,1
904,test,1
905,fit,1
906,fit,1
907,fit,1
908,fit,1
909,calibration,1
910,fit,1
911,test,1
912,fit,1
913,fit,1
914,fit,1
915,test,1
916,test,1
917,validation,1
918,validation,1
919,fit,1
920,fit,1
921,test,1
922,fit,1
923,calibration,1
924,calibration,1
925,test,1
926,fit,1
927,calibration,1
928,validation,1
929,validation,1
930,fit,1
931,fit,1
932,fit,1
933,fit,1
934,validation,1
935,fit,1
936,fit,1
937,validation,1
938,fit,1
939,test,1
940,calibration,1
941,fit,1
942,fit,1
943,calibration,1
944,fit,1
945,test,1
946,fit,1
947,fit,1
948,fit,1
949,calibration,1
950,fit,1
951,fit,1
952,validation,1
953,fit,1
954,fit,1
955,calibration,1
956,test,1
957,fit,1
958,test,1
959,calibration,1
960,test,1
961,calibration,1
962,fit,1
963,validation,1
964,test,1
965,fit,1
966,test,1
967,fit,1
968,calibration,1
969,calibration,1
970,fit,1
971,test,1
972,fit,1
973,validation,1
974,test,1
975,fit,1
976,validation,1
977,fit,1
978,validation,1
979,validation,1
980,fit,1
981,validation,1
982,validation,1
983,fit,1
984,validation,1
985,validation,1
986,test,1
987,validation,1
988,test,1
989,fit,1
990,test,1
991,validation,1
992,test,1
993,validation,1
994,fit,1
995,test,1
996,validation,1
997,validation,1
998,test,1
999,fit,1
1000,test,1
1001,validation,1
1002,calibration,1
1003,fit,1
1004,validation,1
1005,fit,1
1006,fit,1
1007,test,1
1008,calibration,1
1009,fit,1
1010,calibration,1
1011,test,1
1012,calibration,1
1013,calibration,1
1014,fit,1
1015,fit,1
1016,fit,1
1017,fit,1
1018,fit,1
1019,fit,1
1020,validation,1
1021,fit,1
1022,fit,1
1023,fit,1
1024,fit,1
1025,validation,1
1026,calibration,1
1027,fit,1
1028,fit,1
1029,fit,1
1030,fit,1
1031,validation,1
1032,test,1
1033,test,1
1034,test,1
1035,fit,1
1036,fit,1
1037,fit,1
1038,validation,1
1039,calibration,1
1040,validation,1
1041,validation,1
1042,test,1
1043,validation,1
1044,test,1
1045,test,1
1046,test,1
1047,calibration,1
1048,validation,1
1049,fit,1
1050,validation,1
1051,calibration,1
1052,validation,1
1053,fit,1
1054,test,1
1055,fit,1
1056,validation,1
1057,calibration,1
1058,fit,1
1059,fit,1
1060,test,1
1061,validation,1
1062,validation,1
1063,fit,1
1064,fit,1
1065,validation,1
1066,calibration,1
1067,calibration,1
1068,fit,1
1069,fit,1
1070,fit,1
1071,test,1
1072,calibration,1
1073,fit,1
1074,test,1
1075,fit,1
1076,validation,1
1077,fit,1
1078,fit,1
1079,test,1
1080,fit,1
1081,fit,1
1082,validation,1
1083,fit,1
1084,validation,1
1085,validation,1
1086,fit,1
1087,validation,1
1088,validation,1
1089,calibration,1
1090,test,1
1091,validation,1
1092,fit,1
1093,test,1
1094,fit,1
1095,validation,1
1096,fit,1
1097,validation,1
1098,fit,1
1099,fit,1
1100,test,1
1101,calibration,1
1102,fit,1
1103,test,1
1104,validation,1
1105,validation,1
1106,fit,1
1107,validation,1
1108,fit,1
1109,test,1
1110,validation,1
1111,test,1
1112,fit,1
1113,test,1
1114,fit,1
1115,fit,1
1116,fit,1
1117,calibration,1
1118,test,1
1119,fit,1
1120,validation,1
1121,fit,1
1122,fit,1
1123,validation,1
1124,calibration,1
1125,fit,1
1126,fit,1
1127,fit,1
1128,fit,1
1129,fit,1
1130,fit,1
1131,fit,1
1132,fit,1
1133,validation,1
1134,fit,1
1135,validation,1
1136,validation,1
1137,fit,1
1138,validation,1
1139,fit,1
1140,fit,1
1141,calibration,1
1142,fit,1
1143,test,1
1144,fit,1
1145,test,1
1146,validation,1
1147,test,1
1148,test,1
1149,test,1
1150,fit,1
1151,fit,1
1152,calibration,1
1153,fit,1
1154,test,1
1155,fit,1
1156,fit,1
1157,fit,1
1158,calibration,1
1159,test,1
1160,validation,1
1161,test,1
1162,fit,1
1163,fit,1
1164,fit,1
1165,test,1
1166,calibration,1
1167,calibration,1
1168,test,1
1169,test,1
1170,validation,1
1171,validation,1
1172,fit,1
1173,fit,1
1174,fit,1
1175,fit,1
1176,fit,1
1177,test,1
1178,fit,1
1179,fit,1
1180,test,1
1181,validation,1
1182,fit,1
1183,test,1
1184,validation,1
1185,fit,1
1186,fit,1
1187,validation,1
1188,validation,1
1189,validation,1
1190,fit,1
1191,fit,1
1192,fit,1
1193,validation,1
1194,validation,1
1195,fit,1
1196,test,1
1197,fit,1
1198,fit,1
1199,fit,1
1200,calibration,1
1201,validation,1
1202,fit,1
1203,calibration,1
1204,validation,1
1205,fit,1
1206,validation,1
1207,test,1
1208,fit,1
1209,fit,1
1210,calibration,1
1211,validation,1
1212,validation,1
1213,calibration,1
1214,fit,1
1215,fit,1
1216,fit,1
1217,fit,1
1218,fit,1
1219,fit,1
1220,validation,1
1221,fit,1
1222,fit,1
1223,test,1
1224,test,1
1225,fit,1
1226,test,1
1227,validation,1
1228,validation,1
1229,calibration,1
1230,test,1
1231,validation,1
1232,calibration,1
1233,fit,1
1234,fit,1
1235,fit,1
1236,calibration,1
1237,test,1
1238,fit,1
1239,calibration,1
1240,fit,1
1241,validation,1
1242,test,1
1243,fit,1
1244,calibration,1
1245,fit,1
1246,fit,1
1247,fit,1
1248,calibration,1
1249,validation,1
1250,test,1
1251,calibration,1
1252,test,1
1253,fit,1
1254,validation,1
1255,validation,1
1256,validation,1
1257,fit,1
1258,fit,1
1259,fit,1
1260,validation,1
1261,fit,1
1262,fit,1
1263,test,1
1264,fit,1
1265,calibration,1
1266,fit,1
1267,fit,1
1268,fit,1
1269,validation,1
1270,test,1
1271,test,1
1272,fit,1
1273,fit,1
1274,calibration,1
1275,fit,1
1276,fit,1
1277,fit,1
1278,fit,1
1279,validation,1
1280,fit,1
1281,validation,1
1282,validation,1
1283,validation,1
1284,validation,1
1285,validation,1
1286,calibration,1
1287,fit,1
1288,test,1
1289,fit,1
1290,test,1
1291,test,1
1292,test,1
1293,fit,1
1294,validation,1
1295,calibration,1
1296,fit,1
1297,calibration,1
1298,validation,1
1299,fit,1
1300,fit,1
1301,test,1
1302,fit,1
1303,fit,1
1304,fit,1
1305,validation,1
1306,fit,1
1307,fit,1
1308,calibration,1
1309,fit,1
1310,validation,1
1311,validation,1
1312,fit,1
1313,fit,1
1314,calibration,1
1315,test,1
1316,test,1
1317,validation,1
1318,fit,1
1319,fit,1
1320,fit,1
1321,fit,1
1322,calibration,1
1323,validation,1
1324,calibration,1
1325,calibration,1
1326,fit,1
1327,fit,1
1328,fit,1
1329,fit,1
1330,test,1
1331,fit,1
1332,fit,1
1333,fit,1
1334,test,1
1335,calibration,1
1336,fit,1
1337,fit,1
1338,fit,1
1339,calibration,1
1340,fit,1
1341,fit,1
1342,fit,1
1343,fit,1
1344,calibration,1
1345,test,1
1346,fit,1
1347,fit,1
1348,test,1
1349,calibration,1
1350,test,1
1351,test,1
1352,calibration,1
1353,fit,1
1354,validation,1
1355,fit,1
1356,fit,1
1357,fit,1
1358,validation,1
1359,test,1
1360,validation,1
1361,validation,1
1362,fit,1
1363,fit,1
1364,validation,1
1365,calibration,1
1366,fit,1
1367,fit,1
1368,fit,1
1369,fit,1
1370,fit,1
1371,test,1
1372,fit,1
1373,calibration,1
1374,fit,1
1375,fit,1
1376,fit,1
1377,fit,1
1378,calibration,1
1379,validation,1
1380,fit,1
1381,fit,1
1382,fit,1
1383,fit,1
1384,fit,1
1385,fit,1
1386,fit,1
1387,validation,1
1388,fit,1
1389,validation,1
1390,fit,1
1391,validation,1
1392,calibration,1
1393,fit,1
1394,calibration,1
1395,validation,1
1396,fit,1
1397,calibration,1
1398,test,1
1399,calibration,1
1400,fit,1
1401,calibration,1
1402,fit,1
1403,fit,1
1404,fit,1
1405,validation,1
1406,test,1
1407,fit,1
1408,fit,1
1409,fit,1
1410,validation,1
1411,fit,1
1412,fit,1
1413,fit,1
1414,fit,1
1415,fit,1
1416,fit,1
1417,validation,1
1418,calibration,1
1419,validation,1
1420,test,1
1421,fit,1
1422,test,1
1423,fit,1
1424,calibration,1
1425,fit,1
1426,fit,1
1427,fit,1
1428,fit,1
1429,validation,1
1430,fit,1
1431,fit,1
1432,fit,1
1433,calibration,1
1434,fit,1
1435,test,1
1436,fit,1
1437,fit,1
1438,test,1
1439,test,1
1440,validation,1
1441,fit,1
1442,fit,1
1443,fit,1
1444,validation,1
1445,fit,1
1446,validation,1
1447,fit,1
1448,fit,1
1449,calibration,1
1450,validation,1
1451,validation,1
1452,fit,1
1453,calibration,1
1454,validation,1
1455,calibration,1
1456,validation,1
1457,fit,1
1458,calibration,1
1459,fit,1
1460,fit,1
1461,test,1
1462,calibration,1
1463,fit,1
1464,calibration,1
1465,fit,1
1466,calibration,1
1467,test,1
1468,fit,1
1469,fit,1
1470,fit,1
1471,test,1
1472,test,1
1473,test,1
1474,fit,1
1475,fit,1
1476,fit,1
1477,validation,1
1478,validation,1
1479,calibration,1
1480,validation,1
1481,test,1
1482,test,1
1483,test,1
1484,fit,1
1485,validation,1
1486,validation,1
1487,fit,1
1488,fit,1
1489,fit,1
1490,fit,1
1491,validation,1
1492,test,1
1493,fit,1
1494,test,1
1495,test,1
1496,fit,1
1497,test,1
1498,fit,1
1499,test,1
1500,fit,1
1501,fit,1
1502,validation,1
1503,fit,1
1504,fit,1
1505,validation,1
1506,fit,1
1507,fit,1
1508,test,1
1509,validation,1
1510,calibration,1
1511,fit,1
1512,validation,1
1513,fit,1
1514,validation,1
1515,test,1
1516,fit,1
1517,test,1
1518,fit,1
1519,fit,1
1520,test,1
1521,validation,1
1522,fit,1
1523,validation,1
1524,fit,1
1525,validation,1
1526,validation,1
1527,fit,1
1528,fit,1
1529,validation,1
1530,calibration,1
1531,calibration,1
1532,calibration,1
1533,test,1
1534,fit,1
1535,fit,1
1536,calibration,1
1537,fit,1
1538,test,1
1539,fit,1
1540,fit,1
1541,fit,1
1542,fit,1
1543,fit,1
1544,fit,1
1545,fit,1
1546,test,1
1547,calibration,1
1548,calibration,1
1549,fit,1
1550,validation,1
1551,calibration,1
1552,fit,1
1553,fit,1
1554,calibration,1
1555,calibration,1
1556,test,1
1557,validation,1
1558,fit,1
1559,test,1
1560,fit,1
1561,fit,1
1562,fit,1
1563,calibration,1
1564,fit,1
1565,calibration,1
1566,validation,1
1567,test,1
1568,fit,1
1569,fit,1
1570,test,1
1571,validation,1
1572,test,1
1573,fit,1
1574,fit,1
1575,fit,1
1576,validation,1
1577,fit,1
1578,validation,1
1579,fit,1
1580,fit,1
1581,fit,1
1582,fit,1
1583,calibration,1
1584,validation,1
1585,test,1
1586,fit,1
1587,test,1
1588,fit,1
1589,fit,1
1590,calibration,1
1591,validation,1
1592,validation,1
1593,test,1
1594,validation,1
1595,fit,1
1596,validation,1
1597,test,1
1598,fit,1
1599,fit,1
1600,fit,1
1601,fit,1
1602,calibration,1
1603,test,1
1604,calibration,1
1605,fit,1
1606,test,1
1607,validation,1
1608,fit,1
1609,calibration,1
1610,fit,1
1611,fit,1
1612,calibration,1
1613,test,1
1614,test,1
1615,calibration,1
1616,fit,1
1617,fit,1
1618,validation,1
1619,fit,1
1620,test,1
1621,fit,1
1622,calibration,1
1623,calibration,1
1624,test,1
1625,fit,1
1626,test,1
1627,test,1
1628,validation,1
1629,test,1
1630,fit,1
1631,test,1
1632,fit,1
1633,fit,1
1634,test,1
1635,test,1
1636,calibration,1
1637,validation,1
1638,fit,1
1639,fit,1
1640,fit,1
1641,validation,1
1642,test,1
1643,fit,1
1644,test,1
1645,fit,1
1646,calibration,1
1647,test,1
1648,test,1
1649,fit,1
1650,test,1
1651,test,1
1652,fit,1
1653,fit,1
1654,test,1
1655,fit,1
1656,calibration,1
1657,validation,1
1658,calibration,1
1659,calibration,1
1660,fit,1
1661,fit,1
1662,fit,1
1663,fit,1
1664,fit,1
1665,fit,1
1666,validation,1
1667,fit,1
1668,fit,1
1669,calibration,1
1670,calibration,1
1671,fit,1
1672,validation,1
1673,fit,1
1674,fit,1
1675,calibration,1
1676,fit,1
1677,validation,1
1678,validation,1
1679,validation,1
1680,calibration,1
1681,fit,1
1682,test,1
1683,calibration,1
1684,fit,1
1685,fit,1
1686,fit,1
1687,fit,1
1688,calibration,1
1689,validation,1
1690,validation,1
1691,test,1
1692,fit,1
1693,validation,1
1694,test,1
1695,test,1
1696,fit,1
1697,calibration,1
1698,validation,1
1699,validation,1
1700,test,1
1701,fit,1
1702,test,1
1703,fit,1
1704,calibration,1
1705,test,1
1706,fit,1
1707,fit,1
1708,validation,1
1709,test,1
1710,validation,1
1711,fit,1
1712,fit,1
1713,validation,1
1714,test,1
1715,fit,1
1716,fit,1
1717,fit,1
1718,fit,1
1719,test,1
1720,test,1
1721,test,1
1722,fit,1
1723,fit,1
1724,validation,1
1725,validation,1
1726,fit,1
1727,validation,1
1728,test,1
1729,fit,1
1730,test,1
1731,test,1
1732,fit,1
1733,validation,1
1734,validation,1
1735,fit,1
1736,validation,1
1737,fit,1
1738,test,1
1739,calibration,1
1740,fit,1
1741,validation,1
1742,validation,1
1743,fit,1
1744,fit,1
1745,fit,1
1746,fit,1
1747,test,1
1748,fit,1
1749,validation,1
1750,test,1
1751,test,1
1752,fit,1
1753,validation,1
1754,test,1
1755,validation,1
1756,fit,1
1757,fit,1
1758,calibration,1
1759,calibration,1
1760,fit,1
1761,validation,1
1762,validation,1
1763,test,1
1764,test,1
1765,fit,1
1766,fit,1
1767,fit,1
1768,fit,1
1769,fit,1
1770,calibration,1
1771,calibration,1
1772,fit,1
1773,calibration,1
1774,test,1
1775,fit,1
1776,fit,1
1777,fit,1
1778,fit,1
1779,fit,1
1780,fit,1
1781,test,1
1782,test,1
1783,calibration,1
1784,validation,1
1785,validation,1
1786,fit,1
1787,calibration,1
1788,calibration,1
1789,calibration,1
1790,calibration,1
1791,calibration,1
1792,validation,1
1793,test,1
1794,fit,1
1795,validation,1
1796,fit,1
1797,validation,1
1798,fit,1
1799,fit,1
1800,calibration,1
1801,calibration,1
1802,fit,1
1803,calibration,1
1804,validation,1
1805,test,1
1806,validation,1
1807,test,1
1808,validation,1
1809,calibration,1
1810,calibration,1
1811,validation,1
1812,calibration,1
1813,fit,1
1814,validation,1
1815,validation,1
1816,test,1
1817,test,1
1818,calibration,1
1819,validation,1
1820,fit,1
1821,validation,1
1822,test,1
1823,validation,1
1824,validation,1
1825,test,1
1826,fit,1
1827,fit,1
1828,validation,1
1829,calibration,1
1830,fit,1
1831,calibration,1
1832,validation,1
1833,fit,1
1834,validation,1
1835,validation,1
1836,fit,1
1837,validation,1
1838,fit,1
1839,calibration,1
1840,fit,1
1841,calibration,1
1842,fit,1
1843,fit,1
1844,test,1
1845,test,1
1846,fit,1
1847,calibration,1
1848,test,1
1849,fit,1
1850,fit,1
1851,calibration,1
1852,calibration,1
1853,calibration,1
1854,fit,1
1855,test,1
1856,fit,1
1857,validation,1
1858,fit,1
1859,fit,1
1860,test,1
1861,test,1
1862,fit,1
1863,validation,1
1864,test,1
1865,test,1
1866,test,1
1867,test,1
1868,fit,1
1869,fit,1
1870,fit,1
1871,fit,1
1872,fit,1
1873,validation,1
1874,validation,1
1875,fit,1
1876,fit,1
1877,fit,1
1878,test,1
1879,validation,1
1880,calibration,1
1881,fit,1
1882,fit,1
1883,fit,1
1884,validation,1
1885,fit,1
1886,validation,1
1887,validation,1
1888,test,1
1889,validation,1
1890,test,1
1891,validation,1
1892,fit,1
1893,calibration,1
1894,test,1
1895,test,1
1896,fit,1
1897,fit,1
1898,fit,1
1899,fit,1
1900,fit,1
1901,validation,1
1902,test,1
1903,fit,1
1904,calibration,1
1905,calibration,1
1906,validation,1
1907,calibration,1
1908,test,1
1909,calibration,1
1910,test,1
1911,test,1
1912,fit,1
1913,test,1
1914,fit,1
1915,fit,1
1916,fit,1
1917,test,1
1918,validation,1
1919,fit,1
1920,calibration,1
1921,test,1
1922,test,1
1923,fit,1
1924,calibration,1
1925,fit,1
1926,fit,1
1927,fit,1
1928,calibration,1
1929,test,1
1930,validation,1
1931,fit,1
1932,calibration,1
1933,validation,1
1934,fit,1
1935,test,1
1936,fit,1
1937,calibration,1
1938,calibration,1
1939,fit,1
1940,fit,1
1941,fit,1
1942,fit,1
1943,validation,1
1944,calibration,1
1945,test,1
1946,calibration,1
1947,fit,1
1948,fit,1
1949,fit,1
1950,fit,1
1951,test,1
1952,test,1
1953,validation,1
1954,fit,1
1955,validation,1
1956,fit,1
1957,calibration,1
1958,validation,1
1959,fit,1
1960,fit,1
1961,calibration,1
1962,calibration,1
1963,calibration,1
1964,fit,1
1965,fit,1
1966,validation,1
1967,calibration,1
1968,test,1
1969,calibration,1
1970,calibration,1
1971,test,1
1972,fit,1
1973,validation,1
1974,validation,1
1975,validation,1
1976,calibration,1
1977,fit,1
1978,validation,1
1979,fit,1
1980,fit,1
1981,test,1
1982,calibration,1
1983,fit,1
1984,calibration,1
1985,fit,1
1986,fit,1
1987,fit,1
1988,calibration,1
1989,test,1
1990,validation,1
1991,calibration,0
1992,test,0
1993,fit,0
1994,fit,0
1995,test,0
1996,validation,0
1997,validation,0
1998,test,0
1999,fit,0
2000,validation,0
2001,fit,0
2002,validation,0
2003,calibration,0
2004,test,0
2005,fit,0
2006,calibration,0
2007,validation,0
2008,fit,0
2009,validation,0
2010,fit,0
2011,calibration,0
2012,test,0
2013,test,0
2014,fit,0
2015,validation,0
2016,validation,0
2017,calibration,0
2018,fit,0
2019,fit,0
2020,fit,0
2021,calibration,0
2022,fit,0
2023,test,0
2024,fit,0
2025,fit,0
2026,fit,0
2027,calibration,0
2028,fit,0
2029,test,0
2030,fit,0
2031,validation,0
2032,fit,0
2033,fit,0
2034,calibration,0
2035,fit,0
2036,fit,0
2037,fit,0
2038,calibration,0
2039,fit,0
2040,calibration,0
2041,fit,0
2042,calibration,0
2043,validation,0
2044,fit,0
2045,test,0
2046,test,0
2047,fit,0
2048,calibration,0
2049,fit,0
2050,calibration,0
2051,validation,0
2052,calibration,0
2053,fit,0
2054,fit,0
2055,test,0
2056,fit,0
2057,fit,0
2058,test,0
2059,fit,0
2060,calibration,0
2061,fit,0
2062,calibration,0
2063,test,0
2064,fit,0
2065,validation,0
2066,fit,0
2067,fit,0
2068,test,0
2069,test,0
2070,calibration,0
2071,fit,0
2072,calibration,0
2073,fit,0
2074,test,0
2075,fit,0
2076,test,0
2077,fit,0
2078,fit,0
2079,fit,0
2080,test,0
2081,fit,0
2082,fit,0
2083,fit,0
2084,fit,0
2085,validation,0
2086,fit,0
2087,fit,0
2088,validation,0
2089,validation,0
2090,fit,0
2091,fit,0
2092,fit,0
2093,calibration,0
2094,fit,0
2095,fit,0
2096,validation,0
2097,fit,0
2098,calibration,0
2099,fit,0
2100,fit,0
2101,fit,0
2102,fit,0
2103,fit,0
2104,fit,0
2105,fit,0
2106,test,0
2107,test,0
2108,test,0
2109,fit,0
2110,calibration,0
2111,fit,0
2112,calibration,0
2113,fit,0
2114,validation,0
2115,calibration,0
2116,test,0
2117,validation,0
2118,fit,0
2119,fit,0
2120,fit,0
2121,test,0
2122,fit,0
2123,fit,0
2124,test,0
2125,fit,0
2126,fit,0
2127,calibration,0
2128,validation,0
2129,test,0
2130,calibration,0
2131,validation,0
2132,validation,0
2133,fit,0
2134,calibration,0
2135,fit,0
2136,test,0
2137,calibration,0
2138,test,0
2139,validation,0
2140,fit,0
2141,calibration,0
2142,calibration,0
2143,calibration,0
2144,validation,0
2145,validation,0
2146,test,0
2147,fit,0
2148,fit,0
2149,validation,0
2150,validation,0
2151,fit,0
2152,test,0
2153,validation,0
2154,test,0
2155,calibration,0
2156,fit,0
2157,fit,0
2158,calibration,0
2159,fit,0
2160,fit,0
2161,fit,0
2162,fit,0
2163,calibration,0
2164,validation,0
2165,calibration,0
2166,fit,0
2167,fit,0
2168,fit,0
2169,fit,0
2170,fit,0
2171,fit,0
2172,fit,0
2173,validation,0
2174,fit,0
2175,calibration,0
2176,fit,0
2177,calibration,0
2178,test,0
2179,fit,0
2180,test,0
2181,test,0
2182,fit,0
2183,calibration,0
2184,test,0
2185,validation,0
2186,fit,0
2187,fit,0
2188,validation,0
2189,fit,0
2190,fit,0
2191,validation,0
2192,test,0
2193,validation,0
2194,calibration,0
2195,test,0
2196,fit,0
2197,test,0
2198,validation,0
2199,calibration,0
2200,fit,0
2201,fit,0
2202,calibration,0
2203,fit,0
2204,test,0
2205,fit,0
2206,test,0
2207,fit,0
2208,fit,0
2209,calibration,0
2210,fit,0
2211,fit,0
2212,fit,0
2213,fit,0
2214,fit,0
2215,validation,0
2216,test,0
2217,validation,0
2218,fit,0
2219,calibration,0
2220,fit,0
2221,fit,0
2222,calibration,0
2223,test,0
2224,fit,0
2225,test,0
2226,validation,0
2227,test,0
2228,validation,0
2229,fit,0
2230,fit,0
2231,fit,0
2232,test,0
2233,calibration,0
2234,test,0
2235,test,0
2236,calibration,0
2237,test,0
2238,fit,0
2239,calibration,0
2240,validation,0
2241,fit,0
2242,fit,0
2243,calibration,0
2244,fit,0
2245,fit,0
2246,test,0
2247,test,0
2248,fit,0
2249,test,0
2250,fit,0
2251,validation,0
2252,validation,0
2253,validation,0
2254,fit,0
2255,test,0
2256,fit,0
2257,validation,0
2258,fit,0
2259,fit,0
2260,test,0
2261,validation,0
2262,validation,0
2263,fit,0
2264,fit,0
2265,fit,0
2266,fit,0
2267,test,0
2268,test,0
2269,fit,0
2270,fit,0
2271,validation,0
2272,validation,0
2273,validation,0
2274,fit,0
2275,fit,0
2276,test,0
2277,fit,0
2278,fit,0
2279,fit,0
2280,validation,0
2281,fit,0
2282,fit,0
2283,fit,0
2284,fit,0
2285,validation,0
2286,fit,0
2287,fit,0
2288,fit,0
2289,fit,0
2290,test,0
2291,fit,0
2292,validation,0
2293,test,0
2294,fit,0
2295,fit,0
2296,calibration,0
2297,validation,0
2298,calibration,0
2299,fit,0
2300,calibration,0
2301,fit,0
2302,fit,0
2303,calibration,0
2304,test,0
2305,calibration,0
2306,fit,0
2307,fit,0
2308,validation,0
2309,fit,0
2310,fit,0
2311,fit,0
2312,fit,0
2313,fit,0
2314,calibration,0
2315,fit,0
2316,calibration,0
2317,fit,0
2318,fit,0
2319,fit,0
2320,test,0
2321,fit,0
2322,test,0
2323,fit,0
2324,fit,0
2325,fit,0
2326,fit,0
2327,fit,0
2328,fit,0
2329,validation,0
2330,fit,0
2331,validation,0
2332,validation,0
2333,test,0
2334,test,0
2335,fit,0
2336,validation,0
2337,calibration,0
2338,calibration,0
2339,fit,0
2340,fit,0
2341,calibration,0
2342,calibration,0
2343,test,0
2344,fit,0
2345,fit,0
2346,test,0
2347,test,0
2348,test,0
2349,validation,0
2350,validation,0
2351,fit,0
2352,validation,0
2353,validation,0
2354,validation,0
2355,test,0
2356,validation,0
2357,calibration,0
2358,fit,0
2359,calibration,0
2360,test,0
2361,test,0
2362,fit,0
2363,fit,0
2364,fit,0
2365,validation,0
2366,fit,0
2367,fit,0
2368,test,0
2369,calibration,0
2370,fit,0
2371,calibration,0
2372,fit,0
2373,validation,0
2374,fit,0
2375,validation,0
2376,fit,0
2377,validation,0
2378,fit,0
2379,calibration,0
2380,fit,0
2381,validation,0
2382,validation,0
2383,test,0
2384,fit,0
2385,fit,0
2386,test,0
2387,test,0
2388,fit,0
2389,validation,0
2390,validation,0
2391,fit,0
2392,fit,0
2393,fit,0
2394,fit,0
2395,validation,0
2396,test,0
2397,validation,0
2398,validation,0
2399,fit,0
2400,calibration,0
2401,calibration,0
2402,calibration,0
2403,validation,0
2404,validation,0
2405,fit,0
2406,fit,0
2407,fit,0
2408,test,0
2409,calibration,0
2410,validation,0
2411,fit,0
2412,fit,0
2413,fit,0
2414,test,0
2415,test,0
2416,fit,0
2417,fit,0
2418,fit,0
2419,calibration,0
2420,fit,0
2421,fit,0
2422,test,0
2423,fit,0
2424,calibration,0
2425,fit,0
2426,fit,0
2427,validation,0
2428,fit,0
2429,calibration,0
2430,fit,0
2431,calibration,0
2432,test,0
2433,test,0
2434,fit,0
2435,fit,0
2436,fit,0
2437,fit,0
2438,fit,0
2439,test,0
2440,fit,0
2441,fit,0
2442,calibration,0
2443,fit,0
2444,fit,0
2445,test,0
2446,fit,0
2447,test,0
2448,fit,0
2449,validation,0
2450,test,0
2451,validation,0
2452,fit,0
2453,calibration,0
2454,fit,0
2455,validation,0
2456,fit,0
2457,validation,0
2458,fit,0
2459,fit,0
2460,fit,0
2461,test,0
2462,fit,0
2463,calibration,0
2464,fit,0
2465,fit,0
2466,validation,0
2467,fit,0
2468,fit,0
2469,fit,0
2470,fit,0
2471,fit,0
2472,validation,0
2473,test,0
2474,calibration,0
2475,test,0
2476,fit,0
2477,fit,0
2478,fit,0
2479,test,0
2480,fit,0
2481,test,0
2482,calibration,0
2483,validation,0
2484,fit,0
2485,calibration,0
2486,fit,0
2487,calibration,0
2488,calibration,0
2489,calibration,0
2490,test,0
2491,calibration,0
2492,fit,0
2493,validation,0
2494,fit,0
2495,test,0
2496,fit,0
2497,fit,0
2498,fit,0
2499,fit,0
2500,fit,0
2501,fit,0
2502,fit,0
2503,validation,0
2504,fit,0
2505,test,0
2506,validation,0
2507,calibration,0
2508,fit,0
2509,fit,0
2510,validation,0
2511,fit,0
2512,validation,0
2513,validation,0
2514,test,0
2515,fit,0
2516,test,0
2517,validation,0
2518,fit,0
2519,fit,0
2520,validation,0
2521,fit,0
2522,fit,0
2523,fit,0
2524,calibration,0
2525,fit,0
2526,calibration,0
2527,validation,0
2528,validation,0
2529,fit,0
2530,test,0
2531,calibration,0
2532,validation,0
2533,test,0
2534,fit,0
2535,fit,0
2536,test,0
2537,test,0
2538,fit,0
2539,fit,0
2540,fit,0
2541,fit,0
2542,calibration,0
2543,test,0
2544,fit,0
2545,fit,0
2546,calibration,0
2547,validation,0
2548,validation,0
2549,fit,0
2550,validation,0
2551,validation,0
2552,fit,0
2553,validation,0
2554,fit,0
2555,fit,0
2556,fit,0
2557,fit,0
2558,calibration,0
2559,fit,0
2560,validation,0
2561,fit,0
2562,test,0
2563,test,0
2564,fit,0
2565,validation,0
2566,test,0
2567,fit,0
2568,fit,0
2569,validation,0
2570,fit,0
2571,test,0
2572,validation,0
2573,calibration,0
2574,validation,0
2575,fit,0
2576,fit,0
2577,fit,0
2578,validation,0
2579,fit,0
2580,fit,0
2581,calibration,0
2582,fit,0
2583,fit,0
2584,test,0
2585,calibration,0
2586,test,0
2587,fit,0
2588,test,0
2589,fit,0
2590,fit,0
2591,test,0
2592,fit,0
2593,calibration,0
2594,calibration,0
2595,fit,0
2596,calibration,0
2597,test,0
2598,fit,0
2599,test,0
2600,fit,0
2601,test,0
2602,fit,0
2603,validation,0
2604,fit,0
2605,test,0
2606,fit,0
2607,fit,0
2608,fit,0
2609,calibration,0
2610,test,0
2611,calibration,0
2612,fit,0
2613,fit,0
2614,fit,0
2615,calibration,0
2616,fit,0
2617,fit,0
2618,calibration,0
2619,validation,0
2620,test,0
2621,test,0
2622,validation,0
2623,validation,0
2624,fit,0
2625,validation,0
2626,test,0
2627,fit,0
2628,fit,0
2629,test,0
2630,validation,0
2631,calibration,0
2632,fit,0
2633,fit,0
2634,validation,0
2635,calibration,0
2636,validation,0
2637,test,0
2638,fit,0
2639,fit,0
2640,fit,0
2641,fit,0
2642,test,0
2643,fit,0
2644,calibration,0
2645,fit,0
2646,fit,0
2647,validation,0
2648,fit,0
2649,calibration,0
2650,validation,0
2651,validation,0
2652,validation,0
2653,fit,0
2654,test,0
2655,fit,0
2656,fit,0
2657,test,0
2658,validation,0
2659,fit,0
2660,validation,0
2661,fit,0
2662,test,0
2663,calibration,0
2664,fit,0
2665,test,0
2666,fit,0
2667,fit,0
2668,fit,0
2669,fit,0
2670,fit,0
2671,fit,0
2672,fit,0
2673,fit,0
2674,fit,0
2675,fit,0
2676,validation,0
2677,test,0
2678,validation,0
2679,validation,0
2680,validation,0
2681,fit,0
2682,fit,0
2683,test,0
2684,fit,0
2685,fit,0
2686,test,0
2687,fit,0
2688,test,0
2689,validation,0
2690,validation,0
2691,calibration,0
2692,fit,0
2693,validation,0
2694,validation,0
2695,fit,0
2696,calibration,0
2697,fit,0
2698,validation,0
2699,fit,0
2700,fit,0
2701,fit,0
2702,fit,0
2703,fit,0
2704,fit,0
2705,test,0
2706,fit,0
2707,test,0
2708,test,0
2709,fit,0
2710,validation,0
2711,fit,0
2712,calibration,0
2713,fit,0
2714,validation,0
2715,fit,0
2716,fit,0
2717,test,0
2718,test,0
2719,validation,0
2720,validation,0
2721,fit,0
2722,calibration,0
2723,calibration,0
2724,calibration,0
2725,calibration,0
2726,fit,0
2727,fit,0
2728,fit,0
2729,fit,0
2730,validation,0
2731,fit,0
2732,fit,0
2733,calibration,0
2734,fit,0
2735,fit,0
2736,fit,0
2737,fit,0
2738,fit,0
2739,fit,0
2740,fit,0
2741,fit,0
2742,fit,0
2743,fit,0
2744,fit,0
2745,calibration,0
2746,fit,0
2747,calibration,0
2748,calibration,0
2749,calibration,0
2750,fit,0
2751,validation,0
2752,fit,0
2753,fit,0
2754,fit,0
2755,fit,0
2756,calibration,0
2757,fit,0
2758,test,0
2759,validation,0
2760,validation,0
2761,test,0
2762,test,0
2763,validation,0
2764,calibration,0
2765,calibration,0
2766,test,0
2767,fit,0
2768,calibration,0
2769,test,0
2770,calibration,0
2771,test,0
2772,test,0
2773,fit,0
2774,calibration,0
2775,validation,0
2776,test,0
2777,calibration,0
2778,fit,0
2779,test,0
2780,fit,0
2781,calibration,0
2782,validation,0
2783,validation,0
2784,test,0
2785,fit,0
2786,fit,0
2787,test,0
2788,fit,0
2789,fit,0
2790,calibration,0
2791,fit,0
2792,fit,0
2793,fit,0
2794,fit,0
2795,validation,0
2796,fit,0
2797,validation,0
2798,fit,0
2799,fit,0
2800,fit,0
2801,fit,0
2802,fit,0
2803,fit,0
2804,fit,0
2805,validation,0
2806,fit,0
2807,fit,0
2808,validation,0
2809,test,0
2810,validation,0
2811,fit,0
2812,fit,0
2813,test,0
2814,test,0
2815,test,0
2816,validation,0
2817,calibration,0
2818,validation,0
2819,fit,0
2820,fit,0
2821,validation,0
2822,fit,0
2823,validation,0
2824,fit,0
2825,fit,0
2826,fit,0
2827,test,0
2828,fit,0
2829,fit,0
2830,validation,0
2831,test,0
2832,fit,0
2833,calibration,0
2834,calibration,0
2835,fit,0
2836,validation,0
2837,test,0
2838,calibration,0
2839,fit,0
2840,fit,0
2841,fit,0
2842,test,0
2843,fit,0
2844,validation,0
2845,test,0
2846,test,0
2847,calibration,0
2848,calibration,0
2849,calibration,0
2850,calibration,0
2851,test,0
2852,fit,0
2853,fit,0
2854,test,0
2855,fit,0
2856,calibration,0
2857,fit,0
2858,validation,0
2859,fit,0
2860,test,0
2861,fit,0
2862,fit,0
2863,fit,0
2864,test,0
2865,validation,0
2866,validation,0
2867,validation,0
2868,calibration,0
2869,test,0
2870,fit,0
2871,fit,0
2872,fit,0
2873,test,0
2874,calibration,0
2875,fit,0
2876,test,0
2877,calibration,0
2878,calibration,0
2879,validation,0
2880,fit,0
2881,fit,0
2882,validation,0
2883,test,0
2884,calibration,0
2885,validation,0
2886,validation,0
2887,calibration,0
2888,fit,0
2889,fit,0
2890,test,0
2891,test,0
2892,fit,0
2893,validation,0
2894,fit,0
2895,fit,0
2896,validation,0
2897,calibration,0
2898,fit,0
2899,fit,0
2900,test,0
2901,test,0
2902,calibration,0
2903,fit,0
2904,validation,0
2905,fit,0
2906,calibration,0
2907,fit,0
2908,validation,0
2909,validation,0
2910,fit,0
2911,validation,0
2912,fit,0
2913,test,0
2914,test,0
2915,validation,0
2916,fit,0
2917,calibration,0
2918,fit,0
2919,test,0
2920,test,0
2921,validation,0
2922,fit,0
2923,fit,0
2924,validation,0
2925,calibration,0
2926,validation,0
2927,validation,0
2928,fit,0
2929,calibration,0
2930,test,0
2931,fit,0
2932,fit,0
2933,validation,0
2934,test,0
2935,fit,0
2936,fit,0
2937,validation,0
2938,fit,0
2939,validation,0
2940,calibration,0
2941,validation,0
2942,validation,0
2943,fit,0
2944,test,0
2945,test,0
2946,validation,0
2947,validation,0
2948,fit,0
2949,fit,0
2950,validation,0
2951,calibration,0
2952,fit,0
2953,validation,0
2954,validation,0
2955,fit,0
2956,fit,0
2957,validation,0
2958,calibration,0
2959,test,0
2960,fit,0
2961,calibration,0
2962,fit,0
2963,test,0
2964,test,0
2965,validation,0
2966,fit,0
2967,test,0
2968,fit,0
2969,fit,0
2970,validation,0
2971,test,0
2972,fit,0
2973,calibration,0
2974,calibration,0
2975,validation,0
2976,validation,0
2977,validation,0
2978,validation,0
2979,validation,0
2980,validation,0
2981,fit,0
2982,fit,0
2983,calibration,0
2984,fit,0
2985,fit,0
2986,validation,0
2987,fit,0
2988,fit,0
2989,test,0
2990,fit,0
2991,validation,0
2992,fit,0
2993,fit,0
2994,fit,0
2995,calibration,0
2996,calibration,0
2997,fit,0
2998,validation,0
2999,calibration,0
3000,fit,0
3001,fit,0
3002,test,0
3003,validation,0
3004,validation,0
3005,calibration,0
3006,validation,0
3007,test,0
3008,fit,0
3009,calibration,0
3010,validation,0
3011,fit,0
3012,test,0
3013,fit,0
3014,validation,0
3015,fit,0
3016,fit,0
3017,fit,0
3018,fit,0
3019,validation,0
3020,fit,0
3021,calibration,0
3022,validation,0
3023,fit,0
3024,fit,0
3025,calibration,0
3026,test,0
3027,fit,0
3028,validation,0
3029,fit,0
3030,fit,0
3031,test,0
3032,fit,0
3033,fit,0
3034,validation,0
3035,fit,0
3036,validation,0
3037,fit,0
3038,calibration,0
3039,test,0
3040,fit,0
3041,validation,0
3042,fit,0
3043,fit,0
3044,fit,0
3045,test,0
3046,fit,0
3047,calibration,0
3048,fit,0
3049,test,0
3050,validation,0
3051,test,0
3052,calibration,0
3053,test,0
3054,test,0
3055,test,0
3056,test,0
3057,test,0
3058,test,0
3059,calibration,0
3060,validation,0
3061,validation,0
3062,fit,0
3063,validation,0
3064,fit,0
3065,calibration,0
3066,calibration,0
3067,fit,0
3068,validation,0
3069,fit,0
3070,fit,0
3071,validation,0
3072,test,0
3073,calibration,0
3074,fit,0
3075,fit,0
3076,test,0
3077,fit,0
3078,fit,0
3079,validation,0
3080,test,0
3081,fit,0
3082,test,0
3083,fit,0
3084,fit,0
3085,fit,0
3086,calibration,0
3087,fit,0
3088,fit,0
3089,test,0
3090,fit,0
3091,test,0
3092,calibration,0
3093,test,0
3094,fit,0
3095,fit,0
3096,validation,0
3097,validation,0
3098,calibration,0
3099,fit,0
3100,fit,0
3101,validation,0
3102,fit,0
3103,fit,0
3104,fit,0
3105,fit,0
3106,fit,0
3107,test,0
3108,fit,0
3109,fit,0
3110,fit,0
3111,validation,0
3112,fit,0
3113,validation,0
3114,fit,0
3115,test,0
3116,test,0
3117,fit,0
3118,fit,0
3119,fit,0
3120,fit,0
3121,test,0
3122,fit,0
3123,test,0
3124,validation,0
3125,test,0
3126,fit,0
3127,validation,0
3128,test,0
3129,validation,0
3130,calibration,0
3131,test,0
3132,test,0
3133,fit,0
3134,validation,0
3135,calibration,0
3136,fit,0
3137,fit,0
3138,calibration,0
3139,validation,0
3140,calibration,0
3141,validation,0
3142,fit,0
3143,fit,0
3144,fit,0
3145,validation,0
3146,fit,0
3147,fit,0
3148,calibration,0
3149,fit,0
3150,test,0
3151,fit,0
3152,fit,0
3153,calibration,0
3154,fit,0
3155,fit,0
3156,test,0
3157,fit,0
3158,validation,0
3159,fit,0
3160,test,0
3161,fit,0
3162,test,0
3163,fit,0
3164,calibration,0
3165,fit,0
3166,fit,0
3167,fit,0
3168,validation,0
3169,test,0
3170,test,0
3171,fit,0
3172,fit,0
3173,calibration,0
3174,fit,0
3175,test,0
3176,test,0
3177,calibration,0
3178,fit,0
3179,fit,0
3180,calibration,0
3181,fit,0
3182,validation,0
3183,fit,0
3184,fit,0
3185,fit,0
3186,fit,0
3187,validation,0
3188,calibration,0
3189,validation,0
3190,calibration,0
3191,fit,0
3192,calibration,0
3193,test,0
3194,fit,0
3195,calibration,0
3196,validation,0
3197,test,0
3198,test,0
3199,fit,0
3200,fit,0
3201,fit,0
3202,fit,0
3203,calibration,0
3204,test,0
3205,validation,0
3206,fit,0
3207,validation,0
3208,fit,0
3209,validation,0
3210,calibration,0
3211,fit,0
3212,fit,0
3213,fit,0
3214,fit,0
3215,fit,0
3216,fit,0
3217,fit,0
3218,test,0
3219,validation,0
3220,validation,0
3221,fit,0
3222,fit,0
3223,fit,0
3224,fit,0
3225,fit,0
3226,fit,0
3227,test,0
3228,test,0
3229,test,0
3230,test,0
3231,test,0
3232,test,0
3233,fit,0
3234,validation,0
3235,fit,0
3236,calibration,0
3237,test,0
3238,fit,0
3239,validation,0
3240,test,0
3241,fit,0
3242,calibration,0
3243,test,0
3244,fit,0
3245,fit,0
3246,calibration,0
3247,validation,0
3248,test,0
3249,fit,0
3250,fit,0
3251,calibration,0
3252,fit,0
3253,fit,0
3254,fit,0
3255,validation,0
3256,validation,0
3257,test,0
3258,validation,0
3259,calibration,0
3260,fit,0
3261,calibration,0
3262,fit,0
3263,calibration,0
3264,fit,0
3265,test,0
3266,test,0
3267,test,0
3268,fit,0
3269,fit,0
3270,test,0
3271,fit,0
3272,fit,0
3273,fit,0
3274,test,0
3275,test,0
3276,fit,0
3277,validation,0
3278,fit,0
3279,fit,0
3280,calibration,0
3281,test,0
3282,test,0
3283,calibration,0
3284,calibration,0
3285,fit,0
3286,fit,0
3287,validation,0
3288,fit,0
3289,fit,0
3290,validation,0
3291,validation,0
3292,validation,0
3293,calibration,0
3294,validation,0
3295,test,0
3296,fit,0
3297,validation,0
3298,validation,0
3299,test,0
3300,validation,0
3301,fit,0
3302,validation,0
3303,validation,0
3304,calibration,0
3305,fit,0
3306,fit,0
3307,test,0
3308,fit,0
3309,fit,0
3310,fit,0
3311,fit,0
3312,fit,0
3313,fit,0
3314,calibration,0
3315,test,0
3316,validation,0
3317,test,0
3318,calibration,0
3319,fit,0
3320,fit,0
3321,fit,0
3322,test,0
3323,fit,0
3324,test,0
3325,fit,0
3326,calibration,0
3327,validation,0
3328,fit,0
3329,fit,0
3330,fit,0
3331,fit,0
3332,validation,0
3333,validation,0
3334,test,0
3335,fit,0
3336,fit,0
3337,calibration,0
3338,fit,0
3339,test,0
3340,fit,0
3341,fit,0
3342,calibration,0
3343,calibration,0
3344,validation,0
3345,fit,0
3346,fit,0
3347,validation,0
3348,fit,0
3349,calibration,0
3350,fit,0
3351,fit,0
3352,fit,0
3353,fit,0
3354,fit,0
3355,fit,0
3356,validation,0
3357,calibration,0
3358,test,0
3359,validation,0
3360,fit,0
3361,calibration,0
3362,fit,0
3363,fit,0
3364,fit,0
3365,fit,0
3366,fit,0
3367,validation,0
3368,test,0
3369,test,0
3370,calibration,0
3371,validation,0
3372,test,0
3373,validation,0
3374,fit,0
3375,fit,0
3376,fit,0
3377,test,0
3378,validation,0
3379,test,0
3380,validation,0
3381,validation,0
3382,validation,0
3383,fit,0
3384,fit,0
3385,validation,0
3386,test,0
3387,fit,0
3388,fit,0
3389,calibration,0
3390,validation,0
3391,fit,0
3392,validation,0
3393,fit,0
3394,validation,0
3395,validation,0
3396,fit,0
3397,fit,0
3398,fit,0
3399,fit,0
3400,test,0
3401,fit,0
3402,fit,0
3403,fit,0
3404,fit,0
3405,calibration,0
3406,fit,0
3407,fit,0
3408,fit,0
3409,calibration,0
3410,fit,0
3411,fit,0
3412,fit,0
3413,validation,0
3414,fit,0
3415,fit,0
3416,fit,0
3417,fit,0
3418,calibration,0
3419,test,0
3420,fit,0
3421,fit,0
3422,test,0
3423,fit,0
3424,fit,0
3425,fit,0
3426,test,0
3427,calibration,0
3428,fit,0
3429,calibration,0
3430,validation,0
3431,validation,0
3432,calibration,0
3433,test,0
3434,calibration,0
3435,fit,0
3436,fit,0
3437,fit,0
3438,test,0
3439,calibration,0
3440,validation,0
3441,fit,0
3442,fit,0
3443,fit,0
3444,fit,0
3445,fit,0
3446,validation,0
3447,fit,0
3448,test,0
3449,fit,0
3450,test,0
3451,test,0
3452,test,0
3453,fit,0
3454,test,0
3455,fit,0
3456,calibration,0
3457,test,0
3458,fit,0
3459,calibration,0
3460,fit,0
3461,calibration,0
3462,fit,0
3463,fit,0
3464,fit,0
3465,validation,0
3466,fit,0
3467,calibration,0
3468,fit,0
3469,validation,0
3470,fit,0
3471,fit,0
3472,test,0
3473,fit,0
3474,calibration,0
3475,validation,0
3476,fit,0
3477,validation,0
3478,calibration,0
3479,fit,0
3480,fit,0
3481,fit,0
3482,fit,0
3483,validation,0
3484,fit,0
3485,fit,0
3486,validation,0
3487,fit,0
3488,validation,0
3489,calibration,0
3490,calibration,0
3491,test,0
3492,fit,0
3493,calibration,0
3494,fit,0
3495,fit,0
3496,fit,0
3497,calibration,0
3498,fit,0
3499,test,0
3500,fit,0
3501,validation,0
3502,fit,0
3503,fit,0
3504,fit,0
3505,fit,0
3506,calibration,0
3507,calibration,0
3508,test,0
3509,calibration,0
3510,validation,0
3511,calibration,0
3512,test,0
3513,test,0
3514,test,0
3515,validation,0
3516,test,0
3517,fit,0
3518,fit,0
3519,validation,0
3520,test,0
3521,calibration,0
3522,validation,0
3523,calibration,0
3524,calibration,0
3525,fit,0
3526,fit,0
3527,fit,0
3528,test,0
3529,fit,0
3530,fit,0
3531,test,0
3532,calibration,0
3533,test,0
3534,calibration,0
3535,fit,0
3536,fit,0
3537,validation,0
3538,fit,0
3539,validation,0
3540,validation,0
3541,fit,0
3542,fit,0
3543,test,0
3544,calibration,0
3545,fit,0
3546,test,0
3547,validation,0
3548,calibration,0
3549,calibration,0
3550,fit,0
3551,validation,0
3552,fit,0
3553,fit,0
3554,fit,0
3555,fit,0
3556,calibration,0
3557,fit,0
3558,validation,0
3559,fit,0
3560,fit,0
3561,fit,0
3562,validation,0
3563,validation,0
3564,validation,0
3565,calibration,0
3566,fit,0
3567,fit,0
3568,test,0
3569,fit,0
3570,fit,0
3571,fit,0
3572,test,0
3573,calibration,0
3574,fit,0
3575,fit,0
3576,test,0
3577,fit,0
3578,test,0
3579,validation,0
3580,validation,0
3581,calibration,0
3582,test,0
3583,validation,0
3584,fit,0
3585,validation,0
3586,calibration,0
3587,fit,0
3588,fit,0
3589,fit,0
3590,fit,0
3591,fit,0
3592,test,0
3593,test,0
3594,calibration,0
3595,validation,0
3596,test,0
3597,fit,0
3598,test,0
3599,calibration,0
3600,fit,0
3601,test,0
3602,calibration,0
3603,fit,0
3604,validation,0
3605,fit,0
3606,fit,0
3607,calibration,0
3608,calibration,0
3609,fit,0
3610,validation,0
3611,fit,0
3612,fit,0
3613,test,0
3614,fit,0
3615,calibration,0
3616,validation,0
3617,fit,0
3618,validation,0
3619,test,0
3620,validation,0
3621,calibration,0
3622,fit,0
3623,fit,0
3624,test,0
3625,fit,0
3626,test,0
3627,test,0
3628,fit,0
3629,test,0
3630,validation,0
3631,validation,0
3632,test,0
3633,fit,0
3634,fit,0
3635,test,0
3636,validation,0
3637,test,0
3638,fit,0
3639,test,0
3640,fit,0
3641,fit,0
3642,test,0
3643,fit,0
3644,validation,0
3645,fit,0
3646,fit,0
3647,fit,0
3648,calibration,0
3649,fit,0
3650,fit,0
3651,fit,0
3652,fit,0
3653,fit,0
3654,validation,0
3655,validation,0
3656,fit,0
3657,fit,0
3658,validation,0
3659,test,0
3660,fit,0
3661,calibration,0
3662,fit,0
3663,calibration,0
3664,test,0
3665,validation,0
3666,fit,0
3667,validation,0
3668,calibration,0
3669,test,0
3670,test,0
3671,fit,0
3672,fit,0
3673,test,0
3674,fit,0
3675,calibration,0
3676,test,0
3677,validation,0
3678,validation,0
3679,fit,0
3680,validation,0
3681,fit,0
3682,fit,0
3683,fit,0
3684,test,0
3685,fit,0
3686,fit,0
3687,validation,0
3688,test,0
3689,test,0
3690,calibration,0
3691,fit,0
3692,calibration,0
3693,fit,0
3694,calibration,0
3695,test,0
3696,fit,0
3697,fit,0
3698,validation,0
3699,test,0
3700,test,0
3701,fit,0
3702,fit,0
3703,test,0
3704,fit,0
3705,fit,0
3706,test,0
3707,validation,0
3708,calibration,0
3709,fit,0
3710,validation,0
3711,fit,0
3712,calibration,0
3713,calibration,0
3714,validation,0
3715,validation,0
3716,validation,0
3717,fit,0
3718,test,0
3719,fit,0
3720,calibration,0
3721,fit,0
3722,fit,0
3723,fit,0
3724,validation,0
3725,validation,0
3726,validation,0
3727,fit,0
3728,fit,0
3729,fit,0
3730,fit,0
3731,calibration,0
3732,calibration,0
3733,validation,0
3734,fit,0
3735,fit,0
3736,calibration,0
3737,fit,0
3738,fit,0
3739,fit,0
3740,test,0
3741,test,0
3742,test,0
3743,calibration,0
3744,validation,0
3745,calibration,0
3746,calibration,0
3747,fit,0
3748,validation,0
3749,fit,0
3750,test,0
3751,fit,0
3752,test,0
3753,test,0
3754,test,0
3755,validation,0
3756,fit,0
3757,test,0
3758,validation,0
3759,calibration,0
3760,fit,0
3761,fit,0
3762,test,0
3763,validation,0
3764,calibration,0
3765,validation,0
3766,calibration,0
3767,test,0
3768,fit,0
3769,test,0
3770,fit,0
3771,calibration,0
3772,validation,0
3773,fit,0
3774,fit,0
3775,fit,0
3776,fit,0
3777,fit,0
3778,test,0
3779,calibration,0
3780,calibration,0
3781,fit,0
3782,fit,0
3783,validation,0
3784,fit,0
3785,fit,0
3786,fit,0
3787,test,0
3788,fit,0
3789,validation,0
3790,fit,0
3791,validation,0
3792,fit,0
3793,validation,0
3794,calibration,0
3795,validation,0
3796,calibration,0
3797,calibration,0
3798,fit,0
3799,calibration,0
3800,test,0
3801,test,0
3802,fit,0
3803,validation,0
3804,fit,0
3805,test,0
3806,test,0
3807,test,0
3808,fit,0
3809,fit,0
3810,test,0
3811,fit,0
3812,validation,0
3813,fit,0
3814,test,0
3815,calibration,0
3816,calibration,0
3817,validation,0
3818,test,0
3819,test,0
3820,validation,0
3821,fit,0
3822,fit,0
3823,fit,0
3824,fit,0
3825,calibration,0
3826,fit,0
3827,test,0
3828,fit,0
3829,validation,0
3830,fit,0
3831,fit,0
3832,validation,0
3833,validation,0
3834,test,0
3835,fit,0
3836,validation,0
3837,test,0
3838,validation,0
3839,fit,0
3840,fit,0
3841,fit,0
3842,fit,0
3843,test,0
3844,validation,0
3845,test,0
3846,validation,0
3847,test,0
3848,fit,0
3849,fit,0
3850,fit,0
3851,fit,0
3852,validation,0
3853,fit,0
3854,validation,0
3855,fit,0
3856,test,0
3857,test,0
3858,fit,0
3859,validation,0
3860,fit,0
3861,fit,0
3862,fit,0
3863,fit,0
3864,fit,0
3865,calibration,0
3866,validation,0
3867,fit,0
3868,calibration,0
3869,test,0
3870,fit,0
3871,fit,0
3872,fit,0
3873,calibration,0
3874,fit,0
3875,validation,0
3876,validation,0
3877,fit,0
3878,test,0
3879,fit,0
3880,test,0
3881,test,0
3882,fit,0
3883,calibration,0
3884,fit,0
3885,fit,0
3886,validation,0
3887,test,0
3888,fit,0
3889,validation,0
3890,validation,0
3891,test,0
3892,fit,0
3893,fit,0
3894,fit,0
3895,validation,0
3896,fit,0
3897,validation,0
3898,calibration,0
3899,test,0
3900,validation,0
3901,validation,0
3902,calibration,0
3903,fit,0
3904,test,0
3905,calibration,0
3906,fit,0
3907,fit,0
3908,test,0
3909,fit,0
3910,calibration,0
3911,fit,0
3912,fit,0
3913,fit,0
3914,fit,0
3915,fit,0
3916,test,0
3917,fit,0
3918,test,0
3919,calibration,0
3920,test,0
3921,test,0
3922,validation,0
3923,validation,0
3924,test,0
3925,fit,0
3926,fit,0
3927,validation,0
3928,fit,0
3929,test,0
3930,validation,0
3931,fit,0
3932,fit,0
3933,fit,0
3934,validation,0
3935,calibration,0
3936,fit,0
3937,validation,0
3938,fit,0
3939,test,0
3940,test,0
3941,validation,0
3942,fit,0
3943,fit,0
3944,validation,0
3945,calibration,0
3946,calibration,0
3947,calibration,0
3948,fit,0
3949,validation,0
3950,test,0
3951,validation,0
3952,fit,0
3953,fit,0
3954,fit,0
3955,calibration,0
3956,fit,0
3957,calibration,0
3958,test,0
3959,test,0
3960,validation,0
3961,validation,0
3962,calibration,0
3963,calibration,0
3964,fit,0
3965,test,0
3966,fit,0
3967,test,0
3968,fit,0
3969,fit,0
3970,fit,0
3971,validation,0
3972,calibration,0
3973,fit,0
3974,fit,0
3975,calibration,0
3976,validation,0
3977,test,0
3978,fit,0
3979,fit,0
3980,fit,0
3981,validation,0
3982,validation,0
3983,calibration,0
3984,fit,0
3985,test,0
3986,fit,0
3987,test,0
3988,validation,0
3989,test,0
3990,test,0
3991,validation,0
3992,test,0
3993,fit,0
3994,test,0
3995,fit,0
3996,test,0
3997,fit,0
3998,test,0
3999,calibration,0
4000,validation,0
4001,test,0
4002,test,0
4003,fit,0
4004,fit,0
4005,test,0
4006,test,0
4007,test,0
4008,fit,0
4009,fit,0
4010,validation,0
4011,calibration,0
4012,validation,0
4013,fit,0
4014,validation,0
4015,fit,0
4016,fit,0
4017,validation,0
4018,test,0
4019,fit,0
4020,fit,0
4021,fit,0
4022,fit,0
4023,test,0
4024,validation,0
4025,fit,0
4026,fit,0
4027,fit,0
4028,validation,0
4029,validation,0
4030,fit,0
4031,calibration,0
4032,validation,0
4033,fit,0
4034,test,0
4035,test,0
4036,fit,0
4037,test,0
4038,validation,0
4039,validation,0
4040,validation,0
4041,validation,0
4042,validation,0
4043,validation,0
4044,fit,0
4045,fit,0
4046,fit,0
4047,validation,0
4048,fit,0
4049,fit,0
4050,fit,0
4051,validation,0
4052,fit,0
4053,validation,0
4054,fit,0
4055,validation,0
4056,test,0
4057,test,0
4058,fit,0
4059,fit,0
4060,fit,0
4061,validation,0
4062,test,0
4063,fit,0
4064,validation,0
4065,validation,0
4066,fit,0
4067,calibration,0
4068,fit,0
4069,validation,0
4070,validation,0
4071,calibration,0
4072,calibration,0
4073,validation,0
4074,fit,0
4075,fit,0
4076,validation,0
4077,fit,0
4078,calibration,0
4079,calibration,0
4080,fit,0
4081,test,0
4082,calibration,0
4083,validation,0
4084,calibration,0
4085,fit,0
4086,calibration,0
4087,validation,0
4088,test,0
4089,fit,0
4090,fit,0
4091,validation,0
4092,test,0
4093,validation,0
4094,calibration,0
4095,fit,0
4096,validation,0
4097,validation,0
4098,calibration,0
4099,fit,0
4100,calibration,0
4101,calibration,0
4102,fit,0
4103,calibration,0
4104,test,0
4105,fit,0
4106,calibration,0
4107,validation,0
4108,fit,0
4109,fit,0
4110,fit,0
4111,test,0
4112,fit,0
4113,fit,0
4114,calibration,0
4115,fit,0
4116,validation,0
4117,fit,0
4118,fit,0
4119,calibration,0
4120,fit,0
4121,test,0
4122,fit,0
4123,fit,0
4124,calibration,0
4125,fit,0
4126,fit,0
4127,test,0
4128,validation,0
4129,calibration,0
4130,validation,0
4131,test,0
4132,validation,0
4133,fit,0
4134,validation,0
4135,fit,0
4136,fit,0
4137,calibration,0
4138,fit,0
4139,validation,0
4140,calibration,0
4141,calibration,0
4142,validation,0
4143,fit,0
4144,fit,0
4145,fit,0
4146,fit,0
4147,validation,0
4148,fit,0
4149,test,0
4150,test,0
4151,validation,0
4152,validation,0
4153,test,0
4154,fit,0
4155,fit,0
4156,fit,0
4157,fit,0
4158,fit,0
4159,fit,0
4160,validation,0
4161,calibration,0
4162,test,0
4163,validation,0
4164,fit,0
4165,test,0
4166,fit,0
4167,test,0
4168,fit,0
4169,calibration,0
4170,validation,0
4171,test,0
4172,fit,0
4173,fit,0
4174,fit,0
4175,calibration,0
4176,fit,0
4177,test,0
4178,fit,0
4179,validation,0
4180,calibration,0
4181,test,0
4182,calibration,0
4183,validation,0
4184,validation,0
4185,test,0
4186,calibration,0
4187,test,0
4188,fit,0
4189,test,0
4190,calibration,0
4191,validation,0
4192,fit,0
4193,fit,0
4194,test,0
4195,test,0
4196,test,0
4197,fit,0
4198,validation,0
4199,calibration,0
4200,fit,0
4201,calibration,0
4202,validation,0
4203,fit,0
4204,calibration,0
4205,fit,0
4206,calibration,0
4207,validation,0
4208,test,0
4209,validation,0
4210,validation,0
4211,test,0
4212,calibration,0
4213,validation,0
4214,fit,0
4215,validation,0
4216,calibration,0
4217,calibration,0
4218,fit,0
4219,calibration,0
4220,fit,0
4221,test,0
4222,calibration,0
4223,fit,0
4224,fit,0
4225,fit,0
4226,validation,0
4227,calibration,0
4228,fit,0
4229,test,0
4230,fit,0
4231,fit,0
4232,validation,0
4233,test,0
4234,validation,0
4235,fit,0
4236,fit,0
4237,fit,0
4238,validation,0
4239,fit,0
4240,fit,0
4241,fit,0
4242,fit,0
4243,fit,0
4244,fit,0
4245,calibration,0
4246,validation,0
4247,validation,0
4248,validation,0
4249,fit,0
4250,fit,0
4251,fit,0
4252,validation,0
4253,fit,0
4254,calibration,0
4255,fit,0
4256,test,0
4257,fit,0
4258,validation,0
4259,fit,0
4260,test,0
4261,fit,0
4262,fit,0
4263,calibration,0
4264,fit,0
4265,validation,0
4266,fit,0
4267,calibration,0
4268,validation,0
4269,validation,0
4270,test,0
4271,fit,0
4272,test,0
4273,validation,0
4274,calibration,0
4275,fit,0
4276,validation,0
4277,fit,0
4278,fit,0
4279,fit,0
4280,validation,0
4281,test,0
4282,fit,0
4283,fit,0
4284,test,0
4285,fit,0
4286,test,0
4287,fit,0
4288,test,0
4289,fit,0
4290,fit,0
4291,fit,0
4292,calibration,0
4293,fit,0
4294,fit,0
4295,fit,0
4296,fit,0
4297,fit,0
4298,validation,0
4299,calibration,0
4300,test,0
4301,fit,0
4302,validation,0
4303,calibration,0
4304,fit,0
4305,fit,0
4306,validation,0
4307,calibration,0
4308,calibration,0
4309,fit,0
4310,calibration,0
4311,validation,0
4312,fit,0
4313,validation,0
4314,calibration,0
4315,test,0
4316,validation,0
4317,validation,0
4318,validation,0
4319,calibration,0
4320,validation,0
4321,fit,0
4322,test,0
4323,calibration,0
4324,calibration,0
4325,validation,0
4326,fit,0
4327,validation,0
4328,calibration,0
4329,calibration,0
4330,fit,0
4331,fit,0
4332,test,0
4333,validation,0
4334,validation,0
4335,fit,0
4336,fit,0
4337,fit,0
4338,fit,0
4339,fit,0
4340,test,0
4341,calibration,0
4342,calibration,0
4343,validation,0
4344,validation,0
4345,fit,0
4346,validation,0
4347,validation,0
4348,calibration,0
4349,fit,0
4350,validation,0
4351,fit,0
4352,validation,0
4353,fit,0
4354,fit,0
4355,calibration,0
4356,test,0
4357,fit,0
4358,test,0
4359,test,0
4360,validation,0
4361,calibration,0
4362,validation,0
4363,fit,0
4364,calibration,0
4365,fit,0
4366,calibration,0
4367,validation,0
4368,fit,0
4369,fit,0
4370,test,0
4371,validation,0
4372,test,0
4373,validation,0
4374,validation,0
4375,validation,0
4376,validation,0
4377,fit,0
4378,fit,0
4379,fit,0
4380,calibration,0
4381,validation,0
4382,fit,0
4383,calibration,0
4384,test,0
4385,validation,0
4386,validation,0
4387,test,0
4388,calibration,0
4389,fit,0
4390,fit,0
4391,test,0
4392,validation,0
4393,fit,0
4394,validation,0
4395,fit,0
4396,calibration,0
4397,fit,0
4398,fit,0
4399,test,0
4400,test,0
4401,fit,0
4402,fit,0
4403,calibration,0
4404,calibration,0
4405,fit,0
4406,fit,0
4407,test,0
4408,calibration,0
4409,fit,0
4410,test,0
4411,fit,0
4412,test,0
4413,test,0
4414,fit,0
4415,fit,0
4416,calibration,0
4417,validation,0
4418,test,0
4419,validation,0
4420,validation,0
4421,test,0
4422,fit,0
4423,fit,0
4424,validation,0
4425,fit,0
4426,fit,0
4427,fit,0
4428,validation,0
4429,calibration,0
4430,fit,0
4431,calibration,0
4432,fit,0
4433,validation,0
4434,test,0
4435,validation,0
4436,fit,0
4437,fit,0
4438,calibration,0
4439,validation,0
4440,calibration,0
4441,test,0
4442,validation,0
4443,validation,0
4444,fit,0
4445,test,0
4446,calibration,0
4447,calibration,0
4448,fit,0
4449,fit,0
4450,validation,0
4451,validation,0
4452,test,0
4453,fit,0
4454,calibration,0
4455,fit,0
4456,fit,0
4457,validation,0
4458,calibration,0
4459,validation,0
4460,test,0
4461,fit,0
4462,fit,0
4463,validation,0
4464,calibration,0
4465,fit,0
4466,test,0
4467,fit,0
4468,fit,0
4469,fit,0
4470,validation,0
4471,test,0
4472,calibration,0
4473,validation,0
4474,fit,0
4475,fit,0
4476,fit,0
4477,fit,0
4478,fit,0
4479,fit,0
4480,test,0
4481,test,0
4482,test,0
4483,fit,0
4484,validation,0
4485,validation,0
4486,fit,0
4487,validation,0
4488,test,0
4489,calibration,0
4490,fit,0
4491,test,0
4492,validation,0
4493,test,0
4494,test,0
4495,test,0
4496,fit,0
4497,calibration,0
4498,validation,0
4499,fit,0
4500,fit,0
4501,fit,0
4502,test,0
4503,validation,0
4504,fit,0
4505,fit,0
4506,fit,0
4507,calibration,0
4508,calibration,0
4509,fit,0
4510,fit,0
4511,validation,0
4512,fit,0
4513,fit,0
4514,fit,0
4515,validation,0
4516,validation,0
4517,calibration,0
4518,validation,0
4519,test,0
4520,test,0
4521,test,0
4522,fit,0
4523,fit,0
4524,fit,0
4525,fit,0
4526,fit,0
4527,fit,0
4528,fit,0
4529,validation,0
4530,test,0
4531,fit,0
4532,validation,0
4533,fit,0
4534,calibration,0
4535,test,0
4536,fit,0
4537,test,0
4538,validation,0
4539,fit,0
4540,fit,0
4541,fit,0
4542,test,0
4543,fit,0
4544,fit,0
4545,fit,0
4546,test,0
4547,test,0
4548,validation,0
4549,test,0
4550,fit,0
4551,validation,0
4552,fit,0
4553,validation,0
4554,test,0
4555,fit,0
4556,fit,0
4557,test,0
4558,validation,0
4559,validation,0
4560,calibration,0
4561,fit,0
4562,fit,0
4563,fit,0
4564,test,0
4565,fit,0
4566,fit,0
4567,fit,0
4568,fit,0
4569,fit,0
4570,fit,0
4571,fit,0
4572,test,0
4573,fit,0
4574,test,0
4575,fit,0
4576,fit,0
4577,calibration,0
4578,test,0
4579,fit,0
4580,fit,0
4581,validation,0
4582,validation,0
4583,fit,0
4584,validation,0
4585,fit,0
4586,fit,0
4587,calibration,0
4588,test,0
4589,fit,0
4590,validation,0
4591,fit,0
4592,test,0
4593,fit,0
4594,fit,0
4595,validation,0
4596,calibration,0
4597,test,0
4598,fit,0
4599,validation,0
4600,fit,0
4601,validation,0
4602,fit,0
4603,test,0
4604,test,0
4605,fit,0
4606,fit,0
4607,fit,0
4608,fit,0
4609,fit,0
4610,fit,0
4611,fit,0
4612,fit,0
4613,fit,0
4614,fit,0
4615,test,0
4616,calibration,0
4617,fit,0
4618,fit,0
4619,fit,0
4620,fit,0
4621,validation,0
4622,calibration,0
4623,test,0
4624,fit,0
4625,validation,0
4626,test,0
4627,fit,0
4628,fit,0
4629,fit,0
4630,fit,0
4631,fit,0
4632,fit,0
4633,fit,0
4634,validation,0
4635,calibration,0
4636,test,0
4637,fit,0
4638,fit,0
4639,fit,0
4640,validation,0
4641,fit,0
4642,calibration,0
4643,validation,0
4644,fit,0
4645,fit,0
4646,test,0
4647,fit,0
4648,validation,0
4649,test,0
4650,test,0
4651,test,0
4652,test,0
4653,fit,0
4654,fit,0
4655,fit,0
4656,validation,0
4657,fit,0
4658,validation,0
4659,test,0
4660,fit,0
4661,calibration,0
4662,test,0
4663,validation,0
4664,fit,0
4665,test,0
4666,validation,0
4667,fit,0
4668,fit,0
4669,fit,0
4670,validation,0
4671,fit,0
4672,test,0
4673,fit,0
4674,fit,0
4675,calibration,0
4676,fit,0
4677,validation,0
4678,fit,0
4679,fit,0
4680,fit,0
4681,fit,0
4682,fit,0
4683,calibration,0
4684,validation,0
4685,test,0
4686,test,0
4687,test,0
4688,fit,0
4689,calibration,0
4690,calibration,0
4691,fit,0
4692,fit,0
4693,validation,0
4694,validation,0
4695,fit,0
4696,fit,0
4697,calibration,0
4698,fit,0
4699,test,0
4700,fit,0
4701,test,0
4702,validation,0
4703,test,0
4704,validation,0
4705,validation,0
4706,fit,0
4707,calibration,0
4708,test,0
4709,fit,0
4710,validation,0
4711,test,0
4712,validation,0
4713,calibration,0
4714,test,0
4715,fit,0
4716,validation,0
4717,calibration,0
4718,fit,0
4719,calibration,0
4720,fit,0
4721,fit,0
4722,validation,0
4723,calibration,0
4724,test,0
4725,test,0
4726,fit,0
4727,validation,0
4728,fit,0
4729,test,0
4730,test,0
4731,test,0
4732,fit,0
4733,fit,0
4734,test,0
4735,test,0
4736,test,0
4737,fit,0
4738,validation,0
4739,calibration,0
4740,fit,0
4741,fit,0
4742,fit,0
4743,validation,0
4744,fit,0
4745,fit,0
4746,fit,0
4747,fit,0
4748,test,0
4749,fit,0
4750,calibration,0
4751,fit,0
4752,fit,0
4753,fit,0
4754,fit,0
4755,fit,0
4756,test,0
4757,fit,0
4758,validation,0
4759,test,0
4760,calibration,0
4761,fit,0
4762,fit,0
4763,validation,0
4764,fit,0
4765,fit,0
4766,calibration,0
4767,fit,0
4768,fit,0
4769,fit,0
4770,validation,0
4771,test,0
4772,fit,0
4773,validation,0
4774,validation,0
4775,fit,0
4776,validation,0
4777,test,0
4778,validation,0
4779,test,0
4780,fit,0
4781,test,0
4782,test,0
4783,validation,0
4784,calibration,0
4785,fit,0
4786,fit,0
4787,calibration,0
4788,test,0
4789,fit,0
4790,fit,0
4791,test,0
4792,test,0
4793,fit,0
4794,test,0
4795,calibration,0
4796,fit,0
4797,test,0
4798,fit,0
4799,test,0
4800,fit,0
4801,test,0
4802,validation,0
4803,fit,0
4804,validation,0
4805,validation,0
4806,fit,0
4807,fit,0
4808,validation,0
4809,calibration,0
4810,validation,0
4811,fit,0
4812,fit,0
4813,test,0
4814,calibration,0
4815,validation,0
4816,fit,0
4817,calibration,0
4818,fit,0
4819,validation,0
4820,fit,0
4821,calibration,0
4822,validation,0
4823,validation,0
4824,fit,0
4825,validation,0
4826,fit,0
4827,fit,0
4828,validation,0
4829,test,0
4830,validation,0
4831,fit,0
4832,validation,0
4833,fit,0
4834,fit,0
4835,test,0
4836,fit,0
4837,fit,0
4838,fit,0
4839,fit,0
4840,validation,0
4841,fit,0
4842,calibration,0
4843,test,0
4844,fit,0
4845,fit,0
4846,calibration,0
4847,test,0
4848,test,0
4849,fit,0
4850,fit,0
4851,calibration,0
4852,fit,0
4853,fit,0
4854,test,0
4855,fit,0
4856,calibration,0
4857,validation,0
4858,fit,0
4859,fit,0
4860,test,0
4861,fit,0
4862,validation,0
4863,validation,0
4864,fit,0
4865,fit,0
4866,validation,0
4867,fit,0
4868,fit,0
4869,validation,0
4870,fit,0
4871,fit,0
4872,fit,0
4873,fit,0
4874,fit,0
4875,fit,0
4876,fit,0
4877,fit,0
4878,fit,0
4879,fit,0
4880,fit,0
4881,fit,0
4882,validation,0
4883,fit,0
4884,calibration,0
4885,fit,0
4886,validation,0
4887,test,0
4888,fit,0
4889,test,0
4890,fit,0
4891,fit,0
4892,test,0
4893,fit,0
4894,fit,0
4895,calibration,0
4896,calibration,0
4897,calibration,0
4898,fit,0
4899,fit,0
4900,test,0
4901,fit,0
4902,validation,0
4903,fit,0
4904,fit,0
4905,validation,0
4906,fit,0
4907,fit,0
4908,fit,0
4909,calibration,0
4910,fit,0
4911,test,0
4912,calibration,0
4913,fit,0
4914,validation,0
4915,validation,0
4916,fit,0
4917,fit,0
4918,fit,0
4919,test,0
4920,fit,0
4921,fit,0
4922,validation,0
4923,calibration,0
4924,fit,0
4925,calibration,0
4926,fit,0
4927,test,0
4928,calibration,0
4929,fit,0
4930,fit,0
4931,test,0
4932,fit,0
4933,fit,0
4934,fit,0
4935,fit,0
4936,fit,0
4937,validation,0
4938,test,0
4939,fit,0
4940,fit,0
4941,test,0
4942,test,0
4943,fit,0
4944,test,0
4945,fit,0
4946,fit,0
4947,fit,0
4948,fit,0
4949,test,0
4950,test,0
4951,fit,0
4952,validation,0
4953,validation,0
4954,fit,0
4955,test,0
4956,fit,0
4957,fit,0
4958,validation,0
4959,fit,0
4960,test,0
4961,fit,0
4962,validation,0
4963,calibration,0
4964,fit,0
4965,test,0
4966,validation,0
4967,test,0
4968,fit,0
4969,test,0
4970,validation,0
4971,validation,0
4972,fit,0
4973,calibration,0
4974,validation,0
4975,fit,0
4976,fit,0
4977,calibration,0
4978,fit,0
4979,fit,0
4980,validation,0
4981,validation,0
4982,fit,0
4983,fit,0
4984,test,0
4985,fit,0
4986,fit,0
4987,fit,0
4988,fit,0
4989,validation,0
4990,calibration,0
4991,fit,0
4992,fit,0
4993,fit,0
4994,calibration,0
4995,test,0
4996,test,0
4997,fit,0
4998,fit,0
4999,test,0
5000,validation,0
5001,calibration,0
5002,calibration,0
5003,fit,0
5004,validation,0
5005,fit,0
5006,fit,0
5007,calibration,0
5008,calibration,0
5009,fit,0
5010,fit,0
5011,test,0
5012,fit,0
5013,calibration,0
5014,fit,0
5015,fit,0
5016,fit,0
5017,calibration,0
5018,fit,0
5019,test,0
5020,test,0
5021,test,0
5022,fit,0
5023,fit,0
5024,fit,0
5025,fit,0
5026,calibration,0
5027,test,0
5028,fit,0
5029,fit,0
5030,fit,0
5031,validation,0
5032,validation,0
5033,validation,0
5034,fit,0
5035,calibration,0
5036,calibration,0
5037,fit,0
5038,fit,0
5039,validation,0
5040,fit,0
5041,fit,0
5042,validation,0
5043,test,0
5044,fit,0
5045,validation,0
5046,fit,0
5047,validation,0
5048,fit,0
5049,calibration,0
5050,calibration,0
5051,calibration,0
5052,fit,0
5053,validation,0
5054,calibration,0
5055,fit,0
5056,fit,0
5057,calibration,0
5058,validation,0
5059,fit,0
5060,validation,0
5061,fit,0
5062,fit,0
5063,test,0
5064,validation,0
5065,calibration,0
5066,validation,0
5067,fit,0
5068,calibration,0
5069,fit,0
5070,fit,0
5071,fit,0
5072,validation,0
5073,fit,0
5074,test,0
5075,validation,0
5076,fit,0
5077,validation,0
5078,fit,0
5079,test,0
5080,fit,0
5081,fit,0
5082,calibration,0
5083,fit,0
5084,validation,0
5085,fit,0
5086,fit,0
5087,fit,0
5088,test,0
5089,fit,0
5090,validation,0
5091,fit,0
5092,fit,0
5093,calibration,0
5094,fit,0
5095,validation,0
5096,fit,0
5097,fit,0
5098,fit,0
5099,validation,0
5100,fit,0
5101,calibration,0
5102,fit,0
5103,test,0
5104,fit,0
5105,fit,0
5106,validation,0
5107,test,0
5108,validation,0
5109,calibration,0
5110,validation,0
5111,fit,0
5112,fit,0
5113,fit,0
5114,fit,0
5115,validation,0
5116,fit,0
5117,calibration,0
5118,fit,0
5119,fit,0
5120,fit,0
5121,fit,0
5122,fit,0
5123,calibration,0
5124,calibration,0
5125,test,0
5126,calibration,0
5127,test,0
5128,test,0
5129,validation,0
5130,fit,0
5131,validation,0
5132,test,0
5133,fit,0
5134,fit,0
5135,test,0
5136,fit,0
5137,fit,0
5138,validation,0
5139,fit,0
5140,fit,0
5141,fit,0
5142,fit,0
5143,test,0
5144,fit,0
5145,fit,0
5146,validation,0
5147,calibration,0
5148,test,0
5149,test,0
5150,fit,0
5151,calibration,0
5152,calibration,0
5153,validation,0
5154,calibration,0
5155,fit,0
5156,calibration,0
5157,fit,0
5158,validation,0
5159,calibration,0
5160,fit,0
5161,test,0
5162,test,0
5163,fit,0
5164,validation,0
5165,validation,0
5166,test,0
5167,calibration,0
5168,test,0
5169,test,0
5170,validation,0
5171,test,0
5172,calibration,0
5173,calibration,0
5174,fit,0
5175,calibration,0
5176,fit,0
5177,test,0
5178,fit,0
5179,calibration,0
5180,validation,0
5181,test,0
5182,validation,0
5183,test,0
5184,fit,0
5185,fit,0
5186,fit,0
5187,fit,0
5188,fit,0
5189,validation,0
5190,fit,0
5191,validation,0
5192,validation,0
5193,calibration,0
5194,calibration,0
5195,fit,0
5196,calibration,0
5197,fit,0
5198,fit,0
5199,fit,0
5200,fit,0
5201,calibration,0
5202,validation,0
5203,test,0
5204,calibration,0
5205,fit,0
5206,validation,0
5207,validation,0
5208,fit,0
5209,test,0
5210,test,0
5211,validation,0
5212,fit,0
5213,fit,0
5214,validation,0
5215,test,0
5216,test,0
5217,calibration,0
5218,validation,0
5219,test,0
5220,validation,0
5221,validation,0
5222,calibration,0
5223,validation,0
5224,fit,0
5225,test,0
5226,fit,0
5227,validation,0
5228,test,0
5229,fit,0
5230,validation,0
5231,calibration,0
5232,validation,0
5233,validation,0
5234,test,0
5235,fit,0
5236,calibration,0
5237,fit,0
5238,test,0
5239,fit,0
5240,test,0
5241,fit,0
5242,calibration,0
5243,test,0
5244,test,0
5245,fit,0
5246,fit,0
5247,fit,0
5248,fit,0
5249,fit,0
5250,test,0
5251,fit,0
5252,fit,0
5253,calibration,0
5254,fit,0
5255,validation,0
5256,fit,0
5257,test,0
5258,validation,0
5259,fit,0
5260,calibration,0
5261,test,0
5262,test,0
5263,calibration,0
5264,test,0
5265,fit,0
5266,validation,0
5267,test,0
5268,fit,0
5269,fit,0
5270,fit,0
5271,fit,0
5272,calibration,0
5273,calibration,0
5274,fit,0
5275,calibration,0
5276,test,0
5277,fit,0
5278,validation,0
5279,fit,0
5280,fit,0
5281,fit,0
5282,validation,0
5283,validation,0
5284,fit,0
5285,test,0
5286,fit,0
5287,fit,0
5288,calibration,0
5289,fit,0
5290,fit,0
5291,validation,0
5292,calibration,0
5293,test,0
5294,fit,0
5295,validation,0
5296,fit,0
5297,validation,0
5298,fit,0
5299,fit,0
5300,calibration,0
5301,test,0
5302,validation,0
5303,fit,0
5304,validation,0
5305,fit,0
5306,calibration,0
5307,fit,0
5308,fit,0
5309,validation,0
5310,calibration,0
5311,fit,0
5312,test,0
5313,fit,0
5314,validation,0
5315,test,0
5316,calibration,0
5317,test,0
5318,validation,0
5319,calibration,0
5320,fit,0
5321,test,0
5322,validation,0
5323,fit,0
5324,fit,0
5325,fit,0
5326,test,0
5327,test,0
5328,calibration,0
5329,calibration,0
5330,validation,0
5331,fit,0
5332,fit,0
5333,test,0
5334,validation,0
5335,calibration,0
5336,validation,0
5337,fit,0
5338,fit,0
5339,validation,0
5340,fit,0
5341,fit,0
5342,fit,0
5343,fit,0
5344,fit,0
5345,test,0
5346,calibration,0
5347,test,0
5348,fit,0
5349,calibration,0
5350,validation,0
5351,fit,0
5352,validation,0
5353,fit,0
5354,validation,0
5355,fit,0
5356,fit,0
5357,fit,0
5358,fit,0
5359,validation,0
5360,fit,0
5361,fit,0
5362,fit,0
5363,validation,0
5364,test,0
5365,test,0
5366,calibration,0
5367,test,0
5368,fit,0
5369,fit,0
5370,fit,0
5371,validation,0
5372,fit,0
5373,fit,0
5374,fit,0
5375,test,0
5376,test,0
5377,fit,0
5378,fit,0
5379,fit,0
5380,validation,0
5381,validation,0
5382,validation,0
5383,fit,0
5384,fit,0
5385,test,0
5386,fit,0
5387,fit,0
5388,fit,0
5389,validation,0
5390,calibration,0
5391,fit,0
5392,calibration,0
5393,validation,0
5394,test,0
5395,fit,0
5396,calibration,0
5397,fit,0
5398,calibration,0
5399,fit,0
5400,fit,0
5401,fit,0
5402,fit,0
5403,calibration,0
5404,fit,0
5405,test,0
5406,validation,0
5407,fit,0
5408,test,0
5409,fit,0
5410,test,0
5411,validation,0
5412,test,0
5413,fit,0
5414,test,0
5415,fit,0
5416,test,0
5417,test,0
5418,validation,0
5419,fit,0
5420,calibration,0
5421,test,0
5422,test,0
5423,test,0
5424,fit,0
5425,fit,0
5426,test,0
5427,test,0
5428,fit,0
5429,fit,0
5430,calibration,0
5431,test,0
5432,calibration,0
5433,fit,0
5434,fit,0
5435,validation,0
5436,fit,0
5437,test,0
5438,test,0
5439,fit,0
5440,test,0
5441,fit,0
5442,validation,0
5443,validation,0
5444,test,0
5445,fit,0
5446,fit,0
5447,test,0
5448,fit,0
5449,fit,0
5450,fit,0
5451,fit,0
5452,fit,0
5453,validation,0
5454,fit,0
5455,fit,0
5456,calibration,0
5457,validation,0
5458,fit,0
5459,validation,0
5460,fit,0
5461,fit,0
5462,test,0
5463,validation,0
5464,calibration,0
5465,fit,0
5466,fit,0
5467,validation,0
5468,calibration,0
5469,fit,0
5470,fit,0
5471,fit,0
5472,calibration,0
5473,fit,0
5474,test,0
5475,fit,0
5476,fit,0
5477,validation,0
5478,calibration,0
5479,test,0
5480,test,0
5481,test,0
5482,fit,0
5483,validation,0
5484,validation,0
5485,fit,0
5486,fit,0
5487,test,0
5488,fit,0
5489,fit,0
5490,test,0
5491,validation,0
5492,fit,0
5493,fit,0
5494,fit,0
5495,calibration,0
5496,fit,0
5497,validation,0
5498,test,0
5499,fit,0
5500,fit,0
5501,validation,0
5502,validation,0
5503,test,0
5504,calibration,0
5505,calibration,0
5506,fit,0
5507,test,0
5508,validation,0
5509,fit,0
5510,fit,0
5511,calibration,0
5512,fit,0
5513,fit,0
5514,test,0
5515,fit,0
5516,test,0
5517,fit,0
5518,fit,0
5519,fit,0
5520,fit,0
5521,test,0
5522,validation,0
5523,calibration,0
5524,fit,0
5525,fit,0
5526,calibration,0
5527,test,0
5528,validation,0
5529,calibration,0
5530,calibration,0
5531,fit,0
5532,fit,0
5533,fit,0
5534,fit,0
5535,fit,0
5536,fit,0
5537,validation,0
5538,test,0
5539,fit,0
5540,test,0
5541,fit,0
5542,fit,0
5543,calibration,0
5544,validation,0
5545,fit,0
5546,calibration,0
5547,test,0
5548,test,0
5549,fit,0
5550,test,0
5551,fit,0
5552,validation,0
5553,test,0
5554,validation,0
5555,test,0
5556,test,0
5557,fit,0
5558,fit,0
5559,validation,0
5560,fit,0
5561,fit,0
5562,fit,0
5563,test,0
5564,fit,0
5565,fit,0
5566,validation,0
5567,test,0
5568,calibration,0
5569,fit,0
5570,test,0
5571,calibration,0
5572,test,0
5573,fit,0
5574,test,0
5575,validation,0
5576,test,0
5577,test,0
5578,fit,0
5579,test,0
5580,fit,0
5581,fit,0
5582,validation,0
5583,fit,0
5584,fit,0
5585,validation,0
5586,fit,0
5587,test,0
5588,fit,0
5589,test,0
5590,fit,0
5591,test,0
5592,fit,0
5593,fit,0
5594,test,0
5595,test,0
5596,fit,0
5597,validation,0
5598,test,0
5599,fit,0
5600,fit,0
5601,test,0
5602,fit,0
5603,fit,0
5604,fit,0
5605,fit,0
5606,fit,0
5607,fit,0
5608,fit,0
5609,test,0
5610,test,0
5611,calibration,0
5612,calibration,0
5613,fit,0
5614,calibration,0
5615,fit,0
5616,fit,0
5617,calibration,0
5618,validation,0
5619,validation,0
5620,test,0
5621,test,0
5622,test,0
5623,validation,0
5624,test,0
5625,validation,0
5626,fit,0
5627,test,0
5628,test,0
5629,test,0
5630,fit,0
5631,validation,0
5632,fit,0
5633,test,0
5634,fit,0
5635,validation,0
5636,validation,0
5637,fit,0
5638,fit,0
5639,test,0
5640,fit,0
5641,validation,0
5642,fit,0
5643,test,0
5644,fit,0
5645,test,0
5646,test,0
5647,fit,0
5648,test,0
5649,calibration,0
5650,validation,0
5651,fit,0
5652,calibration,0
5653,fit,0
5654,fit,0
5655,fit,0
5656,test,0
5657,calibration,0
5658,test,0
5659,calibration,0
5660,validation,0
5661,validation,0
5662,test,0
5663,test,0
5664,fit,0
5665,validation,0
5666,test,0
5667,validation,0
5668,fit,0
5669,test,0
5670,validation,0
5671,fit,0
5672,fit,0
5673,fit,0
5674,validation,0
5675,calibration,0
5676,fit,0
5677,fit,0
5678,validation,0
5679,fit,0
5680,fit,0
5681,test,0
5682,validation,0
5683,fit,0
5684,fit,0
5685,test,0
5686,test,0
5687,validation,0
5688,validation,0
5689,fit,0
5690,validation,0
5691,validation,0
5692,validation,0
5693,test,0
5694,fit,0
5695,fit,0
5696,validation,0
5697,fit,0
5698,fit,0
5699,calibration,0
5700,validation,0
5701,fit,0
5702,validation,0
5703,validation,0
5704,test,0
5705,test,0
5706,fit,0
5707,validation,0
5708,fit,0
5709,test,0
5710,test,0
5711,fit,0
5712,calibration,0
5713,calibration,0
5714,calibration,0
5715,validation,0
5716,validation,0
5717,test,0
5718,validation,0
5719,fit,0
5720,fit,0
5721,validation,0
5722,fit,0
5723,validation,0
5724,fit,0
5725,fit,0
5726,test,0
5727,test,0
5728,test,0
5729,test,0
5730,fit,0
5731,test,0
5732,validation,0
5733,fit,0
5734,validation,0
5735,validation,0
5736,fit,0
5737,fit,0
5738,test,0
5739,test,0
5740,fit,0
5741,validation,0
5742,fit,0
5743,test,0
5744,fit,0
5745,validation,0
5746,fit,0
5747,test,0
5748,fit,0
5749,test,0
5750,validation,0
5751,test,0
5752,fit,0
5753,test,0
5754,test,0
5755,test,0
5756,fit,0
5757,validation,0
5758,fit,0
5759,calibration,0
5760,test,0
5761,fit,0
5762,calibration,0
5763,fit,0
5764,calibration,0
5765,fit,0
5766,validation,0
5767,fit,0
5768,calibration,0
5769,validation,0
5770,calibration,0
5771,fit,0
5772,fit,0
5773,fit,0
5774,fit,0
5775,fit,0
5776,calibration,0
5777,test,0
5778,fit,0
5779,test,0
5780,validation,0
5781,calibration,0
5782,fit,0
5783,fit,0
5784,validation,0
5785,calibration,0
5786,fit,0
5787,test,0
5788,test,0
5789,fit,0
5790,calibration,0
5791,test,0
5792,calibration,0
5793,test,0
5794,fit,0
5795,validation,0
5796,fit,0
5797,calibration,0
5798,test,0
5799,validation,0
5800,validation,0
5801,test,0
5802,fit,0
5803,validation,0
5804,fit,0
5805,test,0
5806,fit,0
5807,fit,0
5808,fit,0
5809,validation,0
5810,fit,0
5811,fit,0
5812,fit,0
5813,test,0
5814,test,0
5815,test,0
5816,validation,0
5817,calibration,0
5818,fit,0
5819,test,0
5820,validation,0
5821,validation,0
5822,test,0
5823,fit,0
5824,fit,0
5825,fit,0
5826,validation,0
5827,fit,0
5828,fit,0
5829,calibration,0
5830,validation,0
5831,validation,0
5832,test,0
5833,fit,0
5834,test,0
5835,calibration,0
5836,test,0
5837,fit,0
5838,fit,0
5839,fit,0
5840,fit,0
5841,validation,0
5842,validation,0
5843,fit,0
5844,fit,0
5845,test,0
5846,calibration,0
5847,fit,0
5848,calibration,0
5849,test,0
5850,fit,0
5851,fit,0
5852,calibration,0
5853,fit,0
5854,test,0
5855,validation,0
5856,calibration,0
5857,validation,0
5858,validation,0
5859,test,0
5860,calibration,0
5861,calibration,0
5862,test,0
5863,fit,0
5864,fit,0
5865,test,0
5866,fit,0
5867,test,0
5868,calibration,0
5869,test,0
5870,fit,0
5871,fit,0
5872,calibration,0
5873,fit,0
5874,calibration,0
5875,calibration,0
5876,fit,0
5877,calibration,0
5878,fit,0
5879,test,0
5880,calibration,0
5881,validation,0
5882,calibration,0
5883,fit,0
5884,validation,0
5885,fit,0
5886,test,0
5887,test,0
5888,test,0
5889,fit,0
5890,test,0
5891,test,0
5892,fit,0
5893,fit,0
5894,fit,0
5895,validation,0
5896,calibration,0
5897,validation,0
5898,fit,0
5899,fit,0
5900,fit,0
5901,calibration,0
5902,test,0
5903,fit,0
5904,test,0
5905,fit,0
5906,fit,0
5907,calibration,0
5908,test,0
5909,fit,0
5910,test,0
5911,test,0
5912,fit,0
5913,fit,0
5914,test,0
5915,fit,0
5916,validation,0
5917,test,0
5918,calibration,0
5919,fit,0
5920,test,0
5921,test,0
5922,fit,0
5923,fit,0
5924,fit,0
5925,calibration,0
5926,validation,0
5927,fit,0
5928,fit,0
5929,test,0
5930,calibration,0
5931,validation,0
5932,calibration,0
5933,fit,0
5934,test,0
5935,fit,0
5936,fit,0
5937,fit,0
5938,test,0
5939,fit,0
5940,fit,0
5941,calibration,0
5942,fit,0
5943,fit,0
5944,test,0
5945,validation,0
5946,fit,0
5947,calibration,0
5948,fit,0
5949,test,0
5950,validation,0
5951,calibration,0
5952,fit,0
5953,fit,0
5954,calibration,0
5955,calibration,0
5956,validation,0
5957,fit,0
5958,validation,0
5959,fit,0
5960,fit,0
5961,test,0
5962,fit,0
5963,validation,0
5964,calibration,0
5965,validation,0
5966,test,0
5967,test,0
5968,fit,0
5969,fit,0
5970,calibration,0
5971,fit,0
5972,fit,0
5973,calibration,0
5974,validation,0
5975,calibration,0
5976,calibration,0
5977,validation,0
5978,validation,0
5979,test,0
5980,fit,0
5981,calibration,0
5982,fit,0
5983,fit,0
5984,validation,0
5985,calibration,0
5986,calibration,0
5987,test,0
5988,fit,0
5989,test,0
5990,fit,0
5991,validation,0
5992,fit,0
5993,fit,0
5994,fit,0
5995,fit,0
5996,test,0
5997,test,0
5998,fit,0
5999,validation,0
6000,validation,0
6001,calibration,0
6002,calibration,0
6003,fit,0
6004,fit,0
6005,validation,0
6006,fit,0
6007,fit,0
6008,fit,0
6009,validation,0
6010,fit,0
6011,validation,0
6012,validation,0
6013,fit,0
6014,fit,0
6015,fit,0
6016,validation,0
6017,validation,0
6018,fit,0
6019,calibration,0
6020,fit,0
6021,fit,0
6022,fit,0
6023,fit,0
6024,test,0
6025,fit,0
6026,fit,0
6027,test,0
6028,test,0
6029,fit,0
6030,calibration,0
6031,validation,0
6032,calibration,0
6033,fit,0
6034,fit,0
6035,test,0
6036,validation,0
6037,fit,0
6038,fit,0
6039,fit,0
6040,calibration,0
6041,calibration,0
6042,fit,0
6043,fit,0
6044,fit,0
6045,calibration,0
6046,fit,0
6047,fit,0
6048,fit,0
6049,calibration,0
6050,calibration,0
6051,fit,0
6052,test,0
6053,fit,0
6054,validation,0
6055,fit,0
6056,calibration,0
6057,test,0
6058,fit,0
6059,fit,0
6060,fit,0
6061,test,0
6062,calibration,0
6063,test,0
6064,validation,0
6065,fit,0
6066,fit,0
6067,fit,0
6068,calibration,0
6069,fit,0
6070,test,0
6071,fit,0
6072,fit,0
6073,validation,0
6074,test,0
6075,fit,0
6076,calibration,0
6077,fit,0
6078,fit,0
6079,validation,0
6080,fit,0
6081,test,0
6082,calibration,0
6083,fit,0
6084,validation,0
6085,fit,0
6086,validation,0
6087,test,0
6088,fit,0
6089,calibration,0
6090,fit,0
6091,fit,0
6092,calibration,0
6093,calibration,0
6094,fit,0
6095,fit,0
6096,validation,0
6097,calibration,0
6098,validation,0
6099,fit,0
6100,test,0
6101,fit,0
6102,fit,0
6103,calibration,0
6104,fit,0
6105,validation,0
6106,calibration,0
6107,validation,0
6108,validation,0
6109,test,0
6110,fit,0
6111,fit,0
6112,fit,0
6113,fit,0
6114,fit,0
6115,test,0
6116,fit,0
6117,fit,0
6118,fit,0
6119,fit,0
6120,fit,0
6121,calibration,0
6122,calibration,0
6123,fit,0
6124,validation,0
6125,fit,0
6126,validation,0
6127,test,0
6128,validation,0
6129,test,0
6130,fit,0
6131,fit,0
6132,calibration,0
6133,test,0
6134,test,0
6135,test,0
6136,calibration,0
6137,validation,0
6138,fit,0
6139,fit,0
6140,fit,0
6141,validation,0
6142,fit,0
6143,test,0
6144,fit,0
6145,validation,0
6146,test,0
6147,calibration,0
6148,calibration,0
6149,validation,0
6150,fit,0
6151,fit,0
6152,fit,0
6153,fit,0
6154,validation,0
6155,validation,0
6156,calibration,0
6157,calibration,0
6158,test,0
6159,fit,0
6160,calibration,0
6161,fit,0
6162,test,0
6163,test,0
6164,fit,0
6165,calibration,0
6166,test,0
6167,fit,0
6168,test,0
6169,test,0
6170,validation,0
6171,calibration,0
6172,fit,0
6173,test,0
6174,validation,0
6175,fit,0
6176,fit,0
6177,test,0
6178,validation,0
6179,validation,0
6180,calibration,0
6181,fit,0
6182,fit,0
6183,calibration,0
6184,fit,0
6185,fit,0
6186,fit,0
6187,fit,0
6188,test,0
6189,fit,0
6190,test,0
6191,validation,0
6192,calibration,0
6193,calibration,0
6194,validation,0
6195,fit,0
6196,fit,0
6197,validation,0
6198,test,0
6199,test,0
6200,fit,0
6201,fit,0
6202,validation,0
6203,validation,0
6204,test,0
6205,test,0
6206,fit,0
6207,fit,0
6208,fit,0
6209,test,0
6210,test,0
6211,calibration,0
6212,validation,0
6213,fit,0
6214,test,0
6215,fit,0
6216,test,0
6217,fit,0
6218,validation,0
6219,fit,0
6220,calibration,0
6221,calibration,0
6222,fit,0
6223,validation,0
6224,fit,0
6225,test,0
6226,fit,0
6227,test,0
6228,fit,0
6229,fit,0
6230,fit,0
6231,fit,0
6232,calibration,0
6233,test,0
6234,test,0
6235,validation,0
6236,fit,0
6237,fit,0
6238,fit,0
6239,fit,0
6240,validation,0
6241,fit,0
6242,fit,0
6243,fit,0
6244,fit,0
6245,fit,0
6246,test,0
6247,test,0
6248,test,0
6249,test,0
6250,test,0
6251,test,0
6252,test,0
6253,fit,0
6254,test,0
6255,fit,0
6256,fit,0
6257,test,0
6258,fit,0
6259,test,0
6260,fit,0
6261,calibration,0
6262,fit,0
6263,validation,0
6264,fit,0
6265,validation,0
6266,fit,0
6267,calibration,0
6268,fit,0
6269,validation,0
6270,fit,0
6271,fit,0
6272,fit,0
6273,validation,0
6274,validation,0
6275,fit,0
6276,test,0
6277,test,0
6278,fit,0
6279,fit,0
6280,validation,0
6281,fit,0
6282,fit,0
6283,fit,0
6284,validation,0
6285,calibration,0
6286,fit,0
6287,fit,0
6288,validation,0
6289,fit,0
6290,fit,0
6291,test,0
6292,fit,0
6293,fit,0
6294,calibration,0
6295,fit,0
6296,test,0
6297,fit,0
6298,fit,0
6299,test,0
6300,fit,0
6301,fit,0
6302,test,0
6303,validation,0
6304,calibration,0
6305,fit,0
6306,calibration,0
6307,validation,0
6308,fit,0
6309,validation,0
6310,fit,0
6311,validation,0
6312,fit,0
6313,calibration,0
6314,calibration,0
6315,validation,0
6316,fit,0
6317,fit,0
6318,validation,0
6319,calibration,0
6320,fit,0
6321,test,0
6322,fit,0
6323,fit,0
6324,fit,0
6325,fit,0
6326,fit,0
6327,fit,0
6328,calibration,0
6329,fit,0
6330,fit,0
6331,test,0
6332,fit,0
6333,fit,0
6334,fit,0
6335,fit,0
6336,fit,0
6337,validation,0
6338,calibration,0
6339,fit,0
6340,validation,0
6341,fit,0
6342,test,0
6343,calibration,0
6344,fit,0
6345,fit,0
6346,fit,0
6347,validation,0
6348,validation,0
6349,validation,0
6350,calibration,0
6351,validation,0
6352,test,0
6353,fit,0
6354,validation,0
6355,test,0
6356,validation,0
6357,calibration,0
6358,fit,0
6359,calibration,0
6360,validation,0
6361,fit,0
6362,fit,0
6363,fit,0
6364,fit,0
6365,calibration,0
6366,fit,0
6367,fit,0
6368,calibration,0
6369,validation,0
6370,calibration,0
6371,test,0
6372,fit,0
6373,fit,0
6374,calibration,0
6375,validation,0
6376,fit,0
6377,fit,0
6378,calibration,0
6379,validation,0
6380,validation,0
6381,fit,0
6382,fit,0
6383,fit,0
6384,calibration,0
6385,fit,0
6386,fit,0
6387,calibration,0
6388,calibration,0
6389,fit,0
6390,validation,0
6391,fit,0
6392,fit,0
6393,validation,0
6394,fit,0
6395,fit,0
6396,fit,0
6397,validation,0
6398,fit,0
6399,fit,0
6400,fit,0
6401,validation,0
6402,fit,0
6403,fit,0
6404,test,0
6405,fit,0
6406,calibration,0
6407,calibration,0
6408,fit,0
6409,calibration,0
6410,fit,0
6411,fit,0
6412,fit,0
6413,test,0
6414,fit,0
6415,test,0
6416,test,0
6417,validation,0
6418,fit,0
6419,calibration,0
6420,fit,0
6421,validation,0
6422,test,0
6423,validation,0
6424,validation,0
6425,fit,0
6426,test,0
6427,fit,0
6428,validation,0
6429,calibration,0
6430,calibration,0
6431,test,0
6432,fit,0
6433,fit,0
6434,test,0
6435,test,0
6436,validation,0
6437,calibration,0
6438,fit,0
6439,fit,0
6440,test,0
6441,fit,0
6442,test,0
6443,test,0
6444,fit,0
6445,fit,0
6446,fit,0
6447,fit,0
6448,test,0
6449,test,0
6450,fit,0
6451,fit,0
6452,fit,0
6453,fit,0
6454,calibration,0
6455,fit,0
6456,validation,0
6457,calibration,0
6458,calibration,0
6459,test,0
6460,fit,0
6461,validation,0
6462,fit,0
6463,fit,0
6464,validation,0
6465,calibration,0
6466,fit,0
6467,calibration,0
6468,fit,0
6469,calibration,0
6470,test,0
6471,calibration,0
6472,test,0
6473,fit,0
6474,calibration,0
6475,fit,0
6476,test,0
6477,calibration,0
6478,fit,0
6479,test,0
6480,fit,0
6481,fit,0
6482,validation,0
6483,test,0
6484,validation,0
6485,validation,0
6486,validation,0
6487,test,0
6488,validation,0
6489,fit,0
6490,test,0
6491,test,0
6492,validation,0
6493,fit,0
6494,calibration,0
6495,fit,0
6496,calibration,0
6497,fit,0
6498,fit,0
6499,fit,0
6500,calibration,0
6501,fit,0
6502,fit,0
6503,calibration,0
6504,calibration,0
6505,fit,0
6506,calibration,0
6507,fit,0
6508,validation,0
6509,fit,0
6510,fit,0
6511,fit,0
6512,fit,0
6513,fit,0
6514,validation,0
6515,validation,0
6516,fit,0
6517,test,0
6518,fit,0
6519,fit,0
6520,validation,0
6521,validation,0
6522,validation,0
6523,calibration,0
6524,fit,0
6525,calibration,0
6526,fit,0
6527,validation,0
6528,fit,0
6529,fit,0
6530,fit,0
6531,calibration,0
6532,fit,0
6533,validation,0
6534,test,0
6535,test,0
6536,validation,0
6537,fit,0
6538,test,0
6539,validation,0
6540,fit,0
6541,fit,0
6542,validation,0
6543,test,0
6544,calibration,0
6545,calibration,0
6546,validation,0
6547,calibration,0
6548,test,0
6549,test,0
6550,calibration,0
6551,fit,0
6552,fit,0
6553,fit,0
6554,test,0
6555,fit,0
6556,calibration,0
6557,validation,0
6558,fit,0
6559,fit,0
6560,validation,0
6561,validation,0
6562,validation,0
6563,fit,0
6564,fit,0
6565,calibration,0
6566,calibration,0
6567,test,0
6568,test,0
6569,validation,0
6570,test,0
6571,fit,0
6572,fit,0
6573,fit,0
6574,test,0
6575,fit,0
6576,test,0
6577,fit,0
6578,calibration,0
6579,fit,0
6580,test,0
6581,validation,0
6582,fit,0
6583,validation,0
6584,fit,0
6585,fit,0
6586,fit,0
6587,validation,0
6588,calibration,0
6589,fit,0
6590,validation,0
6591,test,0
6592,fit,0
6593,calibration,0
6594,calibration,0
6595,fit,0
6596,test,0
6597,fit,0
6598,fit,0
6599,calibration,0
6600,fit,0
6601,fit,0
6602,validation,0
6603,validation,0
6604,fit,0
6605,fit,0
6606,validation,0
6607,test,0
6608,calibration,0
6609,calibration,0
6610,fit,0
6611,calibration,0
6612,validation,0
6613,fit,0
6614,calibration,0
6615,validation,0
6616,calibration,0
6617,fit,0
6618,test,0
6619,test,0
6620,fit,0
6621,fit,0
6622,fit,0
6623,validation,0
6624,calibration,0
6625,fit,0
6626,calibration,0
6627,test,0
6628,test,0
6629,fit,0
6630,fit,0
6631,fit,0
6632,calibration,0
6633,test,0
6634,test,0
6635,test,0
6636,calibration,0
6637,validation,0
6638,validation,0
6639,validation,0
6640,fit,0
6641,validation,0
6642,calibration,0
6643,test,0
6644,test,0
6645,validation,0
6646,fit,0
6647,fit,0
6648,calibration,0
6649,test,0
6650,fit,0
6651,calibration,0
6652,calibration,0
6653,validation,0
6654,fit,0
6655,calibration,0
6656,fit,0
6657,validation,0
6658,calibration,0
6659,fit,0
6660,validation,0
6661,test,0
6662,fit,0
6663,calibration,0
6664,test,0
6665,validation,0
6666,validation,0
6667,test,0
6668,test,0
6669,fit,0
6670,test,0
6671,fit,0
6672,fit,0
6673,fit,0
6674,test,0
6675,calibration,0
6676,fit,0
6677,calibration,0
6678,calibration,0
6679,validation,0
6680,fit,0
6681,fit,0
6682,fit,0
6683,fit,0
6684,calibration,0
6685,calibration,0
6686,fit,0
6687,fit,0
6688,validation,0
6689,fit,0
6690,validation,0
6691,calibration,0
6692,fit,0
6693,fit,0
6694,test,0
6695,calibration,0
6696,calibration,0
6697,fit,0
6698,fit,0
6699,fit,0
6700,fit,0
6701,fit,0
6702,validation,0
6703,fit,0
6704,validation,0
6705,validation,0
6706,calibration,0
6707,fit,0
6708,fit,0
6709,fit,0
6710,validation,0
6711,fit,0
6712,fit,0
6713,calibration,0
6714,calibration,0
6715,validation,0
6716,test,0
6717,fit,0
6718,validation,0
6719,test,0
6720,test,0
6721,calibration,0
6722,fit,0
6723,test,0
6724,validation,0
6725,fit,0
6726,validation,0
6727,test,0
6728,validation,0
6729,calibration,0
6730,fit,0
6731,calibration,0
6732,validation,0
6733,fit,0
6734,test,0
6735,test,0
6736,fit,0
6737,test,0
6738,calibration,0
6739,test,0
6740,fit,0
6741,fit,0
6742,fit,0
6743,test,0
6744,calibration,0
6745,test,0
6746,fit,0
6747,calibration,0
6748,validation,0
6749,validation,0
6750,fit,0
6751,test,0
6752,test,0
6753,calibration,0
6754,fit,0
6755,fit,0
6756,fit,0
6757,fit,0
6758,fit,0
6759,fit,0
6760,calibration,0
6761,fit,0
6762,fit,0
6763,calibration,0
6764,fit,0
6765,validation,0
6766,calibration,0
6767,fit,0
6768,validation,0
6769,test,0
6770,calibration,0
6771,test,0
6772,test,0
6773,calibration,0
6774,fit,0
6775,test,0
6776,fit,0
6777,fit,0
6778,fit,0
6779,test,0
6780,fit,0
6781,test,0
6782,calibration,0
6783,fit,0
6784,fit,0
6785,fit,0
6786,validation,0
6787,validation,0
6788,fit,0
6789,test,0
6790,test,0
6791,calibration,0
6792,fit,0
6793,fit,0
6794,fit,0
6795,validation,0
6796,test,0
6797,validation,0
6798,fit,0
6799,fit,0
6800,validation,0
6801,test,0
6802,test,0
6803,fit,0
6804,calibration,0
6805,calibration,0
6806,validation,0
6807,fit,0
6808,fit,0
6809,fit,0
6810,fit,0
6811,test,0
6812,fit,0
6813,fit,0
6814,fit,0
6815,fit,0
6816,fit,0
6817,fit,0
6818,fit,0
6819,fit,0
6820,fit,0
6821,fit,0
6822,validation,0
6823,fit,0
6824,fit,0
6825,fit,0
6826,validation,0
6827,calibration,0
6828,test,0
6829,calibration,0
6830,test,0
6831,fit,0
6832,test,0
6833,fit,0
6834,fit,0
6835,fit,0
6836,fit,0
6837,test,0
6838,fit,0
6839,calibration,0
6840,test,0
6841,fit,0
6842,fit,0
6843,fit,0
6844,validation,0
6845,validation,0
6846,fit,0
6847,fit,0
6848,test,0
6849,test,0
6850,test,0
6851,fit,0
6852,fit,0
6853,fit,0
6854,fit,0
6855,fit,0
6856,test,0
6857,fit,0
6858,fit,0
6859,fit,0
6860,test,0
6861,fit,0
6862,fit,0
6863,fit,0
6864,test,0
6865,test,0
6866,validation,0
6867,test,0
6868,fit,0
6869,test,0
6870,fit,0
6871,fit,0
6872,fit,0
6873,test,0
6874,fit,0
6875,fit,0
6876,fit,0
6877,fit,0
6878,test,0
6879,test,0
6880,calibration,0
6881,calibration,0
6882,fit,0
6883,test,0
6884,test,0
6885,calibration,0
6886,test,0
6887,fit,0
6888,validation,0
6889,calibration,0
6890,calibration,0
6891,fit,0
6892,fit,0
6893,fit,0
6894,fit,0
6895,test,0
6896,fit,0
6897,fit,0
6898,calibration,0
6899,fit,0
6900,test,0
6901,validation,0
6902,validation,0
6903,validation,0
6904,fit,0
6905,fit,0
6906,validation,0
6907,test,0
6908,validation,0
6909,fit,0
6910,fit,0
6911,calibration,0
6912,fit,0
6913,fit,0
6914,fit,0
6915,fit,0
6916,fit,0
6917,test,0
6918,fit,0
6919,validation,0
6920,fit,0
6921,validation,0
6922,test,0
6923,fit,0
6924,calibration,0
6925,fit,0
6926,test,0
6927,calibration,0
6928,fit,0
6929,fit,0
6930,fit,0
6931,validation,0
6932,test,0
6933,fit,0
6934,test,0
6935,validation,0
6936,validation,0
6937,test,0
6938,fit,0
6939,test,0
6940,fit,0
6941,fit,0
6942,fit,0
6943,fit,0
6944,fit,0
6945,validation,0
6946,fit,0
6947,validation,0
6948,fit,0
6949,test,0
6950,test,0
6951,calibration,0
6952,fit,0
6953,test,0
6954,fit,0
6955,test,0
6956,fit,0
6957,validation,0
6958,test,0
6959,validation,0
6960,test,0
6961,fit,0
6962,test,0
6963,fit,0
6964,test,0
6965,calibration,0
6966,calibration,0
6967,validation,0
6968,fit,0
6969,fit,0
6970,test,0
6971,test,0
6972,fit,0
6973,calibration,0
6974,calibration,0
6975,fit,0
6976,fit,0
6977,calibration,0
6978,test,0
6979,calibration,0
6980,fit,0
6981,calibration,0
6982,validation,0
6983,calibration,0
6984,fit,0
6985,fit,0
6986,fit,0
6987,fit,0
6988,fit,0
6989,test,0
6990,fit,0
6991,validation,0
6992,test,0
6993,validation,0
6994,fit,0
6995,test,0
6996,test,0
6997,fit,0
6998,fit,0
6999,test,0
7000,fit,0
7001,test,0
7002,fit,0
7003,fit,0
7004,fit,0
7005,calibration,0
7006,fit,0
7007,validation,0
7008,validation,0
7009,fit,0
7010,fit,0
7011,calibration,0
7012,fit,0
7013,fit,0
7014,fit,0
7015,test,0
7016,test,0
7017,calibration,0
7018,fit,0
7019,calibration,0
7020,test,0
7021,fit,0
7022,validation,0
7023,fit,0
7024,calibration,0
7025,fit,0
7026,calibration,0
7027,validation,0
7028,test,0
7029,validation,0
7030,fit,0
7031,calibration,0
7032,fit,0
7033,test,0
7034,test,0
7035,calibration,0
7036,fit,0
7037,fit,0
7038,validation,0
7039,fit,0
7040,calibration,0
7041,fit,0
7042,test,0
7043,validation,0
7044,fit,0
7045,validation,0
7046,validation,0
7047,validation,0
7048,fit,0
7049,fit,0
7050,calibration,0
7051,fit,0
7052,test,0
7053,fit,0
7054,validation,0
7055,fit,0
7056,calibration,0
7057,test,0
7058,calibration,0
7059,test,0
7060,fit,0
7061,fit,0
7062,fit,0
7063,fit,0
7064,test,0
7065,fit,0
7066,test,0
7067,fit,0
7068,validation,0
7069,validation,0
7070,fit,0
7071,test,0
7072,fit,0
7073,fit,0
7074,test,0
7075,validation,0
7076,test,0
7077,validation,0
7078,test,0
7079,validation,0
7080,validation,0
7081,calibration,0
7082,test,0
7083,fit,0
7084,validation,0
7085,fit,0
7086,fit,0
7087,fit,0
7088,fit,0
7089,fit,0
7090,test,0
7091,fit,0
7092,test,0
7093,validation,0
7094,fit,0
7095,validation,0
7096,validation,0
7097,fit,0
7098,calibration,0
7099,validation,0
7100,validation,0
7101,test,0
7102,fit,0
7103,fit,0
7104,test,0
7105,fit,0
7106,validation,0
7107,validation,0
7108,fit,0
7109,fit,0
7110,fit,0
7111,fit,0
7112,calibration,0
7113,test,0
7114,fit,0
7115,validation,0
7116,fit,0
7117,validation,0
7118,validation,0
7119,fit,0
7120,calibration,0
7121,fit,0
7122,calibration,0
7123,validation,0
7124,fit,0
7125,validation,0
7126,fit,0
7127,test,0
7128,fit,0
7129,calibration,0
7130,validation,0
7131,fit,0
7132,test,0
7133,test,0
7134,calibration,0
7135,fit,0
7136,calibration,0
7137,fit,0
7138,validation,0
7139,fit,0
7140,test,0
7141,test,0
7142,calibration,0
7143,fit,0
7144,fit,0
7145,validation,0
7146,fit,0
7147,calibration,0
7148,fit,0
7149,test,0
7150,fit,0
7151,validation,0
7152,test,0
7153,calibration,0
7154,validation,0
7155,fit,0
7156,fit,0
7157,test,0
7158,fit,0
7159,calibration,0
7160,fit,0
7161,fit,0
7162,calibration,0
7163,test,0
7164,fit,0
7165,test,0
7166,test,0
7167,validation,0
7168,test,0
7169,test,0
7170,validation,0
7171,fit,0
7172,fit,0
7173,validation,0
7174,fit,0
7175,validation,0
7176,test,0
7177,fit,0
7178,test,0
7179,validation,0
7180,validation,0
7181,calibration,0
7182,validation,0
7183,fit,0
7184,calibration,0
7185,validation,0
7186,test,0
7187,fit,0
7188,fit,0
7189,fit,0
7190,fit,0
7191,validation,0
7192,validation,0
7193,calibration,0
7194,validation,0
7195,fit,0
7196,fit,0
7197,calibration,0
7198,validation,0
7199,validation,0
7200,test,0
7201,calibration,0
7202,fit,0
7203,fit,0
7204,fit,0
7205,calibration,0
7206,fit,0
7207,fit,0
7208,fit,0
7209,validation,0
7210,test,0
7211,test,0
7212,calibration,0
7213,test,0
7214,validation,0
7215,calibration,0
7216,fit,0
7217,fit,0
7218,fit,0
7219,calibration,0
7220,fit,0
7221,test,0
7222,fit,0
7223,test,0
7224,test,0
7225,calibration,0
7226,fit,0
7227,test,0
7228,validation,0
7229,test,0
7230,fit,0
7231,validation,0
7232,validation,0
7233,test,0
7234,validation,0
7235,fit,0
7236,calibration,0
7237,fit,0
7238,fit,0
7239,test,0
7240,validation,0
7241,calibration,0
7242,test,0
7243,test,0
7244,fit,0
7245,fit,0
7246,calibration,0
7247,validation,0
7248,fit,0
7249,test,0
7250,fit,0
7251,fit,0
7252,fit,0
7253,fit,0
7254,fit,0
7255,fit,0
7256,calibration,0
7257,fit,0
7258,calibration,0
7259,fit,0
7260,fit,0
7261,fit,0
7262,calibration,0
7263,fit,0
7264,fit,0
7265,calibration,0
7266,validation,0
7267,test,0
7268,fit,0
7269,calibration,0
7270,fit,0
7271,test,0
7272,fit,0
7273,fit,0
7274,fit,0
7275,fit,0
7276,fit,0
7277,calibration,0
7278,validation,0
7279,fit,0
7280,calibration,0
7281,fit,0
7282,validation,0
7283,fit,0
7284,validation,0
7285,fit,0
7286,test,0
7287,calibration,0
7288,validation,0
7289,fit,0
7290,validation,0
7291,fit,0
7292,test,0
7293,test,0
7294,fit,0
7295,fit,0
7296,test,0
7297,calibration,0
7298,calibration,0
7299,fit,0
7300,fit,0
7301,calibration,0
7302,test,0
7303,fit,0
7304,fit,0
7305,fit,0
7306,test,0
7307,calibration,0
7308,calibration,0
7309,calibration,0
7310,test,0
7311,test,0
7312,fit,0
7313,test,0
7314,calibration,0
7315,calibration,0
7316,fit,0
7317,calibration,0
7318,fit,0
7319,calibration,0
7320,validation,0
7321,validation,0
7322,calibration,0
7323,calibration,0
7324,fit,0
7325,test,0
7326,test,0
7327,calibration,0
7328,calibration,0
7329,fit,0
7330,fit,0
7331,fit,0
7332,test,0
7333,validation,0
7334,test,0
7335,calibration,0
7336,validation,0
7337,test,0
7338,test,0
7339,test,0
7340,fit,0
7341,calibration,0
7342,calibration,0
7343,test,0
7344,fit,0
7345,calibration,0
7346,test,0
7347,fit,0
7348,fit,0
7349,fit,0
7350,fit,0
7351,fit,0
7352,fit,0
7353,calibration,0
7354,fit,0
7355,fit,0
7356,fit,0
7357,validation,0
7358,validation,0
7359,calibration,0
7360,calibration,0
7361,test,0
7362,fit,0
7363,test,0
7364,validation,0
7365,validation,0
7366,fit,0
7367,fit,0
7368,fit,0
7369,fit,0
7370,fit,0
7371,test,0
7372,fit,0
7373,fit,0
7374,test,0
7375,calibration,0
7376,validation,0
7377,fit,0
7378,test,0
7379,fit,0
7380,calibration,0
7381,test,0
7382,fit,0
7383,validation,0
7384,test,0
7385,test,0
7386,fit,0
7387,fit,0
7388,fit,0
7389,fit,0
7390,fit,0
7391,fit,0
7392,test,0
7393,calibration,0
7394,fit,0
7395,calibration,0
7396,calibration,0
7397,fit,0
7398,fit,0
7399,validation,0
7400,validation,0
7401,validation,0
7402,calibration,0
7403,fit,0
7404,validation,0
7405,fit,0
7406,validation,0
7407,test,0
7408,fit,0
7409,fit,0
7410,fit,0
7411,test,0
7412,calibration,0
7413,fit,0
7414,validation,0
7415,fit,0
7416,fit,0
7417,calibration,0
7418,fit,0
7419,calibration,0
7420,test,0
7421,fit,0
7422,fit,0
7423,test,0
7424,validation,0
7425,fit,0
7426,validation,0
7427,fit,0
7428,calibration,0
7429,fit,0
7430,test,0
7431,fit,0
7432,fit,0
7433,validation,0
7434,test,0
7435,calibration,0
7436,validation,0
7437,fit,0
7438,fit,0
7439,test,0
7440,validation,0
7441,validation,0
7442,test,0
7443,fit,0
7444,fit,0
7445,calibration,0
7446,fit,0
7447,fit,0
7448,calibration,0
7449,fit,0
7450,fit,0
7451,fit,0
7452,fit,0
7453,test,0
7454,test,0
7455,fit,0
7456,calibration,0
7457,fit,0
7458,fit,0
7459,validation,0
7460,validation,0
7461,fit,0
7462,fit,0
7463,validation,0
7464,fit,0
7465,calibration,0
7466,validation,0
7467,test,0
7468,fit,0
7469,fit,0
7470,fit,0
7471,validation,0
7472,calibration,0
7473,test,0
7474,test,0
7475,fit,0
7476,fit,0
7477,test,0
7478,fit,0
7479,fit,0
7480,fit,0
7481,test,0
7482,calibration,0
7483,fit,0
7484,fit,0
7485,validation,0
7486,validation,0
7487,calibration,0
7488,fit,0
7489,test,0
7490,validation,0
7491,fit,0
7492,calibration,0
7493,fit,0
7494,fit,0
7495,fit,0
7496,fit,0
7497,fit,0
7498,calibration,0
7499,calibration,0
7500,test,0
7501,test,0
7502,test,0
7503,test,0
7504,validation,0
7505,test,0
7506,fit,0
7507,calibration,0
7508,fit,0
7509,fit,0
7510,test,0
7511,validation,0
7512,fit,0
7513,fit,0
7514,test,0
7515,validation,0
7516,test,0
7517,validation,0
7518,fit,0
7519,fit,0
7520,fit,0
7521,validation,0
7522,fit,0
7523,fit,0
7524,fit,0
7525,test,0
7526,test,0
7527,test,0
7528,fit,0
7529,fit,0
7530,test,0
7531,validation,0
7532,validation,0
7533,validation,0
7534,test,0
7535,calibration,0
7536,calibration,0
7537,test,0
7538,fit,0
7539,validation,0
7540,fit,0
7541,fit,0
7542,fit,0
7543,fit,0
7544,test,0
7545,fit,0
7546,fit,0
7547,fit,0
7548,validation,0
7549,calibration,0
7550,calibration,0
7551,test,0
7552,fit,0
7553,fit,0
7554,fit,0
7555,fit,0
7556,test,0
7557,fit,0
7558,test,0
7559,fit,0
7560,test,0
7561,fit,0
7562,validation,0
7563,calibration,0
7564,fit,0
7565,test,0
7566,validation,0
7567,fit,0
7568,fit,0
7569,validation,0
7570,fit,0
7571,fit,0
7572,fit,0
7573,validation,0
7574,fit,0
7575,fit,0
7576,test,0
7577,test,0
7578,fit,0
7579,test,0
7580,calibration,0
7581,test,0
7582,test,0
7583,validation,0
7584,fit,0
7585,fit,0
7586,calibration,0
7587,test,0
7588,fit,0
7589,test,0
7590,calibration,0
7591,validation,0
7592,calibration,0
7593,test,0
7594,fit,0
7595,validation,0
7596,fit,0
7597,fit,0
7598,validation,0
7599,fit,0
7600,fit,0
7601,fit,0
7602,validation,0
7603,fit,0
7604,calibration,0
7605,fit,0
7606,fit,0
7607,fit,0
7608,fit,0
7609,validation,0
7610,validation,0
7611,fit,0
7612,test,0
7613,test,0
7614,calibration,0
7615,test,0
7616,validation,0
7617,validation,0
7618,fit,0
7619,fit,0
7620,calibration,0
7621,fit,0
7622,test,0
7623,fit,0
7624,fit,0
7625,fit,0
7626,calibration,0
7627,test,0
7628,test,0
7629,fit,0
7630,fit,0
7631,fit,0
7632,fit,0
7633,calibration,0
7634,test,0
7635,validation,0
7636,test,0
7637,fit,0
7638,test,0
7639,fit,0
7640,fit,0
7641,calibration,0
7642,fit,0
7643,fit,0
7644,fit,0
7645,fit,0
7646,test,0
7647,test,0
7648,calibration,0
7649,test,0
7650,test,0
7651,fit,0
7652,validation,0
7653,fit,0
7654,fit,0
7655,fit,0
7656,fit,0
7657,fit,0
7658,fit,0
7659,validation,0
7660,fit,0
7661,validation,0
7662,validation,0
7663,validation,0
7664,validation,0
7665,fit,0
7666,test,0
7667,fit,0
7668,test,0
7669,validation,0
7670,fit,0
7671,fit,0
7672,calibration,0
7673,fit,0
7674,test,0
7675,fit,0
7676,validation,0
7677,validation,0
7678,fit,0
7679,fit,0
7680,fit,0
7681,test,0
7682,validation,0
7683,test,0
7684,validation,0
7685,calibration,0
7686,fit,0
7687,fit,0
7688,fit,0
7689,calibration,0
7690,validation,0
7691,fit,0
7692,test,0
7693,fit,0
7694,fit,0
7695,validation,0
7696,calibration,0
7697,calibration,0
7698,fit,0
7699,fit,0
7700,fit,0
7701,calibration,0
7702,fit,0
7703,fit,0
7704,test,0
7705,fit,0
7706,fit,0
7707,fit,0
7708,test,0
7709,fit,0
7710,fit,0
7711,validation,0
7712,validation,0
7713,test,0
7714,fit,0
7715,test,0
7716,validation,0
7717,validation,0
7718,calibration,0
7719,calibration,0
7720,calibration,0
7721,calibration,0
7722,fit,0
7723,validation,0
7724,fit,0
7725,validation,0
7726,calibration,0
7727,fit,0
7728,fit,0
7729,test,0
7730,fit,0
7731,fit,0
7732,calibration,0
7733,test,0
7734,fit,0
7735,test,0
7736,validation,0
7737,fit,0
7738,calibration,0
7739,fit,0
7740,fit,0
7741,test,0
7742,test,0
7743,test,0
7744,fit,0
7745,fit,0
7746,test,0
7747,fit,0
7748,validation,0
7749,fit,0
7750,test,0
7751,validation,0
7752,calibration,0
7753,fit,0
7754,calibration,0
7755,fit,0
7756,validation,0
7757,fit,0
7758,calibration,0
7759,fit,0
7760,calibration,0
7761,calibration,0
7762,test,0
7763,validation,0
7764,test,0
7765,validation,0
7766,fit,0
7767,test,0
7768,validation,0
7769,validation,0
7770,validation,0
7771,fit,0
7772,fit,0
7773,validation,0
7774,test,0
7775,test,0
7776,fit,0
7777,fit,0
7778,validation,0
7779,validation,0
7780,test,0
7781,fit,0
7782,test,0
7783,fit,0
7784,test,0
7785,fit,0
7786,fit,0
7787,test,0
7788,validation,0
7789,fit,0
7790,fit,0
7791,test,0
7792,validation,0
7793,fit,0
7794,fit,0
7795,fit,0
7796,calibration,0
7797,test,0
7798,fit,0
7799,test,0
7800,calibration,0
7801,validation,0
7802,validation,0
7803,fit,0
7804,fit,0
7805,fit,0
7806,calibration,0
7807,fit,0
7808,fit,0
7809,validation,0
7810,fit,0
7811,fit,0
7812,fit,0
7813,fit,0
7814,validation,0
7815,fit,0
7816,fit,0
7817,fit,0
7818,test,0
7819,fit,0
7820,fit,0
7821,fit,0
7822,fit,0
7823,test,0
7824,fit,0
7825,fit,0
7826,validation,0
7827,fit,0
7828,fit,0
7829,fit,0
7830,fit,0
7831,calibration,0
7832,fit,0
7833,test,0
7834,fit,0
7835,test,0
7836,validation,0
7837,fit,0
7838,test,0
7839,calibration,0
7840,fit,0
7841,test,0
7842,fit,0
7843,fit,0
7844,fit,0
7845,test,0
7846,test,0
7847,fit,0
7848,fit,0
7849,fit,0
7850,fit,0
7851,fit,0
7852,fit,0
7853,fit,0
7854,fit,0
7855,test,0
7856,fit,0
7857,calibration,0
7858,validation,0
7859,fit,0
7860,calibration,0
7861,validation,0
7862,test,0
7863,fit,0
7864,fit,0
7865,fit,0
7866,fit,0
7867,fit,0
7868,test,0
7869,test,0
7870,validation,0
7871,test,0
7872,validation,0
7873,fit,0
7874,validation,0
7875,fit,0
7876,fit,0
7877,test,0
7878,test,0
7879,validation,0
7880,validation,0
7881,test,0
7882,test,0
7883,test,0
7884,fit,0
7885,fit,0
7886,validation,0
7887,calibration,0
7888,validation,0
7889,calibration,0
7890,fit,0
7891,calibration,0
7892,test,0
7893,calibration,0
7894,fit,0
7895,test,0
7896,fit,0
7897,validation,0
7898,validation,0
7899,fit,0
7900,fit,0
7901,calibration,0
7902,fit,0
7903,fit,0
7904,test,0
7905,fit,0
7906,test,0
7907,fit,0
7908,validation,0
7909,calibration,0
7910,test,0
7911,fit,0
7912,fit,0
7913,calibration,0
7914,test,0
7915,fit,0
7916,test,0
7917,validation,0
7918,fit,0
7919,fit,0
7920,test,0
7921,validation,0
7922,calibration,0
7923,validation,0
7924,calibration,0
7925,validation,0
7926,fit,0
7927,fit,0
7928,fit,0
7929,fit,0
7930,validation,0
7931,fit,0
7932,test,0
7933,fit,0
7934,validation,0
7935,calibration,0
7936,fit,0
7937,test,0
7938,test,0
7939,validation,0
7940,validation,0
7941,fit,0
7942,validation,0
7943,fit,0
7944,calibration,0
7945,test,0
7946,fit,0
7947,fit,0
7948,calibration,0
7949,fit,0
7950,test,0
7951,fit,0
7952,fit,0
7953,validation,0
7954,fit,0
7955,fit,0
7956,fit,0
7957,test,0
7958,fit,0
7959,fit,0
7960,fit,0
7961,fit,0
7962,test,0
7963,fit,0
7964,test,0
7965,fit,0
7966,test,0
7967,test,0
7968,validation,0
7969,validation,0
7970,calibration,0
7971,fit,0
7972,fit,0
7973,fit,0
7974,fit,0
7975,validation,0
7976,validation,0
7977,validation,0
7978,fit,0
7979,test,0
7980,validation,0
7981,fit,0
7982,fit,0
7983,calibration,0
7984,calibration,0
7985,fit,0
7986,test,0
7987,test,0
7988,test,0
7989,calibration,0
7990,validation,0
7991,fit,0
7992,fit,0
7993,validation,0
7994,calibration,0
7995,calibration,0
7996,fit,0
7997,fit,0
7998,validation,0
7999,fit,0
8000,validation,0
8001,calibration,0
8002,validation,0
8003,test,0
8004,calibration,0
8005,calibration,0
8006,validation,0
8007,validation,0
8008,fit,0
8009,fit,0
8010,validation,0
8011,test,0
8012,calibration,0
8013,fit,0
8014,validation,0
8015,test,0
8016,fit,0
8017,validation,0
8018,fit,0
8019,test,0
8020,fit,0
8021,calibration,0
8022,test,0
8023,fit,0
8024,fit,0
8025,validation,0
8026,validation,0
8027,test,0
8028,fit,0
8029,test,0
8030,fit,0
8031,validation,0
8032,fit,0
8033,validation,0
8034,calibration,0
8035,test,0
8036,fit,0
8037,test,0
8038,validation,0
8039,validation,0
8040,validation,0
8041,fit,0
8042,fit,0
8043,test,0
8044,calibration,0
8045,fit,0
8046,fit,0
8047,validation,0
8048,fit,0
8049,fit,0
8050,validation,0
8051,fit,0
8052,fit,0
8053,calibration,0
8054,test,0
8055,fit,0
8056,fit,0
8057,fit,0
8058,fit,0
8059,validation,0
8060,fit,0
8061,fit,0
8062,fit,0
8063,calibration,0
8064,fit,0
8065,fit,0
8066,validation,0
8067,calibration,0
8068,fit,0
8069,test,0
8070,fit,0
8071,fit,0
8072,fit,0
8073,test,0
8074,fit,0
8075,fit,0
8076,calibration,0
8077,test,0
8078,fit,0
8079,fit,0
8080,test,0
8081,validation,0
8082,validation,0
8083,fit,0
8084,test,0
8085,fit,0
8086,fit,0
8087,calibration,0
8088,test,0
8089,fit,0
8090,test,0
8091,fit,0
8092,fit,0
8093,test,0
8094,fit,0
8095,fit,0
8096,fit,0
8097,validation,0
8098,calibration,0
8099,fit,0
8100,fit,0
8101,calibration,0
8102,calibration,0
8103,fit,0
8104,fit,0
8105,fit,0
8106,validation,0
8107,test,0
8108,fit,0
8109,fit,0
8110,fit,0
8111,fit,0
8112,validation,0
8113,validation,0
8114,fit,0
8115,validation,0
8116,fit,0
8117,calibration,0
8118,fit,0
8119,fit,0
8120,fit,0
8121,fit,0
8122,calibration,0
8123,validation,0
8124,test,0
8125,fit,0
8126,fit,0
8127,validation,0
8128,fit,0
8129,fit,0
8130,test,0
8131,test,0
8132,fit,0
8133,validation,0
8134,calibration,0
8135,test,0
8136,calibration,0
8137,test,0
8138,fit,0
8139,calibration,0
8140,calibration,0
8141,validation,0
8142,fit,0
8143,fit,0
8144,fit,0
8145,validation,0
8146,test,0
8147,calibration,0
8148,fit,0
8149,validation,0
8150,fit,0
8151,fit,0
8152,fit,0
8153,fit,0
8154,fit,0
8155,test,0
8156,validation,0
8157,test,0
8158,fit,0
8159,validation,0
8160,fit,0
8161,fit,0
8162,validation,0
8163,test,0
8164,fit,0
8165,test,0
8166,fit,0
8167,fit,0
8168,test,0
8169,calibration,0
8170,fit,0
8171,fit,0
8172,calibration,0
8173,calibration,0
8174,test,0
8175,validation,0
8176,test,0
8177,validation,0
8178,calibration,0
8179,fit,0
8180,fit,0
8181,test,0
8182,calibration,0
8183,fit,0
8184,test,0
8185,fit,0
8186,fit,0
8187,fit,0
8188,validation,0
8189,validation,0
8190,fit,0
8191,fit,0
8192,fit,0
8193,fit,0
8194,fit,0
8195,fit,0
8196,calibration,0
8197,fit,0
8198,validation,0
8199,test,0
8200,fit,0
8201,calibration,0
8202,fit,0
8203,test,0
8204,fit,0
8205,fit,0
8206,fit,0
8207,fit,0
8208,fit,0
8209,validation,0
8210,validation,0
8211,calibration,0
8212,fit,0
8213,validation,0
8214,fit,0
8215,fit,0
8216,fit,0
8217,fit,0
8218,fit,0
8219,test,0
8220,test,0
8221,validation,0
8222,fit,0
8223,validation,0
8224,test,0
8225,fit,0
8226,validation,0
8227,validation,0
8228,calibration,0
8229,test,0
8230,test,0
8231,calibration,0
8232,test,0
8233,fit,0
8234,fit,0
8235,fit,0
8236,fit,0
8237,validation,0
8238,fit,0
8239,calibration,0
8240,fit,0
8241,calibration,0
8242,validation,0
8243,calibration,0
8244,calibration,0
8245,validation,0
8246,fit,0
8247,validation,0
8248,validation,0
8249,calibration,0
8250,fit,0
8251,fit,0
8252,fit,0
8253,validation,0
8254,fit,0
8255,fit,0
8256,test,0
8257,calibration,0
8258,test,0
8259,validation,0
8260,validation,0
8261,fit,0
8262,calibration,0
8263,test,0
8264,fit,0
8265,validation,0
8266,fit,0
8267,validation,0
8268,fit,0
8269,test,0
8270,validation,0
8271,test,0
8272,validation,0
8273,fit,0
8274,validation,0
8275,test,0
8276,validation,0
8277,validation,0
8278,test,0
8279,validation,0
8280,fit,0
8281,test,0
8282,calibration,0
8283,fit,0
8284,validation,0
8285,test,0
8286,test,0
8287,fit,0
8288,calibration,0
8289,test,0
8290,test,0
8291,fit,0
8292,calibration,0
8293,test,0
8294,validation,0
8295,test,0
8296,test,0
8297,calibration,0
8298,fit,0
8299,calibration,0
8300,fit,0
8301,calibration,0
8302,fit,0
8303,fit,0
8304,validation,0
8305,fit,0
8306,fit,0
8307,validation,0
8308,validation,0
8309,test,0
8310,calibration,0
8311,test,0
8312,fit,0
8313,calibration,0
8314,fit,0
8315,fit,0
8316,fit,0
8317,validation,0
8318,test,0
8319,fit,0
8320,fit,0
8321,calibration,0
8322,test,0
8323,fit,0
8324,fit,0
8325,calibration,0
8326,validation,0
8327,fit,0
8328,test,0
8329,calibration,0
8330,test,0
8331,fit,0
8332,calibration,0
8333,test,0
8334,validation,0
8335,validation,0
8336,test,0
8337,validation,0
8338,calibration,0
8339,calibration,0
8340,fit,0
8341,fit,0
8342,fit,0
8343,test,0
8344,test,0
8345,test,0
8346,test,0
8347,test,0
8348,test,0
8349,fit,0
8350,test,0
8351,test,0
8352,validation,0
8353,test,0
8354,fit,0
8355,fit,0
8356,calibration,0
8357,fit,0
8358,fit,0
8359,validation,0
8360,fit,0
8361,validation,0
8362,validation,0
8363,fit,0
8364,fit,0
8365,test,0
8366,test,0
8367,test,0
8368,fit,0
8369,calibration,0
8370,validation,0
8371,calibration,0
8372,validation,0
8373,fit,0
8374,fit,0
8375,fit,0
8376,calibration,0
8377,calibration,0
8378,fit,0
8379,calibration,0
8380,fit,0
8381,calibration,0
8382,fit,0
8383,fit,0
8384,fit,0
8385,fit,0
8386,fit,0
8387,test,0
8388,test,0
8389,fit,0
8390,fit,0
8391,fit,0
8392,test,0
8393,test,0
8394,test,0
8395,validation,0
8396,fit,0
8397,validation,0
8398,fit,0
8399,fit,0
8400,fit,0
8401,fit,0
8402,test,0
8403,calibration,0
8404,validation,0
8405,fit,0
8406,validation,0
8407,test,0
8408,fit,0
8409,calibration,0
8410,fit,0
8411,test,0
8412,validation,0
8413,fit,0
8414,fit,0
8415,calibration,0
8416,fit,0
8417,calibration,0
8418,fit,0
8419,fit,0
8420,fit,0
8421,test,0
8422,calibration,0
8423,test,0
8424,calibration,0
8425,fit,0
8426,fit,0
8427,fit,0
8428,calibration,0
8429,validation,0
8430,test,0
8431,fit,0
8432,validation,0
8433,fit,0
8434,fit,0
8435,fit,0
8436,validation,0
8437,validation,0
8438,fit,0
8439,calibration,0
8440,calibration,0
8441,validation,0
8442,calibration,0
8443,fit,0
8444,fit,0
8445,fit,0
8446,fit,0
8447,validation,0
8448,validation,0
8449,fit,0
8450,calibration,0
8451,fit,0
8452,fit,0
8453,fit,0
8454,fit,0
8455,calibration,0
8456,test,0
8457,fit,0
8458,validation,0
8459,validation,0
8460,validation,0
8461,validation,0
8462,test,0
8463,fit,0
8464,calibration,0
8465,fit,0
8466,calibration,0
8467,validation,0
8468,test,0
8469,fit,0
8470,validation,0
8471,calibration,0
8472,fit,0
8473,calibration,0
8474,fit,0
8475,validation,0
8476,fit,0
8477,calibration,0
8478,fit,0
8479,test,0
8480,fit,0
8481,test,0
8482,test,0
8483,fit,0
8484,validation,0
8485,test,0
8486,fit,0
8487,calibration,0
8488,fit,0
8489,fit,0
8490,fit,0
8491,calibration,0
8492,fit,0
8493,calibration,0
8494,test,0
8495,validation,0
8496,fit,0
8497,test,0
8498,calibration,0
8499,fit,0
8500,test,0
8501,calibration,0
8502,validation,0
8503,fit,0
8504,fit,0
8505,validation,0
8506,fit,0
8507,fit,0
8508,fit,0
8509,validation,0
8510,test,0
8511,validation,0
8512,fit,0
8513,fit,0
8514,fit,0
8515,validation,0
8516,test,0
8517,validation,0
8518,validation,0
8519,validation,0
8520,validation,0
8521,validation,0
8522,fit,0
8523,fit,0
8524,fit,0
8525,validation,0
8526,fit,0
8527,fit,0
8528,fit,0
8529,validation,0
8530,calibration,0
8531,validation,0
8532,validation,0
8533,test,0
8534,fit,0
8535,validation,0
8536,calibration,0
8537,test,0
8538,calibration,0
8539,test,0
8540,validation,0
8541,fit,0
8542,calibration,0
8543,fit,0
8544,fit,0
8545,fit,0
8546,fit,0
8547,fit,0
8548,fit,0
8549,calibration,0
8550,calibration,0
8551,test,0
8552,fit,0
8553,fit,0
8554,test,0
8555,validation,0
8556,validation,0
8557,validation,0
8558,fit,0
8559,test,0
8560,fit,0
8561,validation,0
8562,fit,0
8563,calibration,0
8564,test,0
8565,test,0
8566,calibration,0
8567,fit,0
8568,calibration,0
8569,test,0
8570,validation,0
8571,fit,0
8572,test,0
8573,calibration,0
8574,test,0
8575,fit,0
8576,test,0
8577,fit,0
8578,calibration,0
8579,test,0
8580,validation,0
8581,fit,0
8582,validation,0
8583,validation,0
8584,fit,0
8585,calibration,0
8586,calibration,0
8587,validation,0
8588,test,0
8589,test,0
8590,calibration,0
8591,validation,0
8592,fit,0
8593,test,0
8594,fit,0
8595,fit,0
8596,fit,0
8597,test,0
8598,fit,0
8599,calibration,0
8600,validation,0
8601,validation,0
8602,fit,0
8603,validation,0
8604,calibration,0
8605,test,0
8606,fit,0
8607,validation,0
8608,test,0
8609,calibration,0
8610,test,0
8611,fit,0
8612,calibration,0
8613,fit,0
8614,fit,0
8615,fit,0
8616,fit,0
8617,test,0
8618,fit,0
8619,validation,0
8620,test,0
8621,calibration,0
8622,calibration,0
8623,calibration,0
8624,validation,0
8625,fit,0
8626,validation,0
8627,test,0
8628,test,0
8629,test,0
8630,fit,0
8631,test,0
8632,calibration,0
8633,fit,0
8634,test,0
8635,test,0
8636,validation,0
8637,fit,0
8638,calibration,0
8639,fit,0
8640,fit,0
8641,fit,0
8642,fit,0
8643,test,0
8644,fit,0
8645,validation,0
8646,test,0
8647,test,0
8648,validation,0
8649,fit,0
8650,test,0
8651,validation,0
8652,calibration,0
8653,validation,0
8654,calibration,0
8655,validation,0
8656,validation,0
8657,fit,0
8658,test,0
8659,validation,0
8660,calibration,0
8661,fit,0
8662,validation,0
8663,fit,0
8664,fit,0
8665,test,0
8666,validation,0
8667,test,0
8668,validation,0
8669,fit,0
8670,test,0
8671,calibration,0
8672,fit,0
8673,fit,0
8674,test,0
8675,test,0
8676,fit,0
8677,fit,0
8678,fit,0
8679,calibration,0
8680,fit,0
8681,fit,0
8682,validation,0
8683,fit,0
8684,fit,0
8685,validation,0
8686,fit,0
8687,fit,0
8688,validation,0
8689,calibration,0
8690,fit,0
8691,fit,0
8692,test,0
8693,test,0
8694,validation,0
8695,validation,0
8696,test,0
8697,fit,0
8698,test,0
8699,fit,0
8700,validation,0
8701,test,0
8702,fit,0
8703,fit,0
8704,calibration,0
8705,fit,0
8706,fit,0
8707,validation,0
8708,fit,0
8709,fit,0
8710,calibration,0
8711,validation,0
8712,test,0
8713,validation,0
8714,fit,0
8715,test,0
8716,calibration,0
8717,fit,0
8718,fit,0
8719,fit,0
8720,test,0
8721,fit,0
8722,test,0
8723,validation,0
8724,test,0
8725,fit,0
8726,fit,0
8727,test,0
8728,test,0
8729,test,0
8730,fit,0
8731,fit,0
8732,test,0
8733,calibration,0
8734,fit,0
8735,validation,0
8736,test,0
8737,calibration,0
8738,test,0
8739,validation,0
8740,fit,0
8741,calibration,0
8742,fit,0
8743,fit,0
8744,fit,0
8745,fit,0
8746,fit,0
8747,fit,0
8748,validation,0
8749,fit,0
8750,fit,0
8751,test,0
8752,validation,0
8753,test,0
8754,validation,0
8755,test,0
8756,fit,0
8757,test,0
8758,test,0
8759,fit,0
8760,test,0
8761,validation,0
8762,fit,0
8763,fit,0
8764,fit,0
8765,fit,0
8766,fit,0
8767,validation,0
8768,validation,0
8769,fit,0
8770,calibration,0
8771,validation,0
8772,validation,0
8773,validation,0
8774,validation,0
8775,fit,0
8776,fit,0
8777,calibration,0
8778,test,0
8779,validation,0
8780,fit,0
8781,fit,0
8782,fit,0
8783,fit,0
8784,test,0
8785,fit,0
8786,fit,0
8787,validation,0
8788,fit,0
8789,fit,0
8790,validation,0
8791,fit,0
8792,validation,0
8793,fit,0
8794,fit,0
8795,fit,0
8796,fit,0
8797,validation,0
8798,validation,0
8799,calibration,0
8800,validation,0
8801,test,0
8802,validation,0
8803,validation,0
8804,validation,0
8805,calibration,0
8806,fit,0
8807,test,0
8808,fit,0
8809,calibration,0
8810,validation,0
8811,validation,0
8812,calibration,0
8813,validation,0
8814,validation,0
8815,fit,0
8816,calibration,0
8817,calibration,0
8818,fit,0
8819,fit,0
8820,fit,0
8821,fit,0
8822,fit,0
8823,fit,0
8824,validation,0
8825,fit,0
8826,calibration,0
8827,calibration,0
8828,fit,0
8829,calibration,0
8830,fit,0
8831,calibration,0
8832,validation,0
8833,calibration,0
8834,fit,0
8835,validation,0
8836,validation,0
8837,fit,0
8838,fit,0
8839,calibration,0
8840,calibration,0
8841,fit,0
8842,fit,0
8843,test,0
8844,fit,0
8845,calibration,0
8846,calibration,0
8847,calibration,0
8848,fit,0
8849,test,0
8850,test,0
8851,fit,0
8852,fit,0
8853,fit,0
8854,validation,0
8855,fit,0
8856,test,0
8857,calibration,0
8858,calibration,0
8859,validation,0
8860,validation,0
8861,fit,0
8862,fit,0
8863,fit,0
8864,validation,0
8865,fit,0
8866,calibration,0
8867,fit,0
8868,fit,0
8869,calibration,0
8870,fit,0
8871,test,0
8872,test,0
8873,test,0
8874,fit,0
8875,fit,0
8876,calibration,0
8877,test,0
8878,fit,0
8879,test,0
8880,fit,0
8881,validation,0
8882,test,0
8883,test,0
8884,validation,0
8885,validation,0
8886,validation,0
8887,calibration,0
8888,calibration,0
8889,test,0
8890,fit,0
8891,test,0
8892,fit,0
8893,calibration,0
8894,calibration,0
8895,test,0
8896,validation,0
8897,fit,0
8898,test,0
8899,fit,0
8900,validation,0
8901,validation,0
8902,fit,0
8903,calibration,0
8904,fit,0
8905,fit,0
8906,fit,0
8907,fit,0
8908,validation,0
8909,calibration,0
8910,calibration,0
8911,calibration,0
8912,validation,0
8913,test,0
8914,calibration,0
8915,test,0
8916,fit,0
8917,fit,0
8918,fit,0
8919,validation,0
8920,fit,0
8921,test,0
8922,validation,0
8923,fit,0
8924,fit,0
8925,fit,0
8926,calibration,0
8927,validation,0
8928,validation,0
8929,validation,0
8930,fit,0
8931,fit,0
8932,validation,0
8933,calibration,0
8934,validation,0
8935,test,0
8936,fit,0
8937,fit,0
8938,calibration,0
8939,validation,0
8940,test,0
8941,calibration,0
8942,fit,0
8943,calibration,0
8944,calibration,0
8945,fit,0
8946,fit,0
8947,validation,0
8948,validation,0
8949,test,0
8950,fit,0
8951,test,0
8952,fit,0
8953,calibration,0
8954,test,0
8955,fit,0
8956,validation,0
8957,test,0
8958,calibration,0
8959,fit,0
8960,fit,0
8961,test,0
8962,test,0
8963,fit,0
8964,fit,0
8965,fit,0
8966,calibration,0
8967,test,0
8968,fit,0
8969,fit,0
8970,test,0
8971,test,0
8972,validation,0
8973,calibration,0
8974,test,0
8975,fit,0
8976,test,0
8977,test,0
8978,fit,0
8979,test,0
8980,fit,0
8981,fit,0
8982,fit,0
8983,fit,0
8984,calibration,0
8985,fit,0
8986,fit,0
8987,test,0
8988,fit,0
8989,fit,0
8990,test,0
8991,validation,0
8992,calibration,0
8993,validation,0
8994,validation,0
8995,test,0
8996,validation,0
8997,fit,0
8998,fit,0
8999,fit,0
9000,validation,0
9001,test,0
9002,fit,0
9003,test,0
9004,fit,0
9005,test,0
9006,fit,0
9007,fit,0
9008,fit,0
9009,fit,0
9010,fit,0
9011,fit,0
9012,fit,0
9013,validation,0
9014,calibration,0
9015,validation,0
9016,fit,0
9017,validation,0
9018,validation,0
9019,fit,0
9020,test,0
9021,validation,0
9022,test,0
9023,fit,0
9024,validation,0
9025,calibration,0
9026,validation,0
9027,fit,0
9028,fit,0
9029,fit,0
9030,fit,0
9031,fit,0
9032,test,0
9033,test,0
9034,test,0
9035,validation,0
9036,test,0
9037,calibration,0
9038,fit,0
9039,calibration,0
9040,fit,0
9041,fit,0
9042,fit,0
9043,test,0
9044,fit,0
9045,fit,0
9046,fit,0
9047,test,0
9048,validation,0
9049,fit,0
9050,test,0
9051,test,0
9052,validation,0
9053,test,0
9054,fit,0
9055,validation,0
9056,test,0
9057,calibration,0
9058,validation,0
9059,fit,0
9060,validation,0
9061,calibration,0
9062,validation,0
9063,fit,0
9064,test,0
9065,fit,0
9066,fit,0
9067,fit,0
9068,fit,0
9069,calibration,0
9070,validation,0
9071,validation,0
9072,calibration,0
9073,calibration,0
9074,validation,0
9075,fit,0
9076,test,0
9077,calibration,0
9078,fit,0
9079,test,0
9080,calibration,0
9081,test,0
9082,fit,0
9083,fit,0
9084,fit,0
9085,test,0
9086,fit,0
9087,validation,0
9088,validation,0
9089,test,0
9090,test,0
9091,fit,0
9092,validation,0
9093,test,0
9094,fit,0
9095,fit,0
9096,validation,0
9097,calibration,0
9098,fit,0
9099,fit,0
9100,fit,0
9101,calibration,0
9102,calibration,0
9103,validation,0
9104,fit,0
9105,validation,0
9106,validation,0
9107,fit,0
9108,validation,0
9109,fit,0
9110,validation,0
9111,calibration,0
9112,test,0
9113,fit,0
9114,validation,0
9115,test,0
9116,test,0
9117,validation,0
9118,test,0
9119,validation,0
9120,validation,0
9121,fit,0
9122,fit,0
9123,fit,0
9124,validation,0
9125,test,0
9126,fit,0
9127,validation,0
9128,validation,0
9129,validation,0
9130,test,0
9131,test,0
9132,test,0
9133,fit,0
9134,fit,0
9135,fit,0
9136,test,0
9137,calibration,0
9138,test,0
9139,fit,0
9140,fit,0
9141,fit,0
9142,test,0
9143,fit,0
9144,calibration,0
9145,test,0
9146,fit,0
9147,fit,0
9148,fit,0
9149,test,0
9150,fit,0
9151,validation,0
9152,calibration,0
9153,calibration,0
9154,fit,0
9155,validation,0
9156,test,0
9157,fit,0
9158,test,0
9159,fit,0
9160,fit,0
9161,validation,0
9162,test,0
9163,fit,0
9164,fit,0
9165,test,0
9166,test,0
9167,validation,0
9168,test,0
9169,calibration,0
9170,validation,0
9171,fit,0
9172,fit,0
9173,fit,0
9174,validation,0
9175,validation,0
9176,fit,0
9177,test,0
9178,test,0
9179,fit,0
9180,validation,0
9181,validation,0
9182,fit,0
9183,test,0
9184,test,0
9185,test,0
9186,fit,0
9187,test,0
9188,fit,0
9189,fit,0
9190,calibration,0
9191,fit,0
9192,fit,0
9193,calibration,0
9194,fit,0
9195,fit,0
9196,fit,0
9197,test,0
9198,calibration,0
9199,validation,0
9200,fit,0
9201,fit,0
9202,fit,0
9203,fit,0
9204,fit,0
9205,validation,0
9206,test,0
9207,calibration,0
9208,test,0
9209,validation,0
9210,fit,0
9211,fit,0
9212,test,0
9213,test,0
9214,calibration,0
9215,fit,0
9216,test,0
9217,fit,0
9218,test,0
9219,calibration,0
9220,fit,0
9221,test,0
9222,fit,0
9223,test,0
9224,test,0
9225,fit,0
9226,fit,0
9227,fit,0
9228,fit,0
9229,fit,0
9230,test,0
9231,test,0
9232,test,0
9233,fit,0
9234,fit,0
9235,fit,0
9236,validation,0
9237,validation,0
9238,validation,0
9239,fit,0
9240,fit,0
9241,test,0
9242,fit,0
9243,fit,0
9244,test,0
9245,fit,0
9246,fit,0
9247,fit,0
9248,fit,0
9249,fit,0
9250,fit,0
9251,fit,0
9252,fit,0
9253,fit,0
9254,fit,0
9255,validation,0
9256,validation,0
9257,test,0
9258,fit,0
9259,validation,0
9260,validation,0
9261,validation,0
9262,validation,0
9263,calibration,0
9264,fit,0
9265,test,0
9266,fit,0
9267,validation,0
9268,test,0
9269,fit,0
9270,validation,0
9271,validation,0
9272,calibration,0
9273,calibration,0
9274,test,0
9275,validation,0
9276,validation,0
9277,fit,0
9278,validation,0
9279,fit,0
9280,fit,0
9281,fit,0
9282,validation,0
9283,calibration,0
9284,test,0
9285,test,0
9286,validation,0
9287,calibration,0
9288,validation,0
9289,validation,0
9290,validation,0
9291,calibration,0
9292,fit,0
9293,fit,0
9294,fit,0
9295,fit,0
9296,fit,0
9297,fit,0
9298,test,0
9299,calibration,0
9300,test,0
9301,validation,0
9302,test,0
9303,test,0
9304,fit,0
9305,test,0
9306,calibration,0
9307,test,0
9308,calibration,0
9309,validation,0
9310,calibration,0
9311,calibration,0
9312,validation,0
9313,calibration,0
9314,calibration,0
9315,fit,0
9316,fit,0
9317,test,0
9318,validation,0
9319,fit,0
9320,fit,0
9321,test,0
9322,fit,0
9323,fit,0
9324,calibration,0
9325,fit,0
9326,fit,0
9327,validation,0
9328,calibration,0
9329,fit,0
9330,validation,0
9331,validation,0
9332,test,0
9333,fit,0
9334,validation,0
9335,validation,0
9336,test,0
9337,fit,0
9338,fit,0
9339,fit,0
9340,fit,0
9341,test,0
9342,test,0
9343,test,0
9344,validation,0
9345,fit,0
9346,fit,0
9347,fit,0
9348,test,0
9349,test,0
9350,fit,0
9351,calibration,0
9352,fit,0
9353,fit,0
9354,calibration,0
9355,calibration,0
9356,calibration,0
9357,fit,0
9358,fit,0
9359,validation,0
9360,fit,0
9361,validation,0
9362,fit,0
9363,calibration,0
9364,test,0
9365,fit,0
9366,calibration,0
9367,fit,0
9368,fit,0
9369,test,0
9370,calibration,0
9371,test,0
9372,fit,0
9373,calibration,0
9374,fit,0
9375,calibration,0
9376,validation,0
9377,calibration,0
9378,test,0
9379,fit,0
9380,validation,0
9381,test,0
9382,test,0
9383,test,0
9384,fit,0
9385,validation,0
9386,test,0
9387,fit,0
9388,validation,0
9389,fit,0
9390,fit,0
9391,validation,0
9392,calibration,0
9393,fit,0
9394,calibration,0
9395,validation,0
9396,fit,0
9397,validation,0
9398,calibration,0
9399,test,0
9400,validation,0
9401,validation,0
9402,fit,0
9403,validation,0
9404,fit,0
9405,fit,0
9406,fit,0
9407,validation,0
9408,fit,0
9409,test,0
9410,validation,0
9411,fit,0
9412,validation,0
9413,fit,0
9414,test,0
9415,test,0
9416,calibration,0
9417,test,0
9418,validation,0
9419,fit,0
9420,fit,0
9421,fit,0
9422,fit,0
9423,test,0
9424,fit,0
9425,fit,0
9426,fit,0
9427,fit,0
9428,validation,0
9429,fit,0
9430,test,0
9431,fit,0
9432,validation,0
9433,fit,0
9434,fit,0
9435,calibration,0
9436,fit,0
9437,validation,0
9438,calibration,0
9439,test,0
9440,validation,0
9441,fit,0
9442,validation,0
9443,test,0
9444,fit,0
9445,fit,0
9446,test,0
9447,fit,0
9448,fit,0
9449,fit,0
9450,test,0
9451,calibration,0
9452,validation,0
9453,test,0
9454,fit,0
9455,fit,0
9456,fit,0
9457,calibration,0
9458,fit,0
9459,validation,0
9460,test,0
9461,fit,0
9462,fit,0
9463,fit,0
9464,validation,0
9465,fit,0
9466,fit,0
9467,fit,0
9468,fit,0
9469,calibration,0
9470,test,0
9471,fit,0
9472,fit,0
9473,calibration,0
9474,validation,0
9475,fit,0
9476,fit,0
9477,validation,0
9478,fit,0
9479,calibration,0
9480,test,0
9481,test,0
9482,validation,0
9483,fit,0
9484,fit,0
9485,validation,0
9486,fit,0
9487,validation,0
9488,fit,0
9489,fit,0
9490,calibration,0
9491,fit,0
9492,calibration,0
9493,fit,0
9494,fit,0
9495,validation,0
9496,fit,0
9497,fit,0
9498,fit,0
9499,fit,0
9500,test,0
9501,calibration,0
9502,test,0
9503,validation,0
9504,test,0
9505,fit,0
9506,calibration,0
9507,calibration,0
9508,calibration,0
9509,test,0
9510,test,0
9511,test,0
9512,fit,0
9513,calibration,0
9514,calibration,0
9515,test,0
9516,fit,0
9517,test,0
9518,validation,0
9519,validation,0
9520,fit,0
9521,validation,0
9522,validation,0
9523,fit,0
9524,fit,0
9525,validation,0
9526,fit,0
9527,fit,0
9528,calibration,0
9529,validation,0
9530,fit,0
9531,test,0
9532,test,0
9533,fit,0
9534,validation,0
9535,validation,0
9536,calibration,0
9537,test,0
9538,fit,0
9539,fit,0
9540,test,0
9541,fit,0
9542,fit,0
9543,test,0
9544,test,0
9545,validation,0
9546,test,0
9547,fit,0
9548,fit,0
9549,fit,0
9550,test,0
9551,test,0
9552,validation,0
9553,test,0
9554,validation,0
9555,test,0
9556,fit,0
9557,calibration,0
9558,calibration,0
9559,fit,0
9560,test,0
9561,validation,0
9562,calibration,0
9563,calibration,0
9564,fit,0
9565,validation,0
9566,validation,0
9567,test,0
9568,test,0
9569,fit,0
9570,fit,0
9571,test,0
9572,validation,0
9573,test,0
9574,fit,0
9575,validation,0
9576,fit,0
9577,fit,0
9578,validation,0
9579,test,0
9580,fit,0
9581,calibration,0
9582,fit,0
9583,fit,0
9584,validation,0
9585,fit,0
9586,test,0
9587,validation,0
9588,test,0
9589,validation,0
9590,fit,0
9591,test,0
9592,fit,0
9593,validation,0
9594,test,0
9595,validation,0
9596,fit,0
9597,fit,0
9598,calibration,0
9599,fit,0
9600,calibration,0
9601,fit,0
9602,fit,0
9603,fit,0
9604,fit,0
9605,fit,0
9606,fit,0
9607,test,0
9608,test,0
9609,fit,0
9610,fit,0
9611,fit,0
9612,fit,0
9613,validation,0
9614,fit,0
9615,validation,0
9616,fit,0
9617,fit,0
9618,calibration,0
9619,test,0
9620,validation,0
9621,fit,0
9622,fit,0
9623,fit,0
9624,validation,0
9625,validation,0
9626,test,0
9627,calibration,0
9628,validation,0
9629,validation,0
9630,calibration,0
9631,fit,0
9632,test,0
9633,calibration,0
9634,validation,0
9635,fit,0
9636,test,0
9637,fit,0
9638,fit,0
9639,test,0
9640,fit,0
9641,validation,0
9642,test,0
9643,fit,0
9644,fit,0
9645,calibration,0
9646,fit,0
9647,fit,0
9648,validation,0
9649,fit,0
9650,fit,0
9651,fit,0
9652,fit,0
9653,test,0
9654,fit,0
9655,test,0
9656,test,0
9657,calibration,0
9658,test,0
9659,validation,0
9660,fit,0
9661,fit,0
9662,fit,0
9663,fit,0
9664,validation,0
9665,test,0
9666,fit,0
9667,fit,0
9668,fit,0
9669,calibration,0
9670,validation,0
9671,fit,0
9672,fit,0
9673,fit,0
9674,validation,0
9675,fit,0
9676,fit,0
9677,validation,0
9678,validation,0
9679,calibration,0
9680,fit,0
9681,fit,0
9682,calibration,0
9683,fit,0
9684,test,0
9685,validation,0
9686,fit,0
9687,test,0
9688,validation,0
9689,calibration,0
9690,calibration,0
9691,validation,0
9692,calibration,0
9693,fit,0
9694,validation,0
9695,validation,0
9696,test,0
9697,validation,0
9698,validation,0
9699,fit,0
9700,test,0
9701,validation,0
9702,test,0
9703,calibration,0
9704,fit,0
9705,test,0
9706,test,0
9707,fit,0
9708,validation,0
9709,fit,0
9710,fit,0
9711,fit,0
9712,validation,0
9713,calibration,0
9714,test,0
9715,validation,0
9716,test,0
9717,fit,0
9718,fit,0
9719,calibration,0
9720,fit,0
9721,test,0
9722,fit,0
9723,fit,0
9724,calibration,0
9725,validation,0
9726,fit,0
9727,fit,0
9728,fit,0
9729,calibration,0
9730,fit,0
9731,fit,0
9732,fit,0
9733,fit,0
9734,fit,0
9735,fit,0
9736,validation,0
9737,validation,0
9738,fit,0
9739,test,0
9740,fit,0
9741,fit,0
9742,fit,0
9743,fit,0
9744,calibration,0
9745,validation,0
9746,validation,0
9747,test,0
9748,calibration,0
9749,test,0
9750,calibration,0
9751,fit,0
9752,validation,0
9753,fit,0
9754,fit,0
9755,validation,0
9756,fit,0
9757,test,0
9758,fit,0
9759,fit,0
9760,fit,0
9761,calibration,0
9762,test,0
9763,fit,0
9764,fit,0
9765,calibration,0
9766,fit,0
9767,validation,0
9768,validation,0
9769,test,0
9770,calibration,0
9771,fit,0
9772,test,0
9773,test,0
9774,test,0
9775,test,0
9776,fit,0
9777,test,0
9778,fit,0
9779,validation,0
9780,calibration,0
9781,validation,0
9782,fit,0
9783,fit,0
9784,fit,0
9785,fit,0
9786,validation,0
9787,test,0
9788,validation,0
9789,fit,0
9790,fit,0
9791,test,0
9792,fit,0
9793,test,0
9794,fit,0
9795,validation,0
9796,validation,0
9797,test,0
9798,fit,0
9799,fit,0
9800,validation,0
9801,calibration,0
9802,fit,0
9803,fit,0
9804,validation,0
9805,fit,0
9806,fit,0
9807,fit,0
9808,calibration,0
9809,validation,0
9810,fit,0
9811,fit,0
9812,calibration,0
9813,calibration,0
9814,test,0
9815,fit,0
9816,fit,0
9817,calibration,0
9818,validation,0
9819,calibration,0
9820,fit,0
9821,validation,0
9822,validation,0
9823,test,0
9824,validation,0
9825,fit,0
9826,calibration,0
9827,fit,0
9828,test,0
9829,fit,0
9830,validation,0
9831,fit,0
9832,fit,0
9833,validation,0
9834,test,0
9835,fit,0
9836,test,0
9837,fit,0
9838,fit,0
9839,validation,0
9840,validation,0
9841,calibration,0
9842,fit,0
9843,fit,0
9844,fit,0
9845,fit,0
9846,fit,0
9847,fit,0
9848,test,0
9849,test,0
9850,fit,0
9851,validation,0
9852,calibration,0
9853,fit,0
9854,test,0
9855,fit,0
9856,validation,0
9857,fit,0
9858,test,0
9859,fit,0
9860,test,0
9861,validation,0
9862,fit,0
9863,fit,0
9864,fit,0
9865,fit,0
9866,validation,0
9867,fit,0
9868,fit,0
9869,validation,0
9870,calibration,0
9871,fit,0
9872,fit,0
9873,fit,0
9874,test,0
9875,fit,0
9876,fit,0
9877,calibration,0
9878,fit,0
9879,fit,0
9880,fit,0
9881,fit,0
9882,test,0
9883,test,0
9884,calibration,0
9885,fit,0
9886,fit,0
9887,fit,0
9888,fit,0
9889,test,0
9890,validation,0
9891,validation,0
9892,validation,0
9893,fit,0
9894,fit,0
9895,test,0
9896,test,0
9897,validation,0
9898,fit,0
9899,validation,0
9900,validation,0
9901,fit,0
9902,fit,0
9903,fit,0
9904,calibration,0
9905,fit,0
9906,fit,0
9907,test,0
9908,fit,0
9909,validation,0
9910,test,0
9911,calibration,0
9912,calibration,0
9913,fit,0
9914,test,0
9915,fit,0
9916,validation,0
9917,validation,0
9918,fit,0
9919,fit,0
9920,fit,0
9921,fit,0
9922,fit,0
9923,fit,0
9924,fit,0
9925,fit,0
9926,validation,0
9927,fit,0
9928,test,0
9929,fit,0
9930,test,0
9931,calibration,0
9932,validation,0
9933,calibration,0
9934,validation,0
9935,test,0
9936,calibration,0
9937,test,0
9938,fit,0
9939,fit,0
9940,fit,0
9941,fit,0
9942,fit,0
9943,fit,0
9944,fit,0
9945,validation,0
9946,validation,0
9947,test,0
9948,validation,0
9949,fit,0
9950,validation,0
9951,fit,0
9952,calibration,0
9953,fit,0
9954,fit,0
9955,validation,0
9956,validation,0
9957,calibration,0
9958,test,0
9959,calibration,0
9960,fit,0
9961,test,0
9962,validation,0
9963,calibration,0
9964,validation,0
9965,test,0
9966,validation,0
9967,fit,0
9968,test,0
9969,validation,0
9970,validation,0
9971,test,0
9972,validation,0
9973,test,0
9974,fit,0
9975,test,0
9976,test,0
9977,test,0
9978,validation,0
9979,validation,0
9980,test,0
9981,calibration,0
9982,fit,0
9983,validation,0
9984,fit,0
9985,test,0
9986,fit,0
9987,test,0
9988,fit,0
9989,calibration,0
9990,fit,0
9991,fit,0
9992,fit,0
9993,test,0
9994,test,0
9995,validation,0
9996,validation,0
9997,test,0
9998,test,0
9999,fit,0
10000,fit,0
10001,test,0
10002,test,0
10003,fit,0
10004,calibration,0
10005,fit,0
10006,fit,0
10007,test,0
10008,validation,0
10009,test,0
10010,fit,0
10011,calibration,0
10012,fit,0
10013,fit,0
10014,calibration,0
10015,fit,0
10016,fit,0
10017,fit,0
10018,test,0
10019,fit,0
10020,validation,0
10021,fit,0
10022,fit,0
10023,test,0
10024,fit,0
10025,fit,0
10026,validation,0
10027,fit,0
10028,fit,0
10029,validation,0
10030,test,0
10031,fit,0
10032,validation,0
10033,fit,0
10034,fit,0
10035,validation,0
10036,fit,0
10037,fit,0
10038,fit,0
10039,fit,0
10040,calibration,0
10041,test,0
10042,test,0
10043,validation,0
10044,test,0
10045,fit,0
10046,fit,0
10047,validation,0
10048,fit,0
10049,test,0
10050,fit,0
10051,fit,0
10052,fit,0
10053,fit,0
10054,calibration,0
10055,fit,0
10056,test,0
10057,calibration,0
10058,test,0
10059,fit,0
10060,calibration,0
10061,test,0
10062,test,0
10063,fit,0
10064,validation,0
10065,fit,0
10066,fit,0
10067,fit,0
10068,fit,0
10069,fit,0
10070,fit,0
10071,fit,0
10072,fit,0
10073,test,0
10074,fit,0
10075,calibration,0
10076,calibration,0
10077,validation,0
10078,validation,0
10079,fit,0
10080,calibration,0
10081,validation,0
10082,fit,0
10083,calibration,0
10084,fit,0
10085,fit,0
10086,fit,0
10087,test,0
10088,fit,0
10089,test,0
10090,fit,0
10091,calibration,0
10092,calibration,0
10093,fit,0
10094,calibration,0
10095,fit,0
10096,validation,0
10097,validation,0
10098,fit,0
10099,fit,0
10100,fit,0
10101,validation,0
10102,validation,0
10103,fit,0
10104,fit,0
10105,fit,0
10106,fit,0
10107,fit,0
10108,fit,0
10109,calibration,0
10110,fit,0
10111,test,0
10112,calibration,0
10113,fit,0
10114,validation,0
10115,validation,0
10116,validation,0
10117,calibration,0
10118,fit,0
10119,validation,0
10120,validation,0
10121,validation,0
10122,fit,0
10123,calibration,0
10124,test,0
10125,calibration,0
10126,validation,0
10127,fit,0
10128,fit,0
10129,fit,0
10130,test,0
10131,fit,0
10132,test,0
10133,fit,0
10134,fit,0
10135,test,0
10136,fit,0
10137,fit,0
10138,calibration,0
10139,fit,0
10140,calibration,0
10141,test,0
10142,fit,0
10143,test,0
10144,test,0
10145,validation,0
10146,validation,0
10147,calibration,0
10148,fit,0
10149,fit,0
10150,fit,0
10151,test,0
10152,validation,0
10153,validation,0
10154,fit,0
10155,validation,0
10156,fit,0
10157,validation,0
10158,fit,0
10159,validation,0
10160,calibration,0
10161,fit,0
10162,fit,0
10163,validation,0
10164,validation,0
10165,fit,0
10166,validation,0
10167,test,0
10168,fit,0
10169,fit,0
10170,calibration,0
10171,fit,0
10172,fit,0
10173,calibration,0
10174,fit,0
10175,validation,0
10176,validation,0
10177,fit,0
10178,fit,0
10179,test,0
10180,test,0
10181,validation,0
10182,fit,0
10183,calibration,0
10184,validation,0
10185,validation,0
10186,test,0
10187,validation,0
10188,test,0
10189,calibration,0
10190,calibration,0
10191,test,0
10192,fit,0
10193,test,0
10194,fit,0
10195,fit,0
10196,fit,0
10197,calibration,0
10198,calibration,0
10199,validation,0
10200,calibration,0
10201,fit,0
10202,calibration,0
10203,validation,0
10204,validation,0
10205,fit,0
10206,fit,0
10207,calibration,0
10208,test,0
10209,calibration,0
10210,test,0
10211,test,0
10212,fit,0
10213,calibration,0
10214,validation,0
10215,validation,0
10216,test,0
10217,test,0
10218,test,0
10219,validation,0
10220,fit,0
10221,validation,0
10222,validation,0
10223,validation,0
10224,calibration,0
10225,validation,0
10226,fit,0
10227,fit,0
10228,fit,0
10229,test,0
10230,fit,0
10231,test,0
10232,fit,0
10233,fit,0
10234,calibration,0
10235,fit,0
10236,validation,0
10237,fit,0
10238,fit,0
10239,validation,0
10240,calibration,0
10241,fit,0
10242,fit,0
10243,fit,0
10244,test,0
10245,test,0
10246,fit,0
10247,validation,0
10248,fit,0
10249,validation,0
10250,validation,0
10251,fit,0
10252,calibration,0
10253,calibration,0
10254,validation,0
10255,fit,0
10256,fit,0
10257,fit,0
10258,fit,0
10259,test,0
10260,fit,0
10261,validation,0
10262,fit,0
10263,validation,0
10264,fit,0
10265,validation,0
10266,calibration,0
10267,calibration,0
10268,calibration,0
10269,fit,0
10270,fit,0
10271,fit,0
10272,fit,0
10273,fit,0
10274,fit,0
10275,fit,0
10276,fit,0
10277,validation,0
10278,fit,0
10279,test,0
10280,fit,0
10281,test,0
10282,calibration,0
10283,test,0
10284,calibration,0
10285,fit,0
10286,test,0
10287,calibration,0
10288,validation,0
10289,test,0
10290,fit,0
10291,calibration,0
10292,fit,0
10293,fit,0
10294,validation,0
10295,fit,0
10296,fit,0
10297,test,0
10298,test,0
10299,validation,0
10300,calibration,0
10301,fit,0
10302,validation,0
10303,validation,0
10304,fit,0
10305,fit,0
10306,fit,0
10307,fit,0
10308,fit,0
10309,fit,0
10310,validation,0
10311,validation,0
10312,validation,0
10313,test,0
10314,validation,0
10315,fit,0
10316,calibration,0
10317,fit,0
10318,fit,0
10319,fit,0
10320,fit,0
10321,fit,0
10322,validation,0
10323,calibration,0
10324,test,0
10325,calibration,0
10326,test,0
10327,fit,0
10328,validation,0
10329,validation,0
10330,test,0
10331,validation,0
10332,calibration,0
10333,fit,0
10334,fit,0
10335,test,0
10336,fit,0
10337,validation,0
10338,validation,0
10339,validation,0
10340,test,0
10341,validation,0
10342,fit,0
10343,validation,0
10344,fit,0
10345,fit,0
10346,calibration,0
10347,validation,0
10348,test,0
10349,fit,0
10350,test,0
10351,fit,0
10352,calibration,0
10353,fit,0
10354,test,0
10355,fit,0
10356,fit,0
10357,fit,0
10358,test,0
10359,calibration,0
10360,validation,0
10361,fit,0
10362,fit,0
10363,calibration,0
10364,fit,0
10365,fit,0
10366,calibration,0
10367,test,0
10368,fit,0
10369,validation,0
10370,fit,0
10371,calibration,0
10372,fit,0
10373,fit,0
10374,fit,0
10375,fit,0
10376,fit,0
10377,test,0
10378,fit,0
10379,test,0
10380,test,0
10381,validation,0
10382,test,0
10383,test,0
10384,validation,0
10385,fit,0
10386,test,0
10387,test,0
10388,fit,0
10389,fit,0
10390,validation,0
10391,calibration,0
10392,calibration,0
10393,validation,0
10394,fit,0
10395,fit,0
10396,test,0
10397,fit,0
10398,test,0
10399,fit,0
10400,fit,0
10401,validation,0
10402,fit,0
10403,validation,0
10404,calibration,0
10405,fit,0
10406,validation,0
10407,fit,0
10408,fit,0
10409,validation,0
10410,fit,0
10411,validation,0
10412,fit,0
10413,validation,0
10414,calibration,0
10415,test,0
10416,test,0
10417,calibration,0
10418,test,0
10419,test,0
10420,calibration,0
10421,test,0
10422,validation,0
10423,fit,0
10424,test,0
10425,validation,0
10426,test,0
10427,test,0
10428,fit,0
10429,fit,0
10430,fit,0
10431,fit,0
10432,fit,0
10433,test,0
10434,validation,0
10435,fit,0
10436,test,0
10437,fit,0
10438,calibration,0
10439,fit,0
10440,fit,0
10441,test,0
10442,fit,0
10443,fit,0
10444,validation,0
10445,fit,0
10446,fit,0
10447,test,0
10448,fit,0
10449,fit,0
10450,validation,0
10451,fit,0
10452,fit,0
10453,fit,0
10454,calibration,0
10455,test,0
10456,test,0
10457,fit,0
10458,calibration,0
10459,validation,0
10460,calibration,0
10461,calibration,0
10462,calibration,0
10463,validation,0
10464,validation,0
10465,fit,0
10466,test,0
10467,validation,0
10468,test,0
10469,fit,0
10470,fit,0
10471,test,0
10472,fit,0
10473,test,0
10474,fit,0
10475,test,0
10476,validation,0
10477,fit,0
10478,fit,0
10479,calibration,0
10480,fit,0
10481,test,0
10482,test,0
10483,fit,0
10484,calibration,0
10485,test,0
10486,fit,0
10487,fit,0
10488,test,0
10489,fit,0
10490,fit,0
10491,calibration,0
10492,calibration,0
10493,validation,0
10494,fit,0
10495,fit,0
10496,test,0
10497,fit,0
10498,fit,0
10499,calibration,0
10500,fit,0
10501,test,0
10502,fit,0
10503,validation,0
10504,fit,0
10505,fit,0
10506,calibration,0
10507,fit,0
10508,fit,0
10509,calibration,0
10510,test,0
10511,fit,0
10512,test,0
10513,fit,0
10514,fit,0
10515,fit,0
10516,fit,0
10517,fit,0
10518,validation,0
10519,calibration,0
10520,validation,0
10521,test,0
10522,fit,0
10523,fit,0
10524,validation,0
10525,calibration,0
10526,fit,0
10527,validation,0
10528,fit,0
10529,test,0
10530,fit,0
10531,calibration,0
10532,fit,0
10533,test,0
10534,fit,0
10535,fit,0
10536,calibration,0
10537,calibration,0
10538,test,0
10539,validation,0
10540,validation,0
10541,validation,0
10542,fit,0
10543,validation,0
10544,fit,0
10545,validation,0
10546,fit,0
10547,fit,0
10548,validation,0
10549,fit,0
10550,validation,0
10551,fit,0
10552,validation,0
10553,calibration,0
10554,fit,0
10555,test,0
10556,fit,0
10557,fit,0
10558,test,0
10559,fit,0
10560,validation,0
10561,fit,0
10562,validation,0
10563,fit,0
10564,calibration,0
10565,calibration,0
10566,fit,0
10567,fit,0
10568,test,0
10569,calibration,0
10570,validation,0
10571,validation,0
10572,fit,0
10573,fit,0
10574,fit,0
10575,calibration,0
10576,calibration,0
10577,calibration,0
10578,calibration,0
10579,calibration,0
10580,test,0
10581,test,0
10582,calibration,0
10583,test,0
10584,fit,0
10585,calibration,0
10586,test,0
10587,fit,0
10588,fit,0
10589,fit,0
10590,test,0
10591,validation,0
10592,fit,0
10593,validation,0
10594,test,0
10595,fit,0
10596,calibration,0
10597,fit,0
10598,fit,0
10599,test,0
10600,validation,0
10601,fit,0
10602,fit,0
10603,fit,0
10604,fit,0
10605,fit,0
10606,fit,0
10607,fit,0
10608,fit,0
10609,calibration,0
10610,fit,0
10611,validation,0
10612,validation,0
10613,fit,0
10614,test,0
10615,validation,0
10616,calibration,0
10617,fit,0
10618,test,0
10619,fit,0
10620,calibration,0
10621,calibration,0
10622,test,0
10623,validation,0
10624,test,0
10625,fit,0
10626,validation,0
10627,calibration,0
10628,test,0
10629,test,0
10630,test,0
10631,fit,0
10632,fit,0
10633,test,0
10634,fit,0
10635,calibration,0
10636,validation,0
10637,validation,0
10638,validation,0
10639,fit,0
10640,fit,0
10641,calibration,0
10642,test,0
10643,calibration,0
10644,validation,0
10645,validation,0
10646,fit,0
10647,fit,0
10648,fit,0
10649,fit,0
10650,test,0
10651,fit,0
10652,validation,0
10653,validation,0
10654,fit,0
10655,fit,0
10656,fit,0
10657,test,0
10658,validation,0
10659,fit,0
10660,test,0
10661,fit,0
10662,fit,0
10663,fit,0
10664,test,0
10665,calibration,0
10666,fit,0
10667,calibration,0
10668,fit,0
10669,fit,0
10670,validation,0
10671,validation,0
10672,fit,0
10673,test,0
10674,fit,0
10675,validation,0
10676,fit,0
10677,test,0
10678,fit,0
10679,fit,0
10680,fit,0
10681,fit,0
10682,validation,0
10683,test,0
10684,validation,0
10685,calibration,0
10686,validation,0
10687,fit,0
10688,test,0
10689,fit,0
10690,fit,0
10691,fit,0
10692,calibration,0
10693,validation,0
10694,calibration,0
10695,fit,0
10696,validation,0
10697,fit,0
10698,test,0
10699,fit,0
10700,fit,0
10701,test,0
10702,test,0
10703,fit,0
10704,fit,0
10705,fit,0
10706,fit,0
10707,test,0
10708,validation,0
10709,validation,0
10710,fit,0
10711,fit,0
10712,test,0
10713,fit,0
10714,fit,0
10715,fit,0
10716,calibration,0
10717,fit,0
10718,validation,0
10719,fit,0
10720,calibration,0
10721,validation,0
10722,fit,0
10723,fit,0
10724,validation,0
10725,fit,0
10726,test,0
10727,calibration,0
10728,fit,0
10729,test,0
10730,validation,0
10731,fit,0
10732,fit,0
10733,fit,0
10734,calibration,0
10735,fit,0
10736,validation,0
10737,fit,0
10738,calibration,0
10739,validation,0
10740,fit,0
10741,fit,0
10742,fit,0
10743,test,0
10744,validation,0
10745,validation,0
10746,validation,0
10747,calibration,0
10748,fit,0
10749,fit,0
10750,test,0
10751,fit,0
10752,fit,0
10753,fit,0
10754,test,0
10755,fit,0
10756,calibration,0
10757,test,0
10758,fit,0
10759,validation,0
10760,fit,0
10761,test,0
10762,calibration,0
10763,validation,0
10764,fit,0
10765,test,0
10766,test,0
10767,calibration,0
10768,fit,0
10769,calibration,0
10770,fit,0
10771,test,0
10772,calibration,0
10773,fit,0
10774,calibration,0
10775,validation,0
10776,fit,0
10777,fit,0
10778,test,0
10779,test,0
10780,fit,0
10781,validation,0
10782,calibration,0
10783,test,0
10784,calibration,0
10785,calibration,0
10786,test,0
10787,fit,0
10788,calibration,0
10789,validation,0
10790,fit,0
10791,test,0
10792,test,0
10793,test,0
10794,fit,0
10795,validation,0
10796,fit,0
10797,test,0
10798,fit,0
10799,test,0
10800,fit,0
10801,calibration,0
10802,validation,0
10803,fit,0
10804,fit,0
10805,fit,0
10806,validation,0
10807,validation,0
10808,validation,0
10809,calibration,0
10810,fit,0
10811,fit,0
10812,fit,0
10813,calibration,0
10814,fit,0
10815,fit,0
10816,fit,0
10817,fit,0
10818,fit,0
10819,validation,0
10820,fit,0
10821,test,0
10822,test,0
10823,calibration,0
10824,test,0
10825,calibration,0
10826,calibration,0
10827,fit,0
10828,test,0
10829,validation,0
10830,fit,0
10831,test,0
10832,fit,0
10833,fit,0
10834,calibration,0
10835,validation,0
10836,fit,0
10837,fit,0
10838,calibration,0
10839,fit,0
10840,fit,0
10841,fit,0
10842,fit,0
10843,test,0
10844,calibration,0
10845,fit,0
10846,fit,0
10847,fit,0
10848,validation,0
10849,fit,0
10850,calibration,0
10851,fit,0
10852,validation,0
10853,validation,0
10854,fit,0
10855,fit,0
10856,test,0
10857,fit,0
10858,validation,0
10859,fit,0
10860,validation,0
10861,fit,0
10862,test,0
10863,validation,0
10864,calibration,0
10865,fit,0
10866,test,0
10867,fit,0
10868,validation,0
10869,calibration,0
10870,fit,0
10871,validation,0
10872,fit,0
10873,fit,0
10874,test,0
10875,test,0
10876,fit,0
10877,fit,0
10878,calibration,0
10879,validation,0
10880,fit,0
10881,fit,0
10882,validation,0
10883,test,0
10884,validation,0
10885,fit,0
10886,fit,0
10887,fit,0
10888,fit,0
10889,fit,0
10890,validation,0
10891,validation,0
10892,validation,0
10893,calibration,0
10894,fit,0
10895,test,0
10896,test,0
10897,validation,0
10898,fit,0
10899,fit,0
10900,fit,0
10901,calibration,0
10902,fit,0
10903,fit,0
10904,fit,0
10905,test,0
10906,validation,0
10907,validation,0
10908,fit,0
10909,validation,0
10910,calibration,0
10911,fit,0
10912,fit,0
10913,fit,0
10914,fit,0
10915,validation,0
10916,test,0
10917,validation,0
10918,fit,0
10919,fit,0
10920,calibration,0
10921,calibration,0
10922,test,0
10923,validation,0
10924,fit,0
10925,validation,0
10926,calibration,0
10927,validation,0
10928,test,0
10929,test,0
10930,fit,0
10931,fit,0
10932,fit,0
10933,test,0
10934,fit,0
10935,fit,0
10936,test,0
10937,fit,0
10938,fit,0
10939,test,0
10940,test,0
10941,fit,0
10942,test,0
10943,calibration,0
10944,fit,0
10945,validation,0
10946,fit,0
10947,fit,0
10948,fit,0
10949,test,0
10950,test,0
10951,test,0
10952,calibration,0
10953,fit,0
10954,validation,0
10955,calibration,0
10956,fit,0
10957,fit,0
10958,validation,0
10959,validation,0
10960,calibration,0
10961,fit,0
10962,test,0
10963,calibration,0
10964,fit,0
10965,fit,0
10966,calibration,0
10967,test,0
10968,test,0
10969,test,0
10970,fit,0
10971,calibration,0
10972,test,0
10973,fit,0
10974,fit,0
10975,validation,0
10976,fit,0
10977,fit,0
10978,test,0
10979,fit,0
10980,test,0
10981,fit,0
10982,calibration,0
10983,fit,0
10984,fit,0
10985,test,0
10986,calibration,0
10987,test,0
10988,fit,0
10989,validation,0
10990,fit,0
10991,fit,0
10992,fit,0
10993,fit,0
10994,fit,0
10995,test,0
10996,validation,0
10997,validation,0
10998,test,0
10999,validation,0
11000,validation,0
11001,fit,0
11002,fit,0
11003,fit,0
11004,calibration,0
11005,validation,0
11006,test,0
11007,fit,0
11008,test,0
11009,fit,0
11010,fit,0
11011,validation,0
11012,test,0
11013,calibration,0
11014,test,0
11015,calibration,0
11016,fit,0
11017,fit,0
11018,fit,0
11019,test,0
11020,validation,0
11021,fit,0
11022,fit,0
11023,test,0
11024,validation,0
11025,test,0
11026,fit,0
11027,fit,0
11028,calibration,0
11029,fit,0
11030,fit,0
11031,fit,0
11032,fit,0
11033,calibration,0
11034,fit,0
11035,fit,0
11036,test,0
11037,test,0
11038,fit,0
11039,test,0
11040,fit,0
11041,fit,0
11042,fit,0
11043,validation,0
11044,fit,0
11045,fit,0
11046,calibration,0
11047,calibration,0
11048,validation,0
11049,test,0
11050,validation,0
11051,calibration,0
11052,calibration,0
11053,validation,0
11054,fit,0
11055,validation,0
11056,fit,0
11057,calibration,0
11058,validation,0
11059,calibration,0
11060,calibration,0
11061,validation,0
11062,test,0
11063,test,0
11064,test,0
11065,test,0
11066,fit,0
11067,validation,0
11068,validation,0
11069,validation,0
11070,test,0
11071,fit,0
11072,test,0
11073,fit,0
11074,calibration,0
11075,fit,0
11076,fit,0
11077,validation,0
11078,validation,0
11079,calibration,0
11080,test,0
11081,test,0
11082,validation,0
11083,calibration,0
11084,test,0
11085,test,0
11086,fit,0
11087,fit,0
11088,fit,0
11089,test,0
11090,fit,0
11091,fit,0
11092,fit,0
11093,fit,0
11094,calibration,0
11095,fit,0
11096,calibration,0
11097,calibration,0
11098,validation,0
11099,test,0
11100,calibration,0
11101,fit,0
11102,test,0
11103,calibration,0
11104,fit,0
11105,fit,0
11106,fit,0
11107,validation,0
11108,validation,0
11109,validation,0
11110,test,0
11111,fit,0
11112,validation,0
11113,fit,0
11114,fit,0
11115,validation,0
11116,fit,0
11117,validation,0
11118,validation,0
11119,calibration,0
11120,fit,0
11121,fit,0
11122,fit,0
11123,calibration,0
11124,validation,0
11125,fit,0
11126,fit,0
11127,fit,0
11128,fit,0
11129,validation,0
11130,fit,0
11131,fit,0
11132,calibration,0
11133,fit,0
11134,fit,0
11135,fit,0
11136,test,0
11137,test,0
11138,test,0
11139,fit,0
11140,fit,0
11141,calibration,0
11142,test,0
11143,validation,0
11144,calibration,0
11145,calibration,0
11146,calibration,0
11147,test,0
11148,fit,0
11149,fit,0
11150,fit,0
11151,fit,0
11152,fit,0
11153,calibration,0
11154,test,0
11155,validation,0
11156,calibration,0
11157,fit,0
11158,validation,0
11159,fit,0
11160,fit,0
11161,fit,0
11162,calibration,0
11163,test,0
11164,fit,0
11165,fit,0
11166,fit,0
11167,fit,0
11168,fit,0
11169,test,0
11170,fit,0
11171,fit,0
11172,fit,0
11173,fit,0
11174,validation,0
11175,test,0
11176,test,0
11177,fit,0
11178,fit,0
11179,calibration,0
11180,calibration,0
11181,calibration,0
11182,test,0
11183,calibration,0
11184,fit,0
11185,fit,0
11186,calibration,0
11187,test,0
11188,test,0
11189,test,0
11190,test,0
11191,calibration,0
11192,test,0
11193,fit,0
11194,fit,0
11195,validation,0
11196,test,0
11197,validation,0
11198,validation,0
11199,test,0
11200,fit,0
11201,fit,0
11202,fit,0
11203,fit,0
11204,fit,0
11205,calibration,0
11206,fit,0
11207,fit,0
11208,fit,0
11209,fit,0
11210,validation,0
11211,validation,0
11212,calibration,0
11213,test,0
11214,fit,0
11215,fit,0
11216,validation,0
11217,fit,0
11218,test,0
11219,validation,0
11220,test,0
11221,test,0
11222,validation,0
11223,calibration,0
11224,fit,0
11225,fit,0
11226,fit,0
11227,validation,0
11228,calibration,0
11229,fit,0
11230,fit,0
11231,validation,0
11232,fit,0
11233,calibration,0
11234,test,0
11235,fit,0
11236,fit,0
11237,validation,0
11238,fit,0
11239,validation,0
11240,fit,0
11241,fit,0
11242,validation,0
11243,test,0
11244,calibration,0
11245,fit,0
11246,calibration,0
11247,test,0
11248,fit,0
11249,calibration,0
11250,calibration,0
11251,fit,0
11252,validation,0
11253,calibration,0
11254,test,0
11255,calibration,0
11256,test,0
11257,validation,0
11258,fit,0
11259,test,0
11260,validation,0
11261,validation,0
11262,fit,0
11263,fit,0
11264,validation,0
11265,validation,0
11266,calibration,0
11267,validation,0
11268,fit,0
11269,calibration,0
11270,fit,0
11271,validation,0
11272,test,0
11273,calibration,0
11274,validation,0
11275,fit,0
11276,test,0
11277,fit,0
11278,fit,0
11279,validation,0
11280,test,0
11281,fit,0
11282,fit,0
11283,fit,0
11284,test,0
11285,validation,0
11286,test,0
11287,validation,0
11288,fit,0
11289,fit,0
11290,fit,0
11291,fit,0
11292,validation,0
11293,test,0
11294,fit,0
11295,calibration,0
11296,validation,0
11297,validation,0
11298,test,0
11299,fit,0
11300,fit,0
11301,test,0
11302,validation,0
11303,fit,0
11304,test,0
11305,fit,0
11306,fit,0
11307,validation,0
11308,fit,0
11309,calibration,0
11310,fit,0
11311,validation,0
11312,validation,0
11313,calibration,0
11314,fit,0
11315,test,0
11316,fit,0
11317,test,0
11318,fit,0
11319,test,0
11320,fit,0
11321,fit,0
11322,test,0
11323,test,0
11324,test,0
11325,fit,0
11326,fit,0
11327,test,0
11328,test,0
11329,calibration,0
11330,validation,0
11331,fit,0
11332,validation,0
11333,calibration,0
11334,calibration,0
11335,test,0
11336,calibration,0
11337,fit,0
11338,test,0
11339,validation,0
11340,validation,0
11341,validation,0
11342,fit,0
11343,fit,0
11344,calibration,0
11345,calibration,0
11346,fit,0
11347,fit,0
11348,test,0
11349,test,0
11350,calibration,0
11351,test,0
11352,calibration,0
11353,calibration,0
11354,validation,0
11355,validation,0
11356,test,0
11357,fit,0
11358,validation,0
11359,fit,0
11360,fit,0
11361,fit,0
11362,fit,0
11363,fit,0
11364,fit,0
11365,calibration,0
11366,fit,0
11367,validation,0
11368,validation,0
11369,fit,0
11370,test,0
11371,validation,0
11372,test,0
11373,fit,0
11374,test,0
11375,calibration,0
11376,test,0
11377,validation,0
11378,validation,0
11379,test,0
11380,test,0
11381,fit,0
11382,calibration,0
11383,test,0
11384,fit,0
11385,calibration,0
11386,validation,0
11387,calibration,0
11388,validation,0
11389,fit,0
11390,validation,0
11391,fit,0
11392,fit,0
11393,validation,0
11394,fit,0
11395,fit,0
11396,fit,0
11397,fit,0
11398,validation,0
11399,validation,0
11400,validation,0
11401,fit,0
11402,fit,0
11403,calibration,0
11404,validation,0
11405,fit,0
11406,validation,0
11407,validation,0
11408,fit,0
11409,validation,0
11410,fit,0
11411,fit,0
11412,validation,0
11413,fit,0
11414,fit,0
11415,validation,0
11416,validation,0
11417,fit,0
11418,fit,0
11419,validation,0
11420,validation,0
11421,test,0
11422,calibration,0
11423,calibration,0
11424,validation,0
11425,fit,0
11426,validation,0
11427,fit,0
11428,validation,0
11429,fit,0
11430,test,0
11431,fit,0
11432,validation,0
11433,validation,0
11434,test,0
11435,fit,0
11436,fit,0
11437,validation,0
11438,calibration,0
11439,validation,0
11440,fit,0
11441,test,0
11442,fit,0
11443,validation,0
11444,test,0
11445,fit,0
11446,validation,0
11447,test,0
11448,validation,0
11449,fit,0
11450,calibration,0
11451,calibration,0
11452,fit,0
11453,test,0
11454,fit,0
11455,validation,0
11456,validation,0
11457,fit,0
11458,test,0
11459,validation,0
11460,test,0
11461,fit,0
11462,calibration,0
11463,fit,0
11464,validation,0
11465,validation,0
11466,fit,0
11467,fit,0
11468,fit,0
11469,validation,0
11470,validation,0
11471,validation,0
11472,fit,0
11473,test,0
11474,validation,0
11475,validation,0
11476,calibration,0
11477,validation,0
11478,test,0
11479,fit,0
11480,test,0
11481,fit,0
11482,fit,0
11483,validation,0
11484,calibration,0
11485,calibration,0
11486,calibration,0
11487,fit,0
11488,fit,0
11489,fit,0
11490,fit,0
11491,test,0
11492,fit,0
11493,validation,0
11494,validation,0
11495,calibration,0
11496,test,0
11497,fit,0
11498,test,0
11499,fit,0
11500,fit,0
11501,fit,0
11502,calibration,0
11503,calibration,0
11504,fit,0
11505,test,0
11506,fit,0
11507,calibration,0
11508,calibration,0
11509,validation,0
11510,fit,0
11511,calibration,0
11512,fit,0
11513,test,0
11514,fit,0
11515,validation,0
11516,calibration,0
11517,test,0
11518,validation,0
11519,calibration,0
11520,calibration,0
11521,validation,0
11522,fit,0
11523,fit,0
11524,test,0
11525,fit,0
11526,fit,0
11527,fit,0
11528,fit,0
11529,test,0
11530,validation,0
11531,test,0
11532,calibration,0
11533,test,0
11534,fit,0
11535,validation,0
11536,validation,0
11537,calibration,0
11538,fit,0
11539,fit,0
11540,test,0
11541,validation,0
11542,test,0
11543,test,0
11544,fit,0
11545,fit,0
11546,test,0
11547,fit,0
11548,fit,0
11549,validation,0
11550,calibration,0
11551,test,0
11552,validation,0
11553,fit,0
11554,fit,0
11555,test,0
11556,fit,0
11557,fit,0
11558,validation,0
11559,validation,0
11560,fit,0
11561,fit,0
11562,validation,0
11563,fit,0
11564,calibration,0
11565,fit,0
11566,validation,0
11567,calibration,0
11568,validation,0
11569,fit,0
11570,fit,0
11571,calibration,0
11572,test,0
11573,fit,0
11574,test,0
11575,validation,0
11576,validation,0
11577,validation,0
11578,fit,0
11579,fit,0
11580,fit,0
11581,calibration,0
11582,fit,0
11583,calibration,0
11584,calibration,0
11585,fit,0
11586,calibration,0
11587,test,0
11588,calibration,0
11589,fit,0
11590,calibration,0
11591,fit,0
11592,test,0
11593,validation,0
11594,fit,0
11595,test,0
11596,test,0
11597,calibration,0
11598,validation,0
11599,fit,0
11600,calibration,0
11601,calibration,0
11602,validation,0
11603,calibration,0
11604,test,0
11605,test,0
11606,fit,0
11607,fit,0
11608,fit,0
11609,fit,0
11610,validation,0
11611,fit,0
11612,fit,0
11613,validation,0
11614,test,0
11615,test,0
11616,test,0
11617,fit,0
11618,calibration,0
11619,fit,0
11620,fit,0
11621,fit,0
11622,validation,0
11623,fit,0
11624,fit,0
11625,validation,0
11626,test,0
11627,fit,0
11628,validation,0
11629,calibration,0
11630,validation,0
11631,fit,0
11632,test,0
11633,fit,0
11634,fit,0
11635,calibration,0
11636,fit,0
11637,fit,0
11638,validation,0
11639,fit,0
11640,test,0
11641,fit,0
11642,validation,0
11643,test,0
11644,test,0
11645,fit,0
11646,fit,0
11647,test,0
11648,calibration,0
11649,test,0
11650,test,0
11651,fit,0
11652,calibration,0
11653,test,0
11654,fit,0
11655,validation,0
11656,fit,0
11657,test,0
11658,validation,0
11659,calibration,0
11660,validation,0
11661,test,0
11662,fit,0
11663,test,0
11664,fit,0
11665,fit,0
11666,validation,0
11667,fit,0
11668,calibration,0
11669,test,0
11670,validation,0
11671,calibration,0
11672,fit,0
11673,validation,0
11674,fit,0
11675,test,0
11676,calibration,0
11677,fit,0
11678,test,0
11679,validation,0
11680,fit,0
11681,validation,0
11682,fit,0
11683,test,0
11684,fit,0
11685,validation,0
11686,test,0
11687,calibration,0
11688,validation,0
11689,validation,0
11690,fit,0
11691,fit,0
11692,fit,0
11693,fit,0
11694,calibration,0
11695,validation,0
11696,fit,0
11697,fit,0
11698,validation,0
11699,test,0
11700,fit,0
11701,test,0
11702,validation,0
11703,fit,0
11704,fit,0
11705,calibration,0
11706,fit,0
11707,fit,0
11708,validation,0
11709,test,0
11710,test,0
11711,fit,0
11712,test,0
11713,test,0
11714,fit,0
11715,fit,0
11716,fit,0
11717,fit,0
11718,test,0
11719,fit,0
11720,calibration,0
11721,validation,0
11722,fit,0
11723,validation,0
11724,calibration,0
11725,fit,0
11726,fit,0
11727,validation,0
11728,calibration,0
11729,test,0
11730,calibration,0
11731,test,0
11732,calibration,0
11733,test,0
11734,fit,0
11735,calibration,0
11736,fit,0
11737,fit,0
11738,test,0
11739,validation,0
11740,fit,0
11741,fit,0
11742,fit,0
11743,test,0
11744,fit,0
11745,calibration,0
11746,test,0
11747,test,0
11748,test,0
11749,validation,0
11750,validation,0
11751,test,0
11752,fit,0
11753,validation,0
11754,fit,0
11755,validation,0
11756,calibration,0
11757,fit,0
11758,fit,0
11759,fit,0
11760,calibration,0
11761,fit,0
11762,fit,0
11763,fit,0
11764,validation,0
11765,validation,0
11766,calibration,0
11767,test,0
11768,validation,0
11769,fit,0
11770,fit,0
11771,calibration,0
11772,validation,0
11773,test,0
11774,fit,0
11775,fit,0
11776,fit,0
11777,fit,0
11778,validation,0
11779,validation,0
11780,test,0
11781,fit,0
11782,fit,0
11783,validation,0
11784,fit,0
11785,test,0
11786,fit,0
11787,test,0
11788,validation,0
11789,fit,0
11790,validation,0
11791,test,0
11792,test,0
11793,fit,0
11794,validation,0
11795,test,0
11796,calibration,0
11797,calibration,0
11798,calibration,0
11799,calibration,0
11800,fit,0
11801,validation,0
11802,validation,0
11803,test,0
11804,fit,0
11805,validation,0
11806,validation,0
11807,fit,0
11808,calibration,0
11809,test,0
11810,test,0
11811,test,0
11812,test,0
11813,test,0
11814,validation,0
11815,test,0
11816,fit,0
11817,validation,0
11818,fit,0
11819,fit,0
11820,fit,0
11821,calibration,0
11822,validation,0
11823,fit,0
11824,fit,0
11825,fit,0
11826,fit,0
11827,test,0
11828,test,0
11829,validation,0
11830,validation,0
11831,fit,0
11832,test,0
11833,fit,0
11834,fit,0
11835,calibration,0
11836,test,0
11837,calibration,0
11838,fit,0
11839,validation,0
11840,validation,0
11841,validation,0
11842,fit,0
11843,test,0
11844,test,0
11845,validation,0
11846,fit,0
11847,fit,0
11848,fit,0
11849,test,0
11850,test,0
11851,fit,0
11852,test,0
11853,fit,0
11854,fit,0
11855,test,0
11856,test,0
11857,validation,0
11858,validation,0
11859,validation,0
11860,fit,0
11861,fit,0
11862,calibration,0
11863,fit,0
11864,calibration,0
11865,fit,0
11866,calibration,0
11867,validation,0
11868,fit,0
11869,test,0
11870,fit,0
11871,calibration,0
11872,fit,0
11873,validation,0
11874,validation,0
11875,validation,0
11876,fit,0
11877,fit,0
11878,fit,0
11879,calibration,0
11880,fit,0
11881,fit,0
11882,calibration,0
11883,calibration,0
11884,fit,0
11885,fit,0
11886,test,0
11887,fit,0
11888,fit,0
11889,fit,0
11890,fit,0
11891,fit,0
11892,test,0
11893,test,0
11894,fit,0
11895,calibration,0
11896,fit,0
11897,test,0
11898,validation,0
11899,calibration,0
11900,fit,0
11901,fit,0
11902,validation,0
11903,calibration,0
11904,fit,0
11905,fit,0
11906,fit,0
11907,test,0
11908,fit,0
11909,test,0
11910,calibration,0
11911,fit,0
11912,fit,0
11913,calibration,0
11914,fit,0
11915,calibration,0
11916,calibration,0
11917,calibration,0
11918,fit,0
11919,fit,0
11920,validation,0
11921,fit,0
11922,fit,0
11923,fit,0
11924,test,0
11925,fit,0
11926,calibration,0
11927,test,0
11928,test,0
11929,calibration,0
11930,test,0
11931,validation,0
11932,fit,0
11933,fit,0
11934,fit,0
11935,validation,0
11936,validation,0
11937,validation,0
11938,calibration,0
11939,test,0
11940,test,0
11941,calibration,0
11942,test,0
11943,validation,0
11944,fit,0
11945,validation,0
11946,validation,0
11947,calibration,0
11948,test,0
11949,fit,0
11950,fit,0
11951,fit,0
11952,validation,0
11953,calibration,0
11954,fit,0
11955,calibration,0
11956,calibration,0
11957,calibration,0
11958,test,0
11959,validation,0
11960,fit,0
11961,validation,0
11962,test,0
11963,fit,0
11964,calibration,0
11965,fit,0
11966,calibration,0
11967,test,0
11968,fit,0
11969,test,0
11970,validation,0
11971,fit,0
11972,test,0
11973,validation,0
11974,validation,0
11975,validation,0
11976,calibration,0
11977,test,0
11978,test,0
11979,test,0
11980,fit,0
11981,validation,0
11982,test,0
11983,validation,0
11984,fit,0
11985,validation,0
11986,fit,0
11987,calibration,0
11988,validation,0
11989,fit,0
11990,test,0
