row_id,actual,baseline_score,logistic_regression_score,random_forest_score,predicted
2967,0,0.16611065,0.41507366,0.10383751,0
11099,0,0.16611065,0.00785772,0.01047621,0
9036,0,0.16611065,0.01496168,0.02072918,0
7556,0,0.16611065,0.06109586,0.00118794,0
5125,0,0.16611065,0.15940356,0.00246961,0
7743,0,0.16611065,0.11186551,0.10331802,0
1860,1,0.16611065,0.48639429,0.93234135,1
8054,0,0.16611065,0.15600678,0.01138329,0
11743,0,0.16611065,0.06673938,0.00232163,0
8962,0,0.16611065,0.40746284,0.09237420,0
8951,0,0.16611065,0.09283093,0.01215962,0
10367,0,0.16611065,0.05335960,0.00719594,0
1764,1,0.16611065,0.21501043,0.91683488,1
6404,0,0.16611065,0.10407904,0.00141643,0
9500,0,0.16611065,0.11979316,0.06228504,0
6953,0,0.16611065,0.13739926,0.01350594,0
3358,0,0.16611065,0.01829292,0.03874401,0
7286,0,0.16611065,0.03263583,0.00019704,0
2347,0,0.16611065,0.05208430,0.03093395,0
9003,0,0.16611065,0.23971243,0.00310229,0
4960,0,0.16611065,0.07587500,0.02122411,0
5996,0,0.16611065,0.18494354,0.02059065,0
3807,0,0.16611065,0.04785141,0.00892994,0
3834,0,0.16611065,0.59665979,0.03368228,0
5301,0,0.16611065,0.12821333,0.02301057,0
6234,0,0.16611065,0.26716656,0.05429405,0
9980,0,0.16611065,0.14005628,0.01415467,0
8569,0,0.16611065,0.09397153,0.12383440,0
10586,0,0.16611065,0.11946335,0.01383646,0
10193,0,0.16611065,0.07507929,0.00845051,0
11924,0,0.16611065,0.07012762,0.16095849,0
8658,0,0.16611065,0.01672527,0.00185154,0
5920,0,0.16611065,0.36952899,0.10075045,0
5595,0,0.16611065,0.47929808,0.06641491,0
5663,0,0.16611065,0.06338992,0.00658397,0
5914,0,0.16611065,0.60616854,0.07897193,0
62,1,0.16611065,0.58418924,0.89043304,1
8494,0,0.16611065,0.08922257,0.14788415,0
10657,0,0.16611065,0.03674262,0.05338847,0
9636,0,0.16611065,0.10867568,0.09690313,0
2571,0,0.16611065,0.04711170,0.00436174,0
11785,0,0.16611065,0.07559565,0.00196248,0
7378,0,0.16611065,0.00558233,0.00324354,0
1747,1,0.16611065,0.19399703,0.03603647,0
2368,0,0.16611065,0.07744389,0.01932359,0
6554,0,0.16611065,0.05983505,0.00651670,0
615,1,0.16611065,0.27110676,0.95792491,1
2116,0,0.16611065,0.19506992,0.00577656,0
6958,0,0.16611065,0.04893128,0.03446256,0
10386,0,0.16611065,0.48287663,0.07055698,0
1103,1,0.16611065,0.38921839,0.98062864,1
5814,0,0.16611065,0.19044416,0.00798681,0
2348,0,0.16611065,0.10749252,0.04843154,0
5572,0,0.16611065,0.28517385,0.03867478,0
5934,0,0.16611065,0.02211335,0.00127106,0
7871,0,0.16611065,0.01060810,0.01959875,0
4332,0,0.16611065,0.14123396,0.03802501,0
6811,0,0.16611065,0.06682936,0.00964629,0
11089,0,0.16611065,0.07757876,0.00191378,0
8348,0,0.16611065,0.03566056,0.00488662,0
9504,0,0.16611065,0.07441587,0.01568539,0
8877,0,0.16611065,0.02483890,0.00963497,0
847,1,0.16611065,0.21655432,0.90346753,1
11828,0,0.16611065,0.06850019,0.00023078,0
3531,0,0.16611065,0.01062276,0.00012247,0
2204,0,0.16611065,0.10967384,0.01882451,0
3706,0,0.16611065,0.05314220,0.00112331,0
7423,0,0.16611065,0.01449277,0.00624477,0
6158,0,0.16611065,0.22423469,0.00888889,0
2216,0,0.16611065,0.11206662,0.00419085,0
7168,0,0.16611065,0.09001709,0.01694918,0
621,1,0.16611065,0.71441347,0.40628085,0
1482,1,0.16611065,0.33721035,0.96879195,1
7293,0,0.16611065,0.07671385,0.00637034,0
11458,0,0.16611065,0.05133092,0.01693984,0
633,1,0.16611065,0.15423939,0.89564179,1
2860,0,0.16611065,0.00813971,0.00020383,0
166,1,0.16611065,0.34068078,0.99302991,1
131,1,0.16611065,0.37782907,0.92322722,1
9051,0,0.16611065,0.26382722,0.20694004,0
5490,0,0.16611065,0.02226087,0.00061997,0
6635,0,0.16611065,0.15062609,0.21374640,0
5805,0,0.16611065,0.10286482,0.00452433,0
7735,0,0.16611065,0.15453214,0.00854715,0
3576,0,0.16611065,0.12985871,0.14034275,0
4659,0,0.16611065,0.22011524,0.00306771,0
988,1,0.16611065,0.61321030,0.91702858,1
3056,0,0.16611065,0.08713923,0.00830987,0
637,1,0.16611065,0.16824213,0.76881899,1
3916,0,0.16611065,0.32366264,0.13579395,0
259,1,0.16611065,0.52216362,0.97575799,1
105,1,0.16611065,0.30253483,0.23907988,0
10030,0,0.16611065,0.04647880,0.01275553,0
3593,0,0.16611065,0.04521465,0.02363173,0
9305,0,0.16611065,0.08414339,0.02162901,0
7932,0,0.16611065,0.01426354,0.00676923,0
9797,0,0.16611065,0.16846097,0.00193917,0
9961,0,0.16611065,0.05922044,0.00805218,0
3673,0,0.16611065,0.01347981,0.00893709,0
1145,1,0.16611065,0.17044183,0.92850495,1
3198,0,0.16611065,0.24877157,0.00576240,0
4829,0,0.16611065,0.13197167,0.08123120,0
6734,0,0.16611065,0.27966100,0.02189717,0
1738,1,0.16611065,0.47979498,0.91601003,1
11064,0,0.16611065,0.04435029,0.00202877,0
3741,0,0.16611065,0.04603833,0.00457274,0
11473,0,0.16611065,0.02033986,0.00507085,0
6252,0,0.16611065,0.06133792,0.00448085,0
10972,0,0.16611065,0.19144052,0.03649854,0
9700,0,0.16611065,0.02374747,0.03335400,0
5149,0,0.16611065,0.00971366,0.00094340,0
6127,0,0.16611065,0.34663583,0.02606796,0
5633,0,0.16611065,0.54146033,0.05311484,0
9284,0,0.16611065,0.01466029,0.00009363,0
2662,0,0.16611065,0.06167069,0.00832922,0
8849,0,0.16611065,0.07951245,0.00438659,0
8670,0,0.16611065,0.06622911,0.00091454,0
7361,0,0.16611065,0.03255318,0.00022485,0
412,1,0.16611065,0.23748269,0.95607800,1
1613,1,0.16611065,0.22825204,0.98308962,1
9567,0,0.16611065,0.22292948,0.01568615,0
11849,0,0.16611065,0.24731883,0.00291800,0
10041,0,0.16611065,0.06036075,0.02540295,0
11037,0,0.16611065,0.04388343,0.00382071,0
7163,0,0.16611065,0.19582476,0.02042409,0
6850,0,0.16611065,0.23477615,0.01221746,0
7692,0,0.16611065,0.09039685,0.02199633,0
549,1,0.16611065,0.67504524,0.99215783,1
6865,0,0.16611065,0.16508051,0.00185371,0
2930,0,0.16611065,0.33787445,0.01951874,0
5686,0,0.16611065,0.13180832,0.00243490,0
7454,0,0.16611065,0.04827620,0.00798131,0
478,1,0.16611065,0.67215023,0.97044058,1
551,1,0.16611065,0.15962281,0.90327701,1
8285,0,0.16611065,0.21921642,0.00991224,0
11315,0,0.16611065,0.43730831,0.04948156,0
5412,0,0.16611065,0.06181843,0.00925667,0
5503,0,0.16611065,0.11027867,0.00167011,0
1250,1,0.16611065,0.36672834,0.96723298,1
8090,0,0.16611065,0.37917193,0.05094782,0
541,1,0.16611065,0.12195676,0.84161650,1
3880,0,0.16611065,0.05549384,0.00133105,0
11014,0,0.16611065,0.07195115,0.05549376,0
3637,0,0.16611065,0.12901055,0.01630156,0
68,1,0.16611065,0.02481238,0.65718108,1
122,1,0.16611065,0.31273546,0.35401333,0
7938,0,0.16611065,0.06062008,0.00693879,0
1910,1,0.16611065,0.28802952,0.66458314,1
1721,1,0.16611065,0.18538788,0.91854492,1
10002,0,0.16611065,0.01822351,0.00828136,0
9705,0,0.16611065,0.12904575,0.00975977,0
699,1,0.16611065,0.22942448,0.89612504,1
6752,0,0.16611065,0.07034947,0.01727691,0
1090,1,0.16611065,0.21711927,0.88844606,1
8203,0,0.16611065,0.02461752,0.00306744,0
10590,0,0.16611065,0.03903578,0.00179996,0
916,1,0.16611065,0.51087372,0.98067321,1
6321,0,0.16611065,0.01336572,0.00265544,0
6801,0,0.16611065,0.23057287,0.00453449,0
990,1,0.16611065,0.33590676,0.90561645,1
3230,0,0.16611065,0.05572002,0.00977907,0
600,1,0.16611065,0.16459537,0.88171391,1
7076,0,0.16611065,0.09152399,0.01177437,0
8610,0,0.16611065,0.02323891,0.00340517,0
9985,0,0.16611065,0.15433389,0.01281167,0
2414,0,0.16611065,0.05643232,0.00679774,0
7442,0,0.16611065,0.12020705,0.00202848,0
6247,0,0.16611065,0.02816092,0.01739764,0
9076,0,0.16611065,0.06455878,0.02375002,0
1793,1,0.16611065,0.62352003,0.96739545,1
222,1,0.16611065,0.36577097,0.95901355,1
10471,0,0.16611065,0.03802429,0.01091263,0
7551,0,0.16611065,0.35871782,0.15620205,0
4452,0,0.16611065,0.20794799,0.00127049,0
10629,0,0.16611065,0.01661187,0.02582192,0
4171,0,0.16611065,0.08604891,0.00200567,0
3881,0,0.16611065,0.06297242,0.62189241,1
7787,0,0.16611065,0.12520445,0.01324851,0
10618,0,0.16611065,0.02932782,0.00103426,0
10929,0,0.16611065,0.01354203,0.06034304,0
3512,0,0.16611065,0.11953170,0.01283394,0
8971,0,0.16611065,0.23811753,0.04142200,0
2883,0,0.16611065,0.12478239,0.00145230,0
3754,0,0.16611065,0.01843148,0.00765472,0
11379,0,0.16611065,0.37768808,0.00874836,0
5979,0,0.16611065,0.02317978,0.01248930,0
5168,0,0.16611065,0.06571528,0.01762276,0
10622,0,0.16611065,0.05874895,0.00369452,0
9118,0,0.16611065,0.02276446,0.01086304,0
11513,0,0.16611065,0.49295515,0.11601760,0
1822,1,0.16611065,0.18072779,0.88095587,1
1180,1,0.16611065,0.15437261,0.91029427,1
915,1,0.16611065,0.37916944,0.99148045,1
9371,0,0.16611065,0.21027997,0.01793642,0
7962,0,0.16611065,0.06854838,0.00636697,0
1902,1,0.16611065,0.19459122,0.85634964,1
7113,0,0.16611065,0.06927002,0.00694282,0
9184,0,0.16611065,0.13538478,0.03338649,0
925,1,0.16611065,0.40089646,0.11434920,0
1071,1,0.16611065,0.33883240,0.96796436,1
568,1,0.16611065,0.40654877,0.02529241,0
9653,0,0.16611065,0.17811800,0.09153260,0
11301,0,0.16611065,0.07161709,0.00212974,0
3454,0,0.16611065,0.04511002,0.00988866,0
3039,0,0.16611065,0.01597113,0.08606513,0
9895,0,0.16611065,0.08102378,0.00541256,0
10326,0,0.16611065,0.69049167,0.08607473,0
9183,0,0.16611065,0.04166899,0.05408037,0
784,1,0.16611065,0.15646565,0.93099220,1
5417,0,0.16611065,0.12001230,0.00478771,0
9702,0,0.16611065,0.04490347,0.00960514,0
4162,0,0.16611065,0.07167349,0.02350075,0
11531,0,0.16611065,0.44888468,0.00910784,0
9550,0,0.16611065,0.37667481,0.02483164,0
899,1,0.16611065,0.33410418,0.96066158,1
4081,0,0.16611065,0.60590971,0.09271029,0
8296,0,0.16611065,0.03381650,0.00664795,0
2944,0,0.16611065,0.01408719,0.00167251,0
505,1,0.16611065,0.13379967,0.87198909,1
1148,1,0.16611065,0.32339206,0.98861412,1
1867,1,0.16611065,0.65971206,0.99992063,1
3116,0,0.16611065,0.05442750,0.00259899,0
11142,0,0.16611065,0.27395878,0.00668722,0
8635,0,0.16611065,0.06613199,0.00163618,0
11110,0,0.16611065,0.66597940,0.02008558,0
2481,0,0.16611065,0.00271343,0.00112257,0
7020,0,0.16611065,0.12800343,0.05729718,0
7904,0,0.16611065,0.02054234,0.14308906,0
69,1,0.16611065,0.20778583,0.98924656,1
7127,0,0.16611065,0.24515914,0.06495932,0
4211,0,0.16611065,0.06503879,0.00328692,0
3676,0,0.16611065,0.08038380,0.00683624,0
5514,0,0.16611065,0.00485508,0.03680094,0
4636,0,0.16611065,0.07693944,0.01244885,0
9787,0,0.16611065,0.48651506,0.02955735,0
8554,0,0.16611065,0.70275931,0.04035376,0
2343,0,0.16611065,0.23999189,0.03680202,0
9033,0,0.16611065,0.11606267,0.19247994,0
4037,0,0.16611065,0.10873022,0.01443594,0
1634,1,0.16611065,0.38497380,0.98230979,1
10786,0,0.16611065,0.11648296,0.00449199,0
1000,1,0.16611065,0.25144467,0.98629530,1
5243,0,0.16611065,0.01348879,0.00566544,0
4779,0,0.16611065,0.11272142,0.00527372,0
2346,0,0.16611065,0.20921572,0.04619116,0
2495,0,0.16611065,0.18206024,0.09096384,0
716,1,0.16611065,0.60235105,0.90979379,1
825,1,0.16611065,0.63736503,0.97611326,1
8882,0,0.16611065,0.12013061,0.09336476,0
1728,1,0.16611065,0.54196234,0.96998626,1
517,1,0.16611065,0.25832445,0.97245676,1
10761,0,0.16611065,0.01936467,0.00014656,0
9993,0,0.16611065,0.03473482,0.00052711,0
7034,0,0.16611065,0.24564887,0.01845993,0
7227,0,0.16611065,0.05289867,0.02442124,0
5527,0,0.16611065,0.20940333,0.01233468,0
7612,0,0.16611065,0.06715755,0.00190243,0
7638,0,0.16611065,0.05386106,0.02386752,0
3080,0,0.16611065,0.05006190,0.00954947,0
187,1,0.16611065,0.26458491,0.97421428,1
5738,0,0.16611065,0.13317906,0.01464651,0
5685,0,0.16611065,0.04618925,0.00753085,0
10533,0,0.16611065,0.16242616,0.08673443,0
11348,0,0.16611065,0.10236999,0.05205548,0
7741,0,0.16611065,0.03972271,0.00560136,0
2809,0,0.16611065,0.39968367,0.12181426,0
9116,0,0.16611065,0.07060416,0.00033106,0
7267,0,0.16611065,0.21304205,0.00669463,0
9342,0,0.16611065,0.13888142,0.00107749,0
6932,0,0.16611065,0.04414186,0.00078262,0
5215,0,0.16611065,0.16687214,0.00238108,0
11653,0,0.16611065,0.06196881,0.02003346,0
5210,0,0.16611065,0.04373483,0.01345759,0
2543,0,0.16611065,0.31174561,0.22244417,0
4150,0,0.16611065,0.04942033,0.00442828,0
6063,0,0.16611065,0.14009904,0.00939388,0
7229,0,0.16611065,0.52032765,0.06209781,0
7233,0,0.16611065,0.17480777,0.00722467,0
5845,0,0.16611065,0.02057904,0.00287976,0
386,1,0.16611065,0.57002064,0.99901154,1
9223,0,0.16611065,0.02170171,0.00072633,0
1570,1,0.16611065,0.20408805,0.00523820,0
3845,0,0.16611065,0.12635303,0.00157064,0
11243,0,0.16611065,0.02973682,0.02423820,0
10488,0,0.16611065,0.12087813,0.15859624,0
7634,0,0.16611065,0.05680312,0.01530255,0
8629,0,0.16611065,0.27762327,0.00390800,0
4399,0,0.16611065,0.15753474,0.00552099,0
2255,0,0.16611065,0.29380725,0.02332415,0
3400,0,0.16611065,0.16113246,0.01332892,0
10475,0,0.16611065,0.10630742,0.00549343,0
10111,0,0.16611065,0.04907569,0.01545295,0
4007,0,0.16611065,0.06576231,0.00989609,0
7668,0,0.16611065,0.14000636,0.01946028,0
7666,0,0.16611065,0.23703518,0.00146934,0
6864,0,0.16611065,0.01030222,0.01349287,0
444,1,0.16611065,0.73122163,0.94638921,1
3007,0,0.16611065,0.02533893,0.00552553,0
4196,0,0.16611065,0.02784474,0.00055972,0
1714,1,0.16611065,0.23991521,0.91039934,1
9632,0,0.16611065,0.09361650,0.26385761,0
3598,0,0.16611065,0.16909335,0.00266791,0
1603,1,0.16611065,0.01096381,0.20232162,0
7420,0,0.16611065,0.11658692,0.00979682,0
111,1,0.16611065,0.20224535,0.86284267,1
7750,0,0.16611065,0.07388033,0.01345948,0
10350,0,0.16611065,0.37167067,0.01215904,0
4441,0,0.16611065,0.06425195,0.10771984,0
4892,0,0.16611065,0.00804320,0.01819339,0
7306,0,0.16611065,0.08762948,0.00118814,0
11453,0,0.16611065,0.06966020,0.11957107,0
7474,0,0.16611065,0.00720715,0.00135374,0
8935,0,0.16611065,0.20393534,0.00358780,0
4572,0,0.16611065,0.12806265,0.00654263,0
10967,0,0.16611065,0.09109044,0.00161446,0
8597,0,0.16611065,0.11783719,0.04288775,0
10599,0,0.16611065,0.03174587,0.00242385,0
5027,0,0.16611065,0.00447272,0.00041873,0
7881,0,0.16611065,0.08097364,0.01487775,0
7877,0,0.16611065,0.01397587,0.00225860,0
3827,0,0.16611065,0.23202953,0.01015789,0
4057,0,0.16611065,0.03221115,0.00501303,0
6227,0,0.16611065,0.72053124,0.07364814,0
5911,0,0.16611065,0.03604182,0.03194191,0
7467,0,0.16611065,0.01233261,0.00208000,0
10980,0,0.16611065,0.52851161,0.09022428,0
4272,0,0.16611065,0.13390452,0.01109721,0
1183,1,0.16611065,0.33995071,0.99040362,1
8481,0,0.16611065,0.06622276,0.16934014,0
966,1,0.16611065,0.23282675,0.97107971,1
1350,1,0.16611065,0.14427831,0.86559015,1
463,1,0.16611065,0.10634390,0.86313570,1
4165,0,0.16611065,0.09284206,0.08650480,0
5556,0,0.16611065,0.10388740,0.66952888,1
9858,0,0.16611065,0.20225407,0.00513163,0
9532,0,0.16611065,0.14238323,0.05416168,0
9414,0,0.16611065,0.09432840,0.00948070,0
5904,0,0.16611065,0.18241578,0.00129363,0
5801,0,0.16611065,0.18026392,0.03863344,0
11447,0,0.16611065,0.26424036,0.07528164,0
7374,0,0.16611065,0.02683311,0.01456812,0
2610,0,0.16611065,0.02046821,0.02246705,0
9883,0,0.16611065,0.12190976,0.01227039,0
11615,0,0.16611065,0.17665098,0.09010805,0
3857,0,0.16611065,0.14473164,0.01212543,0
5621,0,0.16611065,0.20619910,0.07137937,0
3689,0,0.16611065,0.13124965,0.11431463,0
10628,0,0.16611065,0.00984040,0.00002801,0
833,1,0.16611065,0.11019442,0.85772020,1
4542,0,0.16611065,0.02715279,0.01352069,0
5333,0,0.16611065,0.75999994,0.19998134,0
432,1,0.16611065,0.21838710,0.84058018,1
2920,0,0.16611065,0.58621181,0.06944666,0
7967,0,0.16611065,0.02834069,0.00164095,0
3058,0,0.16611065,0.06662208,0.00867207,0
5507,0,0.16611065,0.17513536,0.00882279,0
4799,0,0.16611065,0.26202847,0.00822136,0
3891,0,0.16611065,0.01777843,0.00838984,0
5836,0,0.16611065,0.01207212,0.01569037,0
5408,0,0.16611065,0.05025404,0.18001094,0
11434,0,0.16611065,0.09627261,0.01141559,0
1593,1,0.16611065,0.24474064,0.89997638,1
2046,0,0.16611065,0.14580729,0.06747729,0
1992,0,0.16611065,0.14034659,0.00916632,0
9935,0,0.16611065,0.09110137,0.02479111,0
9910,0,0.16611065,0.01476224,0.00095972,0
10135,0,0.16611065,0.05125382,0.01272380,0
8269,0,0.16611065,0.30384156,0.02785825,0
7920,0,0.16611065,0.16142469,0.00685485,0
7042,0,0.16611065,0.25533302,0.00785106,0
4813,0,0.16611065,0.39425302,0.22097524,0
1315,1,0.16611065,0.53307369,0.98996048,1
11084,0,0.16611065,0.14096410,0.02092471,0
7818,0,0.16611065,0.12355974,0.00075818,0
11189,0,0.16611065,0.77056705,0.07444914,0
2227,0,0.16611065,0.09595681,0.01980283,0
3386,0,0.16611065,0.28858382,0.02940064,0
6964,0,0.16611065,0.04427515,0.00281457,0
3929,0,0.16611065,0.02314335,0.00764718,0
6355,0,0.16611065,0.26447315,0.09236818,0
4056,0,0.16611065,0.07052621,0.03467237,0
6470,0,0.16611065,0.01544269,0.00027783,0
2107,0,0.16611065,0.15686370,0.01245654,0
9834,0,0.16611065,0.07926391,0.01217601,0
1620,1,0.16611065,0.29495113,0.94775917,1
6856,0,0.16611065,0.47084000,0.08257366,0
11284,0,0.16611065,0.04437281,0.00959981,0
1351,1,0.16611065,0.47707665,0.99476912,1
3499,0,0.16611065,0.01026426,0.00229088,0
2562,0,0.16611065,0.05238637,0.00654734,0
2045,0,0.16611065,0.05310601,0.00678691,0
2184,0,0.16611065,0.04191444,0.00375839,0
9317,0,0.16611065,0.22395743,0.04440568,0
11969,0,0.16611065,0.10521598,0.00117984,0
9968,0,0.16611065,0.04105564,0.00989643,0
7242,0,0.16611065,0.16716865,0.30929218,0
9001,0,0.16611065,0.07826168,0.00515907,0
1472,1,0.16611065,0.39454019,0.98939441,1
7057,0,0.16611065,0.25359516,0.00962554,0
9551,0,0.16611065,0.03605435,0.00101484,0
3176,0,0.16611065,0.03611042,0.00982843,0
11102,0,0.16611065,0.04255953,0.00502442,0
7052,0,0.16611065,0.12423171,0.02875881,0
8423,0,0.16611065,0.15453757,0.01106435,0
8667,0,0.16611065,0.17392136,0.00575089,0
2136,0,0.16611065,0.05786058,0.00353226,0
4460,0,0.16611065,0.02974321,0.00029161,0
10950,0,0.16611065,0.36479061,0.07773227,0
2901,0,0.16611065,0.11661098,0.05156263,0
8871,0,0.16611065,0.06269367,0.00238866,0
8801,0,0.16611065,0.14255205,0.00088586,0
538,1,0.16611065,0.33794516,0.95924212,1
2247,0,0.16611065,0.00741230,0.00139011,0
9937,0,0.16611065,0.28811168,0.07303803,0
3695,0,0.16611065,0.11582792,0.02625257,0
5961,0,0.16611065,0.08268192,0.04331885,0
2914,0,0.16611065,0.05567607,0.00540719,0
964,1,0.16611065,0.59305676,0.81836698,1
6233,0,0.16611065,0.02059515,0.01044837,0
10521,0,0.16611065,0.06491736,0.06663704,0
8351,0,0.16611065,0.27675647,0.00607070,0
5610,0,0.16611065,0.03322933,0.00845781,0
10633,0,0.16611065,0.01103227,0.00185149,0
11850,0,0.16611065,0.15446403,0.00224459,0
5755,0,0.16611065,0.19947031,0.05133217,0
7166,0,0.16611065,0.02327084,0.00409468,0
11154,0,0.16611065,0.06227204,0.00215294,0
10179,0,0.16611065,0.06820926,0.00256545,0
2677,0,0.16611065,0.24260776,0.01113106,0
11982,0,0.16611065,0.46677957,0.03561208,0
9079,0,0.16611065,0.05991636,0.00124754,0
8760,0,0.16611065,0.01724563,0.00031009,0
8608,0,0.16611065,0.18445992,0.02308909,0
974,1,0.16611065,0.13680194,0.89504403,1
2225,0,0.16611065,0.08935622,0.02014372,0
8430,0,0.16611065,0.01480436,0.00162907,0
265,1,0.16611065,0.13359226,0.88208538,1
1730,1,0.16611065,0.10079788,0.87240657,1
9769,0,0.16611065,0.15669457,0.05887704,0
11517,0,0.16611065,0.55373514,0.08873499,0
7945,0,0.16611065,0.02071868,0.00269649,0
3228,0,0.16611065,0.00444183,0.00809489,0
10062,0,0.16611065,0.02217463,0.00787999,0
986,1,0.16611065,0.13490303,0.91511912,1
8915,0,0.16611065,0.06973165,0.07827212,0
5209,0,0.16611065,0.06440919,0.00122370,0
4944,0,0.16611065,0.04960289,0.00148105,0
3193,0,0.16611065,0.11981182,0.14975189,0
10468,0,0.16611065,0.04295019,0.00039745,0
2837,0,0.16611065,0.07851725,0.04407549,0
45,1,0.16611065,0.13712490,0.02576046,0
168,1,0.16611065,0.60637285,0.32834994,0
7224,0,0.16611065,0.13926106,0.00805906,0
3543,0,0.16611065,0.29237585,0.00265267,0
9178,0,0.16611065,0.03790764,0.00009079,0
1165,1,0.16611065,0.06483488,0.82410973,1
10433,0,0.16611065,0.06935366,0.00313523,0
1546,1,0.16611065,0.47639709,0.10667877,0
8620,0,0.16611065,0.35799961,0.03764067,0
9132,0,0.16611065,0.18487086,0.00858550,0
6163,0,0.16611065,0.04117891,0.01324941,0
1042,1,0.16611065,0.10274436,0.00230973,0
6371,0,0.16611065,0.16133145,0.01287667,0
8181,0,0.16611065,0.06747017,0.15094271,0
3619,0,0.16611065,0.66300875,0.10413623,0
9032,0,0.16611065,0.19632041,0.02674234,0
2890,0,0.16611065,0.02282710,0.00069335,0
6719,0,0.16611065,0.32774223,0.06133804,0
10594,0,0.16611065,0.09424712,0.00121764,0
1731,1,0.16611065,0.02730891,0.65301974,1
3322,0,0.16611065,0.02728388,0.04867505,0
5867,0,0.16611065,0.04606046,0.00623579,0
9298,0,0.16611065,0.03116682,0.00118816,0
7016,0,0.16611065,0.03548157,0.03475851,0
10130,0,0.16611065,0.09528422,0.01381845,0
3107,0,0.16611065,0.12865283,0.00620685,0
10843,0,0.16611065,0.11048340,0.01615243,0
11729,0,0.16611065,0.25148128,0.00864230,0
7593,0,0.16611065,0.02885759,0.00052464,0
5813,0,0.16611065,0.04527432,0.03200669,0
10418,0,0.16611065,0.03135833,0.00665106,0
24,1,0.16611065,0.38980616,0.99087937,1
5474,0,0.16611065,0.01908987,0.00224388,0
54,1,0.16611065,0.60305951,0.99947619,1
8650,0,0.16611065,0.13123711,0.01055260,0
911,1,0.16611065,0.09687463,0.79526483,1
6999,0,0.16611065,0.18216712,0.02431445,0
9930,0,0.16611065,0.07193475,0.09496394,0
4023,0,0.16611065,0.02000014,0.00888136,0
3990,0,0.16611065,0.22507386,0.00608691,0
3601,0,0.16611065,0.06880543,0.00309130,0
8728,0,0.16611065,0.09196577,0.01292785,0
9307,0,0.16611065,0.12126230,0.00357316,0
8696,0,0.16611065,0.49268307,0.08714014,0
495,1,0.16611065,0.50144759,0.95578224,1
10073,0,0.16611065,0.16164956,0.08843635,0
8232,0,0.16611065,0.05213144,0.01006248,0
4860,0,0.16611065,0.10809453,0.00461677,0
11008,0,0.16611065,0.02515505,0.15215687,0
7074,0,0.16611065,0.01736361,0.00901580,0
9166,0,0.16611065,0.30561122,0.38433780,0
449,1,0.16611065,0.11229725,0.81250853,1
8330,0,0.16611065,0.04237124,0.00176337,0
2869,0,0.16611065,0.05484088,0.00737061,0
1291,1,0.16611065,0.12148094,0.05712474,0
10427,0,0.16611065,0.01748620,0.00679299,0
7636,0,0.16611065,0.12497844,0.01585013,0
1045,1,0.16611065,0.07901177,0.70193115,1
8073,0,0.16611065,0.11426666,0.00143285,0
7243,0,0.16611065,0.05134087,0.00179248,0
4557,0,0.16611065,0.18767049,0.08167492,0
5727,0,0.16611065,0.18506586,0.01038519,0
10951,0,0.16611065,0.05841478,0.00199373,0
4387,0,0.16611065,0.04133127,0.01088413,0
10701,0,0.16611065,0.00171118,0.00000000,0
1007,1,0.16611065,0.24378398,0.89958964,1
4092,0,0.16611065,0.00504198,0.00277778,0
11298,0,0.16611065,0.03253637,0.00064584,0
2873,0,0.16611065,0.04173316,0.03534019,0
11147,0,0.16611065,0.08852256,0.00434402,0
4181,0,0.16611065,0.04173879,0.08722537,0
2461,0,0.16611065,0.12471603,0.00888652,0
5250,0,0.16611065,0.06514108,0.04236242,0
6751,0,0.16611065,0.03996628,0.05642280,0
5438,0,0.16611065,0.18709853,0.01517437,0
8411,0,0.16611065,0.01440236,0.00293668,0
1093,1,0.16611065,0.59130159,0.97750000,1
8891,0,0.16611065,0.04236512,0.01437782,0
7502,0,0.16611065,0.18371696,0.05840881,0
5365,0,0.16611065,0.14254421,0.00837080,0
7862,0,0.16611065,0.32998196,0.02423887,0
8346,0,0.16611065,0.38347812,0.12312955,0
6087,0,0.16611065,0.02026604,0.00364231,0
6052,0,0.16611065,0.15377558,0.00317225,0
5547,0,0.16611065,0.00481105,0.00546176,0
7092,0,0.16611065,0.17296243,0.01852356,0
3958,0,0.16611065,0.38532354,0.01557475,0
5666,0,0.16611065,0.04809755,0.00086415,0
7239,0,0.16611065,0.07730773,0.02153263,0
2846,0,0.16611065,0.11990276,0.03368660,0
9149,0,0.16611065,0.03659882,0.03097676,0
6115,0,0.16611065,0.04186738,0.00039333,0
1651,1,0.16611065,0.15477262,0.92889037,1
10987,0,0.16611065,0.18964930,0.00452765,0
8146,0,0.16611065,0.14754636,0.01127065,0
11546,0,0.16611065,0.01392319,0.01889815,0
6769,0,0.16611065,0.04400514,0.04768746,0
632,1,0.16611065,0.40945725,0.99278173,1
8165,0,0.16611065,0.11001211,0.01108106,0
8131,0,0.16611065,0.01182823,0.00783526,0
2934,0,0.16611065,0.10296133,0.00207112,0
901,1,0.16611065,0.31145703,0.95597642,1
3049,0,0.16611065,0.25919260,0.00153862,0
6596,0,0.16611065,0.05037082,0.03213528,0
272,1,0.16611065,0.12403304,0.88104443,1
7582,0,0.16611065,0.13693645,0.00602661,0
3452,0,0.16611065,0.04141252,0.00062214,0
10650,0,0.16611065,0.03442490,0.01273044,0
679,1,0.16611065,0.62201633,0.98285044,1
9775,0,0.16611065,0.20662230,0.02174578,0
5240,0,0.16611065,0.05865727,0.00927767,0
11958,0,0.16611065,0.09390953,0.00251188,0
5929,0,0.16611065,0.00285843,0.00658333,0
2584,0,0.16611065,0.26902301,0.04871700,0
745,1,0.16611065,0.30076192,0.95869644,1
3267,0,0.16611065,0.04844009,0.00462089,0
3959,0,0.16611065,0.11528623,0.01130002,0
10779,0,0.16611065,0.02463195,0.00141009,0
11809,0,0.16611065,0.13920878,0.00223106,0
8168,0,0.16611065,0.27427854,0.22827224,0
1288,1,0.16611065,0.36101443,0.96648976,1
3379,0,0.16611065,0.06751665,0.00591404,0
2146,0,0.16611065,0.51377654,0.02542044,0
2787,0,0.16611065,0.01281965,0.00451827,0
8281,0,0.16611065,0.17650097,0.02972163,0
11169,0,0.16611065,0.12620779,0.00175858,0
2533,0,0.16611065,0.07539618,0.01077983,0
90,1,0.16611065,0.36042620,0.99439025,1
7071,0,0.16611065,0.03962857,0.00639813,0
8784,0,0.16611065,0.22241640,0.00355707,0
2665,0,0.16611065,0.09242560,0.00640480,0
5779,0,0.16611065,0.25765149,0.09793547,0
2333,0,0.16611065,0.05253408,0.05460742,0
6472,0,0.16611065,0.15855891,0.02465185,0
6832,0,0.16611065,0.07148180,0.00684034,0
363,1,0.16611065,0.24656212,0.71725075,1
11356,0,0.16611065,0.05976019,0.00685055,0
3533,0,0.16611065,0.09893617,0.01882382,0
10677,0,0.16611065,0.11773328,0.01941947,0
6643,0,0.16611065,0.76583209,0.10542708,0
9364,0,0.16611065,0.47310231,0.04371755,0
11650,0,0.16611065,0.02185450,0.04349712,0
7906,0,0.16611065,0.06139828,0.00668841,0
3632,0,0.16611065,0.45407041,0.01891826,0
191,1,0.16611065,0.03046976,0.43005019,0
9716,0,0.16611065,0.16720052,0.00362043,0
10358,0,0.16611065,0.12336701,0.01089267,0
4167,0,0.16611065,0.24557117,0.01765061,0
4284,0,0.16611065,0.17300513,0.01021192,0
4418,0,0.16611065,0.05382513,0.00183061,0
1559,1,0.16611065,0.65565041,0.99118591,1
474,1,0.16611065,0.33059583,0.95837644,1
3516,0,0.16611065,0.08549137,0.18666877,0
8539,0,0.16611065,0.06777632,0.00134706,0
1556,1,0.16611065,0.35424466,0.94150792,1
10614,0,0.16611065,0.04907637,0.00928267,0
11587,0,0.16611065,0.32215276,0.02331273,0
11072,0,0.16611065,0.09468276,0.01611835,0
1888,1,0.16611065,0.44947958,0.99495803,1
5414,0,0.16611065,0.06827483,0.00319404,0
2831,0,0.16611065,0.35035623,0.15974636,0
10510,0,0.16611065,0.01906339,0.00326232,0
8883,0,0.16611065,0.35918646,0.00646255,0
11595,0,0.16611065,0.02456452,0.00890540,0
3843,0,0.16611065,0.00541088,0.04201075,0
11256,0,0.16611065,0.42272791,0.03859430,0
6250,0,0.16611065,0.00851155,0.00022115,0
960,1,0.16611065,0.24276504,0.91604983,1
9349,0,0.16611065,0.10655687,0.00924820,0
11039,0,0.16611065,0.29776480,0.06160779,0
9125,0,0.16611065,0.04592928,0.00281321,0
6534,0,0.16611065,0.08364433,0.00389386,0
442,1,0.16611065,0.16454897,0.94769204,1
4729,0,0.16611065,0.01177429,0.01678352,0
8643,0,0.16611065,0.02045959,0.00311165,0
1223,1,0.16611065,0.26800697,0.95596491,1
1642,1,0.16611065,0.39034074,0.99121593,1
2530,0,0.16611065,0.20411893,0.12267978,0
827,1,0.16611065,0.40767687,0.29200255,0
6413,0,0.16611065,0.05054271,0.00193802,0
4615,0,0.16611065,0.25360639,0.03670735,0
3596,0,0.16611065,0.10960484,0.04110326,0
9973,0,0.16611065,0.09321507,0.01052512,0
4734,0,0.16611065,0.01167202,0.01184699,0
4756,0,0.16611065,0.05320730,0.04378185,0
8069,0,0.16611065,0.01670156,0.05123274,0
9130,0,0.16611065,0.14819367,0.00350288,0
6618,0,0.16611065,0.03294133,0.00033933,0
5577,0,0.16611065,0.17644492,0.09166142,0
2707,0,0.16611065,0.03780762,0.00393764,0
5579,0,0.16611065,0.12952661,0.03513232,0
7501,0,0.16611065,0.00531776,0.00297133,0
1805,1,0.16611065,0.64169341,0.98075758,1
6802,0,0.16611065,0.48036795,0.12554252,0
6426,0,0.16611065,0.03804701,0.00048170,0
4421,0,0.16611065,0.18580474,0.01352860,0
11478,0,0.16611065,0.02161790,0.00463379,0
387,1,0.16611065,0.41824611,0.95125408,1
6415,0,0.16611065,0.08392923,0.00729837,0
8135,0,0.16611065,0.10229279,0.00579538,0
9224,0,0.16611065,0.02702165,0.00199932,0
8879,0,0.16611065,0.00813151,0.00593439,0
11023,0,0.16611065,0.04158891,0.00166754,0
8895,0,0.16611065,0.16492967,0.06774069,0
9510,0,0.16611065,0.06916427,0.00897911,0
8037,0,0.16611065,0.07340484,0.00178130,0
765,1,0.16611065,0.12301015,0.42498778,0
1230,1,0.16611065,0.46922595,0.99131000,1
5148,0,0.16611065,0.61822761,0.05663000,0
8155,0,0.16611065,0.02409301,0.00402626,0
3977,0,0.16611065,0.07872156,0.03779939,0
9586,0,0.16611065,0.12437802,0.01120960,0
3372,0,0.16611065,0.14644526,0.00994317,0
1292,1,0.16611065,0.22394392,0.89401713,1
9511,0,0.16611065,0.21416914,0.00430812,0
9828,0,0.16611065,0.06308256,0.01955664,0
1301,1,0.16611065,0.33903071,0.94126104,1
450,1,0.16611065,0.08634274,0.86712953,1
11372,0,0.16611065,0.27719967,0.02455489,0
2129,0,0.16611065,0.05112663,0.01463190,0
8715,0,0.16611065,0.09153579,0.01460811,0
332,1,0.16611065,0.67253077,0.97765303,1
9642,0,0.16611065,0.46604291,0.06138613,0
6535,0,0.16611065,0.01018838,0.00950000,0
2108,0,0.16611065,0.02509436,0.01135662,0
10791,0,0.16611065,0.38283410,0.03287710,0
2237,0,0.16611065,0.15731534,0.07301766,0
5777,0,0.16611065,0.11691507,0.00447272,0
6434,0,0.16611065,0.20564224,0.03653108,0
6490,0,0.16611065,0.13276709,0.01944042,0
7746,0,0.16611065,0.06953742,0.00502337,0
1060,1,0.16611065,0.08550563,0.84413395,1
956,1,0.16611065,0.27023922,0.97150387,1
10771,0,0.16611065,0.01415227,0.00633243,0
3,1,0.16611065,0.20490862,0.66341636,1
1782,1,0.16611065,0.25568876,0.94856295,1
8130,0,0.16611065,0.03409578,0.00230072,0
9860,0,0.16611065,0.01111549,0.00196577,0
4748,0,0.16611065,0.06171444,0.01412365,0
5743,0,0.16611065,0.20443722,0.00443696,0
5257,0,0.16611065,0.12311137,0.00865583,0
6745,0,0.16611065,0.05144703,0.00109494,0
2772,0,0.16611065,0.12336935,0.00649222,0
3093,0,0.16611065,0.02668474,0.02805039,0
6199,0,0.16611065,0.04364665,0.00166671,0
585,1,0.16611065,0.31809549,0.93840553,1
10143,0,0.16611065,0.11282846,0.00125697,0
1422,1,0.16611065,0.28416929,0.92140269,1
164,1,0.16611065,0.13792411,0.92677273,1
5648,0,0.16611065,0.03028863,0.02203297,0
6628,0,0.16611065,0.02451300,0.00062433,0
9446,0,0.16611065,0.29430847,0.03857208,0
9777,0,0.16611065,0.04722611,0.01397931,0
2919,0,0.16611065,0.07890553,0.00742770,0
10335,0,0.16611065,0.20766243,0.00182094,0
6884,0,0.16611065,0.07544547,0.00862034,0
1494,1,0.16611065,0.30257346,0.94598257,1
7613,0,0.16611065,0.10890447,0.00162479,0
4699,0,0.16611065,0.09558412,0.00217988,0
6939,0,0.16611065,0.05436861,0.01195417,0
4149,0,0.16611065,0.04125987,0.03680823,0
5966,0,0.16611065,0.01740025,0.02522173,0
5834,0,0.16611065,0.03971538,0.00518323,0
7558,0,0.16611065,0.00661686,0.00526839,0
2591,0,0.16611065,0.04007382,0.00081727,0
4782,0,0.16611065,0.16608035,0.00220576,0
1597,1,0.16611065,0.33546357,0.98245581,1
3082,0,0.16611065,0.09511517,0.02541623,0
2779,0,0.16611065,0.49539983,0.09253152,0
7371,0,0.16611065,0.00238680,0.00455182,0
11163,0,0.16611065,0.08190852,0.00048883,0
2063,0,0.16611065,0.05561332,0.01129605,0
6955,0,0.16611065,0.11769458,0.03066056,0
4018,0,0.16611065,0.12937455,0.00318450,0
9085,0,0.16611065,0.34197752,0.12096327,0
1471,1,0.16611065,0.02559939,0.51338299,1
1848,1,0.16611065,0.51004132,0.98842202,1
2586,0,0.16611065,0.05153533,0.03034420,0
11555,0,0.16611065,0.28266653,0.02526139,0
4603,0,0.16611065,0.45938987,0.06559713,0
11967,0,0.16611065,0.20392693,0.04352133,0
11604,0,0.16611065,0.43255926,0.11438643,0
4480,0,0.16611065,0.31930286,0.05594216,0
10831,0,0.16611065,0.18328868,0.00951319,0
8692,0,0.16611065,0.01257788,0.00380329,0
4771,0,0.16611065,0.05308362,0.00047400,0
6873,0,0.16611065,0.08716420,0.01736405,0
7186,0,0.16611065,0.15668930,0.00524893,0
4574,0,0.16611065,0.08586761,0.00041050,0
11812,0,0.16611065,0.01643715,0.01296818,0
7704,0,0.16611065,0.08887140,0.00394738,0
6173,0,0.16611065,0.13638892,0.00063679,0
9053,0,0.16611065,0.06880231,0.00443606,0
1359,1,0.16611065,0.24313769,0.97004362,1
1044,1,0.16611065,0.15901173,0.82441145,1
2012,0,0.16611065,0.02792435,0.00322973,0
6840,0,0.16611065,0.05800535,0.00168283,0
7791,0,0.16611065,0.06186460,0.00176072,0
2138,0,0.16611065,0.26305198,0.01543476,0
4185,0,0.16611065,0.09010501,0.00241327,0
1917,1,0.16611065,0.11099334,0.00714194,0
2232,0,0.16611065,0.04126861,0.06884568,0
8224,0,0.16611065,0.52888919,0.08776873,0
11335,0,0.16611065,0.16419704,0.00345647,0
4488,0,0.16611065,0.14986671,0.02190831,0
11540,0,0.16611065,0.01202663,0.04384981,0
199,1,0.16611065,0.22458953,0.90222227,1
7895,0,0.16611065,0.04456227,0.00929826,0
2683,0,0.16611065,0.10984930,0.00970023,0
3924,0,0.16611065,0.03647408,0.00011285,0
5798,0,0.16611065,0.17682547,0.14108317,0
11977,0,0.16611065,0.13295687,0.03752481,0
276,1,0.16611065,0.28628709,0.90667587,1
3767,0,0.16611065,0.16058104,0.00197201,0
11709,0,0.16611065,0.00575464,0.00142857,0
5132,0,0.16611065,0.02198027,0.00387632,0
3659,0,0.16611065,0.03617042,0.00368171,0
803,1,0.16611065,0.12382402,0.89708609,1
9244,0,0.16611065,0.04041827,0.00097028,0
9546,0,0.16611065,0.08220817,0.01050781,0
4564,0,0.16611065,0.07753365,0.00527356,0
9773,0,0.16611065,0.17718113,0.00415502,0
9218,0,0.16611065,0.48442126,0.13342849,0
7101,0,0.16611065,0.01430033,0.00235383,0
8124,0,0.16611065,0.06435935,0.00236143,0
6895,0,0.16611065,0.12697146,0.00387721,0
4006,0,0.16611065,0.68706145,0.05785966,0
10283,0,0.16611065,0.27846890,0.19124615,0
10289,0,0.16611065,0.09545430,0.00908554,0
4701,0,0.16611065,0.11593393,0.00398483,0
11738,0,0.16611065,0.76490684,0.01579169,0
11791,0,0.16611065,0.01036110,0.05914136,0
6,1,0.16611065,0.61116994,0.93519061,1
2516,0,0.16611065,0.11976814,0.02109462,0
6134,0,0.16611065,0.24479693,0.02424808,0
1290,1,0.16611065,0.23765978,0.89750925,1
7505,0,0.16611065,0.10526404,0.00525178,0
5127,0,0.16611065,0.42900292,0.05486044,0
4208,0,0.16611065,0.16956805,0.00965067,0
6576,0,0.16611065,0.00604930,0.00005128,0
7733,0,0.16611065,0.06134867,0.00436007,0
5234,0,0.16611065,0.07831154,0.00253387,0
7481,0,0.16611065,0.02203125,0.00326287,0
5887,0,0.16611065,0.06688110,0.01095120,0
2708,0,0.16611065,0.07147908,0.00889917,0
7200,0,0.16611065,0.10250082,0.01080771,0
3089,0,0.16611065,0.48145385,0.06962128,0
11907,0,0.16611065,0.32640700,0.01525389,0
1270,1,0.16611065,0.21153488,0.94133255,1
1654,1,0.16611065,0.30793137,0.93633723,1
3162,0,0.16611065,0.34732277,0.11130173,0
2408,0,0.16611065,0.03212409,0.01176512,0
5540,0,0.16611065,0.05579861,0.00146401,0
7516,0,0.16611065,0.03621232,0.03390470,0
37,1,0.16611065,0.31688035,0.87511659,1
890,1,0.16611065,0.27533226,0.88008264,1
3275,0,0.16611065,0.04633734,0.00530003,0
9560,0,0.16611065,0.03980445,0.00221590,0
11063,0,0.16611065,0.06256007,0.04331323,0
3965,0,0.16611065,0.04370559,0.01174112,0
6664,0,0.16611065,0.09406907,0.00696819,0
8979,0,0.16611065,0.06634219,0.00537734,0
7292,0,0.16611065,0.14756478,0.00913390,0
491,1,0.16611065,0.49257813,0.96952863,1
9056,0,0.16611065,0.62083204,0.11788680,0
5169,0,0.16611065,0.00718001,0.00310616,0
4848,0,0.16611065,0.21228704,0.03039945,0
3076,0,0.16611065,0.19902919,0.01703317,0
1719,1,0.16611065,0.62501055,0.98183773,1
4410,0,0.16611065,0.02241279,0.00436777,0
9976,0,0.16611065,0.42644907,0.13746166,0
2563,0,0.16611065,0.04129354,0.00343340,0
4938,0,0.16611065,0.26844110,0.01300846,0
1866,1,0.16611065,0.27593016,0.60158855,1
6352,0,0.16611065,0.05620792,0.00668323,0
7581,0,0.16611065,0.14778640,0.00828801,0
712,1,0.16611065,0.20954797,0.87484302,1
6302,0,0.16611065,0.10210287,0.03839108,0
489,1,0.16611065,0.38532452,0.04222507,0
10089,0,0.16611065,0.22121080,0.83213011,1
6739,0,0.16611065,0.02560200,0.00110493,0
10383,0,0.16611065,0.03926040,0.01710194,0
9619,0,0.16611065,0.02852105,0.00568818,0
1398,1,0.16611065,0.09247523,0.89675444,1
8029,0,0.16611065,0.06598733,0.00360343,0
10180,0,0.16611065,0.04459456,0.01303725,0
2814,0,0.16611065,0.09391653,0.00171980,0
777,1,0.16611065,0.46992176,0.99261081,1
10949,0,0.16611065,0.04758732,0.00656722,0
7841,0,0.16611065,0.00351795,0.00662150,0
1533,1,0.16611065,0.19312325,0.91597089,1
2688,0,0.16611065,0.14914046,0.01280791,0
684,1,0.16611065,0.14297812,0.80004367,1
6074,0,0.16611065,0.65490769,0.05178184,0
3377,0,0.16611065,0.10982259,0.02674654,0
10298,0,0.16611065,0.06040643,0.00398384,0
11718,0,0.16611065,0.00338922,0.02912012,0
5902,0,0.16611065,0.01489090,0.00724908,0
1781,1,0.16611065,0.11513267,0.82952371,1
774,1,0.16611065,0.40536374,0.94858914,1
1517,1,0.16611065,0.06557983,0.77167382,1
5385,0,0.16611065,0.02818463,0.02439108,0
1935,1,0.16611065,0.02898608,0.47409166,0
11430,0,0.16611065,0.09823305,0.04713479,0
4950,0,0.16611065,0.09767912,0.00271065,0
6723,0,0.16611065,0.04206074,0.00341777,0
4797,0,0.16611065,0.08346824,0.00302954,0
10895,0,0.16611065,0.08012052,0.00948011,0
7326,0,0.16611065,0.00654443,0.00009218,0
10354,0,0.16611065,0.08876090,0.01073070,0
2074,0,0.16611065,0.40754132,0.03694105,0
7878,0,0.16611065,0.01979987,0.01951936,0
9453,0,0.16611065,0.03727243,0.00086836,0
6491,0,0.16611065,0.41175288,0.14013258,0
1694,1,0.16611065,0.27782351,0.98810488,1
11683,0,0.16611065,0.18969752,0.02344046,0
2762,0,0.16611065,0.19782935,0.15518529,0
810,1,0.16611065,0.48411603,0.99992063,1
2989,0,0.16611065,0.21105580,0.00332637,0
6548,0,0.16611065,0.03171150,0.00212942,0
5276,0,0.16611065,0.30941988,0.01414096,0
5620,0,0.16611065,0.03619975,0.00586298,0
4034,0,0.16611065,0.01534754,0.01715055,0
9793,0,0.16611065,0.01682829,0.01605311,0
4340,0,0.16611065,0.14182975,0.00229446,0
5553,0,0.16611065,0.01380676,0.01079397,0
8701,0,0.16611065,0.23271399,0.07701649,0
6790,0,0.16611065,0.03271590,0.00242385,0
10056,0,0.16611065,0.02091440,0.00076249,0
4482,0,0.16611065,0.78116286,0.04266518,0
6070,0,0.16611065,0.00907144,0.00281320,0
656,1,0.16611065,0.05586681,0.74511527,1
9823,0,0.16611065,0.05061828,0.00060426,0
9341,0,0.16611065,0.15342808,0.04468345,0
178,1,0.16611065,0.28009122,0.90303189,1
9383,0,0.16611065,0.31752976,0.06296915,0
2386,0,0.16611065,0.08544572,0.02379605,0
38,1,0.16611065,0.67454283,0.99992063,1
618,1,0.16611065,0.34494812,0.99146522,1
2971,0,0.16611065,0.12669335,0.02406873,0
10822,0,0.16611065,0.06226845,0.05574137,0
11773,0,0.16611065,0.09891698,0.01381845,0
472,1,0.16611065,0.36828229,0.99299245,1
4900,0,0.16611065,0.13109471,0.00826010,0
3847,0,0.16611065,0.03463904,0.00142278,0
3572,0,0.16611065,0.11126009,0.01406904,0
9303,0,0.16611065,0.15482246,0.00806506,0
8468,0,0.16611065,0.09975817,0.01409807,0
1438,1,0.16611065,0.06065490,0.92024791,1
5161,0,0.16611065,0.09008311,0.06020289,0
8137,0,0.16611065,0.15261258,0.00839606,0
1168,1,0.16611065,0.64263011,0.98674328,1
1483,1,0.16611065,0.61604983,0.99992063,1
6459,0,0.16611065,0.07863791,0.04534859,0
4372,0,0.16611065,0.15334527,0.00124543,0
1695,1,0.16611065,0.10582617,0.16876723,0
8727,0,0.16611065,0.04345998,0.04825603,0
7028,0,0.16611065,0.62156754,0.11054392,0
4270,0,0.16611065,0.10299464,0.00329815,0
3231,0,0.16611065,0.07172290,0.00388469,0
4735,0,0.16611065,0.20073183,0.01155794,0
995,1,0.16611065,0.08728681,0.84319367,1
2290,0,0.16611065,0.22032349,0.07319569,0
3433,0,0.16611065,0.03605867,0.00932745,0
4801,0,0.16611065,0.08629125,0.04029058,0
8333,0,0.16611065,0.04341325,0.00048170,0
10940,0,0.16611065,0.13532700,0.00382351,0
4995,0,0.16611065,0.03153927,0.00488659,0
3282,0,0.16611065,0.09236611,0.02573805,0
544,1,0.16611065,0.12623189,0.89506570,1
598,1,0.16611065,0.59611649,0.98747475,1
3627,0,0.16611065,0.14957463,0.00170762,0
783,1,0.16611065,0.33666762,0.95670393,1
2249,0,0.16611065,0.00974250,0.01174381,0
6591,0,0.16611065,0.04178823,0.09397212,0
8588,0,0.16611065,0.14123829,0.00712039,0
10415,0,0.16611065,0.06923478,0.00796602,0
2361,0,0.16611065,0.49592660,0.10368918,0
3856,0,0.16611065,0.22589751,0.00952870,0
2069,0,0.16611065,0.02068275,0.00310253,0
864,1,0.16611065,0.14501814,0.77749607,1
11813,0,0.16611065,0.01643766,0.02411215,0
7133,0,0.16611065,0.00646102,0.01185656,0
626,1,0.16611065,0.11640823,0.78155502,1
80,1,0.16611065,0.31239825,0.98368606,1
3132,0,0.16611065,0.01976971,0.13017002,0
2152,0,0.16611065,0.03659064,0.00122763,0
10856,0,0.16611065,0.02403219,0.00063615,0
1763,1,0.16611065,0.63240874,0.98640817,1
7310,0,0.16611065,0.08473460,0.00101176,0
1971,1,0.16611065,0.48805561,0.93376091,1
10862,0,0.16611065,0.02948560,0.01405947,0
9696,0,0.16611065,0.00626039,0.00005128,0
1702,1,0.16611065,0.17464731,0.76595544,1
6296,0,0.16611065,0.13445223,0.03999266,0
5598,0,0.16611065,0.22973956,0.13332508,0
9480,0,0.16611065,0.07743002,0.00556578,0
9721,0,0.16611065,0.12797320,0.00681365,0
1495,1,0.16611065,0.59614083,0.98133033,1
5462,0,0.16611065,0.04457528,0.01383354,0
5487,0,0.16611065,0.14353600,0.00582195,0
695,1,0.16611065,0.15281357,0.88443989,1
9177,0,0.16611065,0.05871390,0.00319032,0
9515,0,0.16611065,0.06771138,0.02819267,0
11012,0,0.16611065,0.16970928,0.01127703,0
5704,0,0.16611065,0.19225700,0.00149662,0
3229,0,0.16611065,0.00784327,0.00200610,0
7325,0,0.16611065,0.09422892,0.03337205,0
11187,0,0.16611065,0.74729689,0.07381537,0
10985,0,0.16611065,0.25238674,0.00661941,0
9409,0,0.16611065,0.08076567,0.00579182,0
8343,0,0.16611065,0.00477866,0.00451427,0
5103,0,0.16611065,0.30762475,0.06988291,0
4127,0,0.16611065,0.70670417,0.02798768,0
3053,0,0.16611065,0.07637289,0.01817114,0
11640,0,0.16611065,0.17950650,0.00078893,0
3243,0,0.16611065,0.03816033,0.00044884,0
7742,0,0.16611065,0.44928922,0.02865355,0
4711,0,0.16611065,0.04579705,0.01280996,0
9540,0,0.16611065,0.04540891,0.33770538,0
10210,0,0.16611065,0.08140767,0.04592209,0
3054,0,0.16611065,0.04680713,0.01700166,0
1118,1,0.16611065,0.51368324,0.98424533,1
10743,0,0.16611065,0.01334918,0.00269747,0
1895,1,0.16611065,0.15878392,0.71973748,1
7313,0,0.16611065,0.10028999,0.00283697,0
8949,0,0.16611065,0.06378594,0.06313678,0
7916,0,0.16611065,0.14428054,0.01839406,0
7797,0,0.16611065,0.16684326,0.15587575,0
383,1,0.16611065,0.29694060,0.96686333,1
4495,0,0.16611065,0.08146241,0.01011903,0
6249,0,0.16611065,0.12366535,0.00292312,0
1817,1,0.16611065,0.13648076,0.70134433,1
5550,0,0.16611065,0.00364330,0.00400000,0
5589,0,0.16611065,0.05539541,0.00698742,0
4445,0,0.16611065,0.09566223,0.00947081,0
6937,0,0.16611065,0.08882253,0.00180352,0
1614,1,0.16611065,0.07937031,0.87037870,1
7868,0,0.16611065,0.09341293,0.36213136,0
4062,0,0.16611065,0.07455647,0.00218112,0
497,1,0.16611065,0.23863224,0.97433458,1
11338,0,0.16611065,0.02879658,0.00535014,0
8631,0,0.16611065,0.52756639,0.12429806,0
2181,0,0.16611065,0.08855736,0.00596848,0
8646,0,0.16611065,0.01660632,0.00007183,0
7845,0,0.16611065,0.13495286,0.01494890,0
9231,0,0.16611065,0.19656305,0.11641934,0
6442,0,0.16611065,0.02551366,0.00132755,0
10144,0,0.16611065,0.03356983,0.00363257,0
6649,0,0.16611065,0.04265125,0.00377242,0
5317,0,0.16611065,0.05761906,0.01790774,0
3752,0,0.16611065,0.06051794,0.01128148,0
5891,0,0.16611065,0.06669427,0.00717253,0
6716,0,0.16611065,0.07267933,0.08093339,0
8456,0,0.16611065,0.04510030,0.00594371,0
10058,0,0.16611065,0.07546266,0.04291696,0
11196,0,0.16611065,0.20897284,0.10347118,0
3742,0,0.16611065,0.07991550,0.01340239,0
3150,0,0.16611065,0.06730376,0.01215909,0
9131,0,0.16611065,0.04812376,0.00036272,0
9854,0,0.16611065,0.07264010,0.03992380,0
10421,0,0.16611065,0.14856133,0.05549715,0
7627,0,0.16611065,0.17874686,0.00138008,0
958,1,0.16611065,0.25185711,0.97239981,1
9882,0,0.16611065,0.01043391,0.00068185,0
3967,0,0.16611065,0.19797345,0.00361191,0
9332,0,0.16611065,0.31233762,0.01206321,0
7713,0,0.16611065,0.63382810,0.15742060,0
7774,0,0.16611065,0.05660960,0.00109558,0
576,1,0.16611065,0.36925766,0.06774958,0
4104,0,0.16611065,0.01267300,0.00730692,0
5921,0,0.16611065,0.07072882,0.02118626,0
4177,0,0.16611065,0.05561118,0.01501494,0
9928,0,0.16611065,0.04621401,0.01806150,0
6828,0,0.16611065,0.06879318,0.00347877,0
11978,0,0.16611065,0.48191188,0.01114913,0
1998,0,0.16611065,0.04566634,0.02616019,0
5345,0,0.16611065,0.14418155,0.00161938,0
6962,0,0.16611065,0.06252932,0.03453869,0
11892,0,0.16611065,0.17454077,0.03114337,0
10778,0,0.16611065,0.20260388,0.03458377,0
11596,0,0.16611065,0.04419574,0.03029903,0
8230,0,0.16611065,0.02285380,0.01037626,0
2450,0,0.16611065,0.17410454,0.01253443,0
5989,0,0.16611065,0.21170951,0.07774699,0
5728,0,0.16611065,0.06357995,0.03256776,0
8576,0,0.16611065,0.07686710,0.18165040,0
9665,0,0.16611065,0.06720299,0.01236431,0
11221,0,0.16611065,0.05582612,0.02336175,0
8019,0,0.16611065,0.18730988,0.04926529,0
11811,0,0.16611065,0.12047806,0.01445800,0
2276,0,0.16611065,0.05174317,0.00430766,0
4965,0,0.16611065,0.03072563,0.10794306,0
1644,1,0.16611065,0.52393959,0.98220181,1
560,1,0.16611065,0.39314692,0.99084846,1
8564,0,0.16611065,0.12419174,0.03015723,0
843,1,0.16611065,0.27448240,0.95910002,1
8516,0,0.16611065,0.13805674,0.13988648,0
4359,0,0.16611065,0.04333510,0.00668900,0
10683,0,0.16611065,0.09528985,0.01244372,0
11909,0,0.16611065,0.10431101,0.02173158,0
4588,0,0.16611065,0.00216710,0.00000000,0
7914,0,0.16611065,0.05461286,0.08920201,0
11496,0,0.16611065,0.19348973,0.03887149,0
11832,0,0.16611065,0.01633119,0.01465055,0
1113,1,0.16611065,0.22420811,0.96413923,1
11062,0,0.16611065,0.05730464,0.01874901,0
11616,0,0.16611065,0.03488830,0.00016891,0
10167,0,0.16611065,0.01332699,0.01225641,0
6694,0,0.16611065,0.04654060,0.00346111,0
9889,0,0.16611065,0.07685378,0.00423179,0
9987,0,0.16611065,0.00115387,0.00166667,0
2106,0,0.16611065,0.69797546,0.15763862,0
1968,1,0.16611065,0.22472043,0.98871251,1
6331,0,0.16611065,0.15144158,0.02334415,0
9187,0,0.16611065,0.16197046,0.01231896,0
9158,0,0.16611065,0.60644586,0.03768783,0
1345,1,0.16611065,0.00830022,0.05108254,0
10799,0,0.16611065,0.29990564,0.02268682,0
2686,0,0.16611065,0.08259691,0.00199790,0
7681,0,0.16611065,0.06788837,0.00409296,0
1648,1,0.16611065,0.62809900,0.98097808,1
8712,0,0.16611065,0.02849848,0.00340234,0
3520,0,0.16611065,0.15831534,0.15994817,0
40,1,0.16611065,0.14910995,0.91912160,1
8753,0,0.16611065,0.01571104,0.01382500,0
5717,0,0.16611065,0.04428667,0.02296668,0
636,1,0.16611065,0.35158019,0.99261077,1
2383,0,0.16611065,0.25154781,0.07765712,0
829,1,0.16611065,0.22655057,0.62224772,1
9517,0,0.16611065,0.22675635,0.16015842,0
702,1,0.16611065,0.35460142,0.98628327,1
10568,0,0.16611065,0.47177192,0.04858560,0
8322,0,0.16611065,0.06457987,0.01132011,0
257,1,0.16611065,0.26737185,0.98758102,1
2864,0,0.16611065,0.07102459,0.00874791,0
3869,0,0.16611065,0.44734805,0.06791144,0
7169,0,0.16611065,0.03077562,0.00921501,0
2761,0,0.16611065,0.06174152,0.03080816,0
6259,0,0.16611065,0.05355050,0.00980319,0
6607,0,0.16611065,0.05748247,0.00029135,0
9791,0,0.16611065,0.07877305,0.02811696,0
7338,0,0.16611065,0.44026913,0.09023827,0
1330,1,0.16611065,0.56737446,0.99405841,1
8627,0,0.16611065,0.26942446,0.00423374,0
11376,0,0.16611065,0.02116432,0.01229468,0
5225,0,0.16611065,0.05456716,0.00297911,0
11661,0,0.16611065,0.40076407,0.01761528,0
7715,0,0.16611065,0.22960196,0.02350422,0
9089,0,0.16611065,0.05218003,0.00970418,0
10473,0,0.16611065,0.24747348,0.05661513,0
10380,0,0.16611065,0.20147692,0.00268501,0
4730,0,0.16611065,0.20403782,0.01687886,0
202,1,0.16611065,0.17854285,0.90415145,1
6727,0,0.16611065,0.06493396,0.00781533,0
8940,0,0.16611065,0.07999245,0.01177807,0
410,1,0.16611065,0.18189556,0.80492569,1
175,1,0.16611065,0.15284033,0.00356288,0
9975,0,0.16611065,0.04037581,0.01638783,0
8485,0,0.16611065,0.13867393,0.02130481,0
3800,0,0.16611065,0.10965407,0.00807834,0
5601,0,0.16611065,0.09933053,0.02002172,0
9257,0,0.16611065,0.00947871,0.00732502,0
7334,0,0.16611065,0.15272896,0.00162119,0
7090,0,0.16611065,0.08721942,0.00764314,0
8510,0,0.16611065,0.15848793,0.00786928,0
1878,1,0.16611065,0.33008049,0.99082326,1
8898,0,0.16611065,0.23318809,0.03011703,0
11498,0,0.16611065,0.06211383,0.10529992,0
11524,0,0.16611065,0.16952755,0.00526663,0
10766,0,0.16611065,0.47610933,0.03114087,0
10529,0,0.16611065,0.06025651,0.09939900,0
3819,0,0.16611065,0.02142299,0.01254938,0
4530,0,0.16611065,0.02785357,0.01067873,0
7140,0,0.16611065,0.38782323,0.02517418,0
1074,1,0.16611065,0.53290024,0.95697589,1
5609,0,0.16611065,0.27445271,0.03222983,0
642,1,0.16611065,0.40148349,0.98512663,1
4493,0,0.16611065,0.01464465,0.00177615,0
5264,0,0.16611065,0.68944537,0.11075552,0
7892,0,0.16611065,0.06247763,0.00107388,0
8758,0,0.16611065,0.06580081,0.01428594,0
7001,0,0.16611065,0.03804665,0.00640998,0
5422,0,0.16611065,0.05658442,0.22602592,0
9381,0,0.16611065,0.01581007,0.00283688,0
5726,0,0.16611065,0.17329906,0.01324027,0
9168,0,0.16611065,0.13373336,0.00325012,0
10624,0,0.16611065,0.19513031,0.02402145,0
5079,0,0.16611065,0.15237818,0.00217461,0
8027,0,0.16611065,0.00726012,0.00508277,0
11626,0,0.16611065,0.19702772,0.00409589,0
8850,0,0.16611065,0.00813674,0.02687094,0
5216,0,0.16611065,0.64724546,0.05460016,0
143,1,0.16611065,0.35881577,0.96047161,1
10750,0,0.16611065,0.10219397,0.00563367,0
6422,0,0.16611065,0.16512884,0.01629391,0
6860,0,0.16611065,0.13612602,0.07394841,0
2178,0,0.16611065,0.33740267,0.11815985,0
8977,0,0.16611065,0.11197706,0.04534748,0
11176,0,0.16611065,0.02461230,0.08088094,0
10231,0,0.16611065,0.01946694,0.00742510,0
3639,0,0.16611065,0.05855176,0.03468430,0
6789,0,0.16611065,0.07816163,0.13919426,0
6483,0,0.16611065,0.02242074,0.00649111,0
7363,0,0.16611065,0.22311305,0.05813371,0
338,1,0.16611065,0.27666129,0.98001536,1
1700,1,0.16611065,0.15605579,0.86521150,1
10712,0,0.16611065,0.01373558,0.00154534,0
11572,0,0.16611065,0.84074232,0.09174072,0
1033,1,0.16611065,0.53410785,0.97613475,1
652,1,0.16611065,0.28668569,0.97041567,1
8698,0,0.16611065,0.03490279,0.03747505,0
4358,0,0.16611065,0.03456630,0.00258978,0
3339,0,0.16611065,0.00508039,0.00594340,0
6028,0,0.16611065,0.18941692,0.06950370,0
10216,0,0.16611065,0.05284179,0.00188869,0
3669,0,0.16611065,0.01355906,0.00171917,0
7165,0,0.16611065,0.02409615,0.01234663,0
4931,0,0.16611065,0.03097347,0.00491169,0
9115,0,0.16611065,0.53704676,0.08549343,0
10729,0,0.16611065,0.03400236,0.00071558,0
5862,0,0.16611065,0.03138444,0.02010930,0
8987,0,0.16611065,0.01647839,0.00199024,0
8407,0,0.16611065,0.47501282,0.07636833,0
1911,1,0.16611065,0.40220215,0.99358991,1
3426,0,0.16611065,0.16490335,0.08496366,0
2621,0,0.16611065,0.02908339,0.01621138,0
10482,0,0.16611065,0.37690751,0.09039233,0
8693,0,0.16611065,0.21418395,0.00333862,0
7838,0,0.16611065,0.01388101,0.08650759,0
8421,0,0.16611065,0.10958663,0.04216729,0
4153,0,0.16611065,0.01493351,0.00097141,0
7957,0,0.16611065,0.12870155,0.01600655,0
10688,0,0.16611065,0.02394716,0.00345400,0
10968,0,0.16611065,0.62090910,0.04211427,0
4281,0,0.16611065,0.06751282,0.01112092,0
2121,0,0.16611065,0.01043289,0.00012195,0
9481,0,0.16611065,0.05827124,0.01211137,0
7078,0,0.16611065,0.00702146,0.00563046,0
9509,0,0.16611065,0.23528293,0.01100238,0
6837,0,0.16611065,0.11045779,0.00105666,0
4794,0,0.16611065,0.58289181,0.06817319,0
3814,0,0.16611065,0.24225100,0.06102529,0
8722,0,0.16611065,0.07004081,0.00790592,0
319,1,0.16611065,0.35437871,0.99026669,1
2235,0,0.16611065,0.04961726,0.00027301,0
7950,0,0.16611065,0.04389261,0.04879882,0
11025,0,0.16611065,0.01843118,0.12060571,0
10642,0,0.16611065,0.62492858,0.16746384,0
3992,0,0.16611065,0.60322939,0.05817451,0
3568,0,0.16611065,0.12500916,0.02021295,0
10896,0,0.16611065,0.02133849,0.00461006,0
10828,0,0.16611065,0.05174238,0.00735342,0
1224,1,0.16611065,0.36351865,0.99002852,1
11286,0,0.16611065,0.39880296,0.04167103,0
10664,0,0.16611065,0.01620532,0.06219412,0
3270,0,0.16611065,0.05893370,0.00108911,0
1585,1,0.16611065,0.26345575,0.95233229,1
9706,0,0.16611065,0.15333912,0.02560424,0
1054,1,0.16611065,0.29645127,0.96804302,1
1864,1,0.16611065,0.67492166,0.99116450,1
1032,1,0.16611065,0.29116446,0.93191169,1
4471,0,0.16611065,0.15503663,0.01766412,0
11441,0,0.16611065,0.01210208,0.00003062,0
8736,0,0.16611065,0.18223355,0.03363028,0
11324,0,0.16611065,0.05699827,0.01106990,0
7587,0,0.16611065,0.05055336,0.00265439,0
336,1,0.16611065,0.12912751,0.85756594,1
2827,0,0.16611065,0.21017486,0.00810713,0
1461,1,0.16611065,0.19587343,0.86404307,1
6276,0,0.16611065,0.03544897,0.00650371,0
7066,0,0.16611065,0.02676924,0.06073608,0
9656,0,0.16611065,0.02409661,0.01872441,0
1705,1,0.16611065,0.08752232,0.00770749,0
5183,0,0.16611065,0.03854190,0.01766069,0
3753,0,0.16611065,0.50503561,0.03844329,0
9423,0,0.16611065,0.32286332,0.00741771,0
10018,0,0.16611065,0.08591227,0.01180462,0
8617,0,0.16611065,0.24647255,0.00410211,0
622,1,0.16611065,0.30425586,0.96695821,1
896,1,0.16611065,0.45182079,0.92757143,1
5705,0,0.16611065,0.13784909,0.02210500,0
689,1,0.16611065,0.30216162,0.93763073,1
11293,0,0.16611065,0.11627501,0.01120723,0
5219,0,0.16611065,0.59547954,0.07340016,0
10416,0,0.16611065,0.17298040,0.01461046,0
4984,0,0.16611065,0.05394052,0.02616004,0
7337,0,0.16611065,0.26380424,0.02853079,0
11787,0,0.16611065,0.00615424,0.00619048,0
5997,0,0.16611065,0.29578486,0.04968240,0
6883,0,0.16611065,0.20876420,0.01298433,0
3369,0,0.16611065,0.04808197,0.02102837,0
6989,0,0.16611065,0.17223753,0.00411322,0
3642,0,0.16611065,0.09949074,0.02717060,0
8976,0,0.16611065,0.09544150,0.01517496,0
5822,0,0.16611065,0.25881452,0.02437603,0
8174,0,0.16611065,0.09708599,0.00676548,0
10009,0,0.16611065,0.07491301,0.00116137,0
10281,0,0.16611065,0.17677925,0.00215392,0
2445,0,0.16611065,0.09099744,0.01595450,0
10348,0,0.16611065,0.21831776,0.02179943,0
10007,0,0.16611065,0.10240174,0.00144299,0
3218,0,0.16611065,0.10067433,0.00358371,0
4549,0,0.16611065,0.00407701,0.00714981,0
9658,0,0.16611065,0.06656969,0.00571135,0
3592,0,0.16611065,0.16916231,0.03359073,0
10229,0,0.16611065,0.19057083,0.00262416,0
11869,0,0.16611065,0.06489604,0.00145744,0
1154,1,0.16611065,0.27878682,0.98804750,1
1807,1,0.16611065,0.47785092,0.99614871,1
2080,0,0.16611065,0.04770911,0.00129690,0
11421,0,0.16611065,0.14525735,0.00252815,0
1100,1,0.16611065,0.33280092,0.98052837,1
5410,0,0.16611065,0.21800565,0.02516802,0
6779,0,0.16611065,0.00984554,0.01155395,0
5587,0,0.16611065,0.11119515,0.03663617,0
11036,0,0.16611065,0.03388222,0.01397926,0
6849,0,0.16611065,0.06291949,0.00081776,0
4494,0,0.16611065,0.00098122,0.00000000,0
8388,0,0.16611065,0.09256156,0.01184290,0
5498,0,0.16611065,0.06536583,0.00356636,0
588,1,0.16611065,0.37740911,0.98774234,1
4955,0,0.16611065,0.20047773,0.00247526,0
5710,0,0.16611065,0.07025377,0.02846342,0
5646,0,0.16611065,0.44548893,0.07903079,0
3125,0,0.16611065,0.03428795,0.05736123,0
5423,0,0.16611065,0.01530620,0.00490836,0
11328,0,0.16611065,0.30857689,0.02497896,0
2845,0,0.16611065,0.06055362,0.03662339,0
6177,0,0.16611065,0.04042658,0.00151448,0
7392,0,0.16611065,0.02789948,0.00435862,0
8278,0,0.16611065,0.07521436,0.03746693,0
96,1,0.16611065,0.62718124,0.94305026,1
11733,0,0.16611065,0.21213082,0.02701360,0
1908,1,0.16611065,0.39679025,0.94112766,1
3762,0,0.16611065,0.10382579,0.00900693,0
8258,0,0.16611065,0.04244825,0.01701006,0
9607,0,0.16611065,0.04818754,0.00073803,0
7525,0,0.16611065,0.03717515,0.02431600,0
2029,0,0.16611065,0.06577844,0.02028990,0
4703,0,0.16611065,0.04196924,0.00797827,0
10324,0,0.16611065,0.06074959,0.01032224,0
5479,0,0.16611065,0.17816815,0.02260070,0
10875,0,0.16611065,0.10445572,0.02391845,0
939,1,0.16611065,0.34812999,0.99299245,1
5747,0,0.16611065,0.50720041,0.11040072,0
527,1,0.16611065,0.62126684,0.97288212,1
671,1,0.16611065,0.32185010,0.90821240,1
1635,1,0.16611065,0.60677959,0.94972084,1
2154,0,0.16611065,0.03550177,0.00143977,0
1177,1,0.16611065,0.32760842,0.98197916,1
1825,1,0.16611065,0.67201252,0.99785714,1
10580,0,0.16611065,0.11633591,0.00270742,0
7560,0,0.16611065,0.02162462,0.01546848,0
1499,1,0.16611065,0.08664126,0.90553745,1
2601,0,0.16611065,0.04318328,0.00344722,0
7339,0,0.16611065,0.05059257,0.00356801,0
5749,0,0.16611065,0.19390254,0.00909279,0
7514,0,0.16611065,0.17041549,0.04610369,0
5751,0,0.16611065,0.04841094,0.00185287,0
10217,0,0.16611065,0.06174916,0.00182427,0
7530,0,0.16611065,0.13953769,0.02322462,0
2876,0,0.16611065,0.07272241,0.00420545,0
4286,0,0.16611065,0.05484637,0.02092102,0
7775,0,0.16611065,0.24805831,0.00358243,0
4434,0,0.16611065,0.13908292,0.00150183,0
7178,0,0.16611065,0.02523267,0.04182342,0
5376,0,0.16611065,0.12017705,0.00511132,0
10188,0,0.16611065,0.12836020,0.02408766,0
6879,0,0.16611065,0.12340736,0.00515356,0
1691,1,0.16611065,0.22926320,0.85596430,1
5629,0,0.16611065,0.40414525,0.07650050,0
8634,0,0.16611065,0.06573399,0.02760402,0
2771,0,0.16611065,0.32184774,0.10222121,0
1631,1,0.16611065,0.36648684,0.98327901,1
11979,0,0.16611065,0.09851285,0.02858696,0
11505,0,0.16611065,0.64539567,0.31750069,0
7157,0,0.16611065,0.15450975,0.06776669,0
11803,0,0.16611065,0.00529439,0.00546176,0
3769,0,0.16611065,0.07547798,0.00287580,0
8995,0,0.16611065,0.08650616,0.02869854,0
587,1,0.16611065,0.13355672,0.93684031,1
7579,0,0.16611065,0.03483431,0.01106133,0
10419,0,0.16611065,0.09412919,0.00738518,0
9947,0,0.16611065,0.21623309,0.01236898,0
10726,0,0.16611065,0.01928039,0.00465857,0
1627,1,0.16611065,0.25326894,0.95340815,1
6633,0,0.16611065,0.06998917,0.01174791,0
8353,0,0.16611065,0.17825238,0.12394778,0
5538,0,0.16611065,0.11772892,0.02596848,0
8344,0,0.16611065,0.00598500,0.00452560,0
10455,0,0.16611065,0.16034222,0.05588932,0
3987,0,0.16611065,0.11344476,0.01479286,0
2433,0,0.16611065,0.04662158,0.00064940,0
9591,0,0.16611065,0.05735082,0.01174277,0
6775,0,0.16611065,0.07158825,0.13052950,0
9093,0,0.16611065,0.18997823,0.02411327,0
9081,0,0.16611065,0.03167297,0.02194622,0
4554,0,0.16611065,0.06598964,0.02199215,0
5019,0,0.16611065,0.13424524,0.01358231,0
5910,0,0.16611065,0.40187062,0.03624148,0
6661,0,0.16611065,0.02036474,0.15455043,0
5326,0,0.16611065,0.40795514,0.24719318,0
3295,0,0.16611065,0.03779653,0.01018170,0
10698,0,0.16611065,0.01409765,0.00079421,0
10793,0,0.16611065,0.66429924,0.13852722,0
3232,0,0.16611065,0.15765382,0.03239865,0
10905,0,0.16611065,0.03975785,0.00604887,0
4300,0,0.16611065,0.00523495,0.00834444,0
4121,0,0.16611065,0.02376515,0.01458487,0
2322,0,0.16611065,0.07402512,0.00686205,0
7869,0,0.16611065,0.01385815,0.00029775,0
9571,0,0.16611065,0.26218500,0.07266965,0
736,1,0.16611065,0.24412318,0.96000830,1
5791,0,0.16611065,0.02842274,0.00662529,0
3448,0,0.16611065,0.01473669,0.05729426,0
2246,0,0.16611065,0.06419251,0.00083116,0
11247,0,0.16611065,0.01365598,0.00443992,0
2566,0,0.16611065,0.09991486,0.17997140,0
3002,0,0.16611065,0.06820419,0.00868620,0
9443,0,0.16611065,0.16019106,0.03861226,0
8402,0,0.16611065,0.03286726,0.07081405,0
8311,0,0.16611065,0.05417491,0.03950919,0
11675,0,0.16611065,0.53857213,0.03547509,0
4791,0,0.16611065,0.03448563,0.01270759,0
8628,0,0.16611065,0.07655104,0.02812119,0
2505,0,0.16611065,0.02800203,0.01360634,0
4788,0,0.16611065,0.01470762,0.00403052,0
2320,0,0.16611065,0.11381474,0.01955993,0
8275,0,0.16611065,0.09839368,0.00136486,0
2334,0,0.16611065,0.01586522,0.01030418,0
10824,0,0.16611065,0.05029704,0.01016582,0
7346,0,0.16611065,0.30153055,0.30099119,0
2642,0,0.16611065,0.07040145,0.00622553,0
10023,0,0.16611065,0.42201729,0.18703989,0
8289,0,0.16611065,0.02925601,0.00240954,0
8462,0,0.16611065,0.05839154,0.01285782,0
59,1,0.16611065,0.18564559,0.85252655,1
8974,0,0.16611065,0.14634322,0.00871889,0
9544,0,0.16611065,0.05407954,0.02120768,0
153,1,0.16611065,0.38113209,0.98124086,1
8990,0,0.16611065,0.07226364,0.01182037,0
3197,0,0.16611065,0.32806514,0.11114837,0
8199,0,0.16611065,0.06866281,0.00391773,0
7987,0,0.16611065,0.05725511,0.00457244,0
5879,0,0.16611065,0.07211482,0.02745505,0
6216,0,0.16611065,0.07073850,0.00401254,0
4887,0,0.16611065,0.08963386,0.08011504,0
10936,0,0.16611065,0.52817531,0.04495514,0
6209,0,0.16611065,0.18199177,0.02046172,0
308,1,0.16611065,0.25150486,0.94937133,1
9064,0,0.16611065,0.08665802,0.00109951,0
9965,0,0.16611065,0.15464635,0.00132187,0
240,1,0.16611065,0.59958374,0.99715783,1
10922,0,0.16611065,0.06414539,0.01966894,0
9531,0,0.16611065,0.01356680,0.01042631,0
225,1,0.16611065,0.16509503,0.90093560,1
8263,0,0.16611065,0.02143070,0.00588954,0
71,1,0.16611065,0.55020707,0.77441061,1
1894,1,0.16611065,0.07926183,0.74004536,1
8367,0,0.16611065,0.06658992,0.01552866,0
3491,0,0.16611065,0.08661133,0.00195420,0
378,1,0.16611065,0.23411850,0.00836379,0
5405,0,0.16611065,0.02177641,0.00573312,0
10707,0,0.16611065,0.00681552,0.00321019,0
2815,0,0.16611065,0.31445806,0.11073486,0
11192,0,0.16611065,0.17564519,0.00622063,0
8011,0,0.16611065,0.07500875,0.00453888,0
11220,0,0.16611065,0.59601537,0.03107982,0
5662,0,0.16611065,0.06318676,0.00455394,0
1647,1,0.16611065,0.54853392,0.97248626,1
3128,0,0.16611065,0.09520310,0.00904176,0
4521,0,0.16611065,0.24382780,0.00410879,0
9639,0,0.16611065,0.13723698,0.00669627,0
8015,0,0.16611065,0.26304897,0.01726075,0
5624,0,0.16611065,0.00484550,0.00787865,0
11948,0,0.16611065,0.50848818,0.03833939,0
5228,0,0.16611065,0.09350288,0.00119056,0
8732,0,0.16611065,0.31237950,0.05713303,0
1844,1,0.16611065,0.39833382,0.96058035,1
9684,0,0.16611065,0.03086302,0.00158080,0
287,1,0.16611065,0.32533165,0.94404762,1
1751,1,0.16611065,0.28024740,0.90329461,1
9378,0,0.16611065,0.28997746,0.02905192,0
8957,0,0.16611065,0.13710463,0.00775730,0
6574,0,0.16611065,0.02635506,0.01268063,0
2854,0,0.16611065,0.09298996,0.00262269,0
2842,0,0.16611065,0.02987506,0.00588108,0
5591,0,0.16611065,0.69891611,0.09801804,0
3805,0,0.16611065,0.16138524,0.02311285,0
4002,0,0.16611065,0.13484922,0.01076631,0
6435,0,0.16611065,0.11711958,0.00878144,0
10866,0,0.16611065,0.26930066,0.01874813,0
945,1,0.16611065,0.38548135,0.97899965,1
8970,0,0.16611065,0.21374881,0.10094652,0
8533,0,0.16611065,0.02892955,0.00624314,0
3317,0,0.16611065,0.02387146,0.12672622,0
10660,0,0.16611065,0.06764775,0.00307622,0
2192,0,0.16611065,0.72217833,0.03660723,0
11213,0,0.16611065,0.13128025,0.11754714,0
5643,0,0.16611065,0.76329383,0.05891713,0
6538,0,0.16611065,0.12660562,0.05580696,0
627,1,0.16611065,0.27868806,0.69179075,1
8318,0,0.16611065,0.16339593,0.00871201,0
5020,0,0.16611065,0.03276143,0.01034960,0
9994,0,0.16611065,0.40194288,0.09668818,0
8347,0,0.16611065,0.02703016,0.11154981,0
5011,0,0.16611065,0.04186894,0.04422907,0
10330,0,0.16611065,0.61225474,0.11568888,0
6580,0,0.16611065,0.00769183,0.00009456,0
6878,0,0.16611065,0.70285959,0.03393402,0
8674,0,0.16611065,0.50609669,0.04815697,0
1348,1,0.16611065,0.48687621,0.92405275,1
1921,1,0.16611065,0.13759497,0.43009000,0
10049,0,0.16611065,0.09191055,0.00592447,0
11317,0,0.16611065,0.05609209,0.00229352,0
2637,0,0.16611065,0.02265958,0.00353277,0
186,1,0.16611065,0.56480707,0.99305916,1
11710,0,0.16611065,0.04314193,0.00542064,0
1929,1,0.16611065,0.30411628,0.93664537,1
2206,0,0.16611065,0.05774327,0.00954342,0
10797,0,0.16611065,0.06761114,0.00477732,0
9020,0,0.16611065,0.11933099,0.01196859,0
6549,0,0.16611065,0.02555566,0.00570421,0
1143,1,0.16611065,0.39707468,0.96040856,1
1439,1,0.16611065,0.56117056,0.97476049,1
3299,0,0.16611065,0.32804771,0.06877179,0
5793,0,0.16611065,0.04543583,0.00659842,0
3438,0,0.16611065,0.04580254,0.00838108,0
9156,0,0.16611065,0.08648616,0.00600671,0
1237,1,0.16611065,0.28604903,0.98820249,1
7510,0,0.16611065,0.10497369,0.05934053,0
2479,0,0.16611065,0.16197671,0.00690320,0
1252,1,0.16611065,0.39177846,0.98450508,1
5709,0,0.16611065,0.18071155,0.01469531,0
7489,0,0.16611065,0.03531787,0.00506575,0
9430,0,0.16611065,0.23870221,0.03856211,0
8665,0,0.16611065,0.17947872,0.00947812,0
5166,0,0.16611065,0.12236879,0.02386127,0
6254,0,0.16611065,0.10151713,0.80582734,1
4519,0,0.16611065,0.07293621,0.00464283,0
1587,1,0.16611065,0.17855269,0.84952376,1
2360,0,0.16611065,0.14392645,0.00361154,0
8807,0,0.16611065,0.03380913,0.00374720,0
6670,0,0.16611065,0.05351704,0.00515206,0
10191,0,0.16611065,0.08340092,0.00341017,0
7565,0,0.16611065,0.33523226,0.01642917,0
6476,0,0.16611065,0.09540519,0.11626845,0
7577,0,0.16611065,0.08678091,0.08619227,0
11138,0,0.16611065,0.15590784,0.00365499,0
3810,0,0.16611065,0.07684381,0.00206865,0
8043,0,0.16611065,0.15423221,0.00574089,0
3072,0,0.16611065,0.06099558,0.04216025,0
6487,0,0.16611065,0.07667964,0.03421572,0
5238,0,0.16611065,0.03169394,0.02321995,0
11175,0,0.16611065,0.00649203,0.01465177,0
11199,0,0.16611065,0.04043046,0.08522705,0
7503,0,0.16611065,0.08619797,0.01129070,0
6246,0,0.16611065,0.02368794,0.03494724,0
9439,0,0.16611065,0.12213824,0.12760961,0
6627,0,0.16611065,0.10610774,0.00470103,0
10939,0,0.16611065,0.07521425,0.02191574,0
7855,0,0.16611065,0.15901075,0.01492223,0
4835,0,0.16611065,0.09554301,0.02827186,0
4646,0,0.16611065,0.02856779,0.00106894,0
3368,0,0.16611065,0.66603601,0.06152047,0
8293,0,0.16611065,0.18382338,0.01144671,0
3688,0,0.16611065,0.06070379,0.00564964,0
8336,0,0.16611065,0.05288079,0.00778309,0
11280,0,0.16611065,0.02043816,0.00583846,0
1242,1,0.16611065,0.52375378,0.93664255,1
3175,0,0.16611065,0.16905264,0.00363265,0
2900,0,0.16611065,0.06751645,0.00073693,0
8163,0,0.16611065,0.05084503,0.08228704,0
9415,0,0.16611065,0.06449507,0.00165382,0
3160,0,0.16611065,0.09169681,0.13945662,0
6922,0,0.16611065,0.32613658,0.03754270,0
8290,0,0.16611065,0.16169653,0.00699565,0
8365,0,0.16611065,0.12404371,0.00535868,0
5203,0,0.16611065,0.15804746,0.02036445,0
11374,0,0.16611065,0.09852673,0.02936390,0
667,1,0.16611065,0.64704805,0.99073835,1
48,1,0.16611065,0.36225287,0.98886947,1
2813,0,0.16611065,0.01349147,0.04268000,0
3514,0,0.16611065,0.07166466,0.01666588,0
7311,0,0.16611065,0.15726091,0.04844966,0
2537,0,0.16611065,0.68828985,0.17059554,0
11780,0,0.16611065,0.10699497,0.02316925,0
2197,0,0.16611065,0.63452225,0.24082450,0
4942,0,0.16611065,0.22038407,0.00928502,0
8872,0,0.16611065,0.03094371,0.00030294,0
7211,0,0.16611065,0.07624977,0.00375540,0
10496,0,0.16611065,0.03571364,0.00560436,0
8229,0,0.16611065,0.06163253,0.13617464,0
8500,0,0.16611065,0.20946026,0.00296048,0
11276,0,0.16611065,0.25396866,0.00273533,0
2717,0,0.16611065,0.46913304,0.10181653,0
10792,0,0.16611065,0.06546244,0.00755133,0
3994,0,0.16611065,0.02254081,0.00080230,0
697,1,0.16611065,0.23769563,0.99218419,1
467,1,0.16611065,0.12616367,0.93280585,1
43,1,0.16611065,0.58445205,0.99295635,1
4686,0,0.16611065,0.21135438,0.01756904,0
10424,0,0.16611065,0.11070114,0.00233096,0
316,1,0.16611065,0.33396869,0.99143305,1
2588,0,0.16611065,0.09894041,0.00169744,0
11647,0,0.16611065,0.08498671,0.00181629,0
1538,1,0.16611065,0.15928337,0.80741016,1
8328,0,0.16611065,0.16369020,0.00394753,0
10387,0,0.16611065,0.06699515,0.00990509,0
6169,0,0.16611065,0.00843479,0.00149959,0
11927,0,0.16611065,0.01090973,0.03373413,0
1913,1,0.16611065,0.34920918,0.99261077,1
5364,0,0.16611065,0.05909121,0.00511760,0
8729,0,0.16611065,0.14413733,0.00085433,0
2758,0,0.16611065,0.12171553,0.04643618,0
11370,0,0.16611065,0.11013840,0.02277237,0
11019,0,0.16611065,0.04271909,0.01629839,0
6743,0,0.16611065,0.09984696,0.01949103,0
11701,0,0.16611065,0.02255994,0.02211051,0
3920,0,0.16611065,0.10505803,0.01008830,0
3169,0,0.16611065,0.12315649,0.01005972,0
7647,0,0.16611065,0.04502478,0.00731970,0
5693,0,0.16611065,0.06758328,0.01382219,0
6867,0,0.16611065,0.00924173,0.00043208,0
7149,0,0.16611065,0.21177981,0.04460217,0
6135,0,0.16611065,0.04469428,0.00537580,0
7141,0,0.16611065,0.12398635,0.00217590,0
11304,0,0.16611065,0.06900155,0.01951259,0
5656,0,0.16611065,0.14273212,0.00789423,0
11644,0,0.16611065,0.15261177,0.02699899,0
6257,0,0.16611065,0.09581216,0.01810366,0
4195,0,0.16611065,0.11247825,0.00861996,0
6168,0,0.16611065,0.00793554,0.00392932,0
9138,0,0.16611065,0.09403566,0.00623659,0
10933,0,0.16611065,0.03826899,0.03433497,0
3045,0,0.16611065,0.24315854,0.10277529,0
420,1,0.16611065,0.56144228,0.98495094,1
853,1,0.16611065,0.12594599,0.89952000,1
11810,0,0.16611065,0.14193032,0.00097228,0
6644,0,0.16611065,0.04473006,0.00445780,0
380,1,0.16611065,0.24336312,0.90312176,1
3057,0,0.16611065,0.03008698,0.00052986,0
4491,0,0.16611065,0.00406445,0.00067114,0
9348,0,0.16611065,0.06955420,0.00217418,0
2013,0,0.16611065,0.01765925,0.00237373,0
9874,0,0.16611065,0.11100196,0.01915250,0
2784,0,0.16611065,0.01599730,0.03908983,0
4035,0,0.16611065,0.00111476,0.00168980,0
11990,0,0.16611065,0.22409500,0.01706742,0
819,1,0.16611065,0.59853025,0.99427270,1
6869,0,0.16611065,0.07830048,0.01037267,0
4623,0,0.16611065,0.07358381,0.00687195,0
3939,0,0.16611065,0.03078675,0.01808321,0
3578,0,0.16611065,0.04314554,0.00970570,0
6100,0,0.16611065,0.01230043,0.00242683,0
7683,0,0.16611065,0.17089842,0.02348913,0
897,1,0.16611065,0.13402748,0.84104936,1
9212,0,0.16611065,0.03679591,0.01472061,0
4999,0,0.16611065,0.18484928,0.00952812,0
6830,0,0.16611065,0.11863914,0.00443175,0
10916,0,0.16611065,0.03082772,0.00451084,0
8295,0,0.16611065,0.19041986,0.05802000,0
7986,0,0.16611065,0.07836824,0.00200567,0
5315,0,0.16611065,0.04805822,0.00228108,0
3240,0,0.16611065,0.56224435,0.06309498,0
8551,0,0.16611065,0.05492023,0.04879166,0
2076,0,0.16611065,0.07839795,0.00202419,0
9914,0,0.16611065,0.03295117,0.03538719,0
11272,0,0.16611065,0.18955231,0.09561280,0
9300,0,0.16611065,0.11546871,0.01104660,0
5869,0,0.16611065,0.03604931,0.00577103,0
4736,0,0.16611065,0.15123924,0.01060229,0
10382,0,0.16611065,0.05967633,0.00111281,0
4221,0,0.16611065,0.12420213,0.02841996,0
3227,0,0.16611065,0.18734098,0.02679551,0
3626,0,0.16611065,0.12211307,0.00354286,0
8184,0,0.16611065,0.52102396,0.22219487,0
1497,1,0.16611065,0.75167999,0.79867593,1
10211,0,0.16611065,0.16331315,0.00440272,0
3422,0,0.16611065,0.01132730,0.00023256,0
5574,0,0.16611065,0.12233830,0.00042094,0
5888,0,0.16611065,0.11839513,0.00340381,0
6907,0,0.16611065,0.01845124,0.00557692,0
2963,0,0.16611065,0.53265244,0.20889186,0
6619,0,0.16611065,0.37052361,0.08425915,0
7762,0,0.16611065,0.49913217,0.11178070,0
845,1,0.16611065,0.50514606,0.96309687,1
1207,1,0.16611065,0.58815298,0.89411899,1
5143,0,0.16611065,0.01453660,0.00371205,0
114,1,0.16611065,0.10336248,0.92415805,1
6674,0,0.16611065,0.19636200,0.02966847,0
3837,0,0.16611065,0.08114272,0.00378875,0
660,1,0.16611065,0.24851350,0.96607914,1
11085,0,0.16611065,0.07910172,0.00714480,0
10313,0,0.16611065,0.03352443,0.00801438,0
1147,1,0.16611065,0.19558592,0.92675962,1
4911,0,0.16611065,0.06257270,0.00162773,0
10398,0,0.16611065,0.10984910,0.05823981,0
10978,0,0.16611065,0.15342765,0.00342511,0
11080,0,0.16611065,0.06856437,0.00189900,0
7221,0,0.16611065,0.07251435,0.01092167,0
384,1,0.16611065,0.07879855,0.72963526,1
3121,0,0.16611065,0.66095917,0.06448686,0
3806,0,0.16611065,0.06869790,0.01355394,0
3684,0,0.16611065,0.01736162,0.00065193,0
11699,0,0.16611065,0.01243887,0.06885564,0
8589,0,0.16611065,0.07923640,0.00184800,0
2396,0,0.16611065,0.53813217,0.02742355,0
3307,0,0.16611065,0.22404564,0.01551542,0
11939,0,0.16611065,0.02465891,0.00025524,0
6188,0,0.16611065,0.55324910,0.06276610,0
8724,0,0.16611065,0.01505823,0.00632813,0
5854,0,0.16611065,0.03778622,0.00343349,0
6949,0,0.16611065,0.02639078,0.00392335,0
3699,0,0.16611065,0.19216580,0.00883586,0
7537,0,0.16611065,0.17847347,0.00122900,0
4391,0,0.16611065,0.03439712,0.02724516,0
852,1,0.16611065,0.34517562,0.96938993,1
11928,0,0.16611065,0.01168050,0.02982605,0
10208,0,0.16611065,0.19692261,0.00193387,0
1650,1,0.16611065,0.59362644,0.98049700,1
5576,0,0.16611065,0.03123949,0.01484762,0
11137,0,0.16611065,0.01148031,0.00138881,0
5731,0,0.16611065,0.22861513,0.00309077,0
590,1,0.16611065,0.27273927,0.02133602,0
8286,0,0.16611065,0.02294115,0.00628469,0
5043,0,0.16611065,0.06127096,0.00431173,0
5938,0,0.16611065,0.02387433,0.00012582,0
7082,0,0.16611065,0.03408469,0.05108020,0
8565,0,0.16611065,0.06469897,0.01006125,0
1406,1,0.16611065,0.14379608,0.90668222,1
7213,0,0.16611065,0.08174350,0.00690236,0
3513,0,0.16611065,0.10634342,0.00476882,0
7430,0,0.16611065,0.07203792,0.01758442,0
6133,0,0.16611065,0.18601687,0.02908304,0
8497,0,0.16611065,0.46331050,0.16673817,0
10124,0,0.16611065,0.13783568,0.01526273,0
6027,0,0.16611065,0.06623877,0.02826811,0
5063,0,0.16611065,0.25032518,0.01662732,0
1981,1,0.16611065,0.35352419,0.99046123,1
2055,0,0.16611065,0.04608602,0.00384016,0
3324,0,0.16611065,0.09133774,0.00684896,0
2223,0,0.16611065,0.16332553,0.00274876,0
11844,0,0.16611065,0.15475545,0.00379218,0
11649,0,0.16611065,0.29271152,0.04106021,0
197,1,0.16611065,0.67016180,0.99392633,1
7033,0,0.16611065,0.30650839,0.00929379,0
7937,0,0.16611065,0.05336757,0.01358042,0
5367,0,0.16611065,0.20614349,0.01586405,0
3281,0,0.16611065,0.16536692,0.00720809,0
11897,0,0.16611065,0.28126305,0.02063955,0
9543,0,0.16611065,0.07125323,0.00108747,0
8537,0,0.16611065,0.10068507,0.01717512,0
888,1,0.16611065,0.06332631,0.75184509,1
9470,0,0.16611065,0.11991681,0.03785716,0
5555,0,0.16611065,0.07577292,0.00101176,0
5394,0,0.16611065,0.07690494,0.00789938,0
7729,0,0.16611065,0.05902007,0.00606325,0
3334,0,0.16611065,0.11670986,0.00098685,0
5162,0,0.16611065,0.01747398,0.00226132,0
4967,0,0.16611065,0.06667771,0.00056226,0
5669,0,0.16611065,0.07576016,0.01413333,0
3703,0,0.16611065,0.03284610,0.00554902,0
4650,0,0.16611065,0.05331413,0.06407196,0
10874,0,0.16611065,0.29840139,0.05214474,0
6992,0,0.16611065,0.14454978,0.00264488,0
9849,0,0.16611065,0.03138938,0.01334496,0
3257,0,0.16611065,0.04144495,0.02107022,0
6342,0,0.16611065,0.04106830,0.00202600,0
5447,0,0.16611065,0.09159064,0.00183423,0
8574,0,0.16611065,0.08727780,0.00738383,0
9594,0,0.16611065,0.17552797,0.16279318,0
809,1,0.16611065,0.09121559,0.90974701,1
4708,0,0.16611065,0.14717755,0.00117922,0
2195,0,0.16611065,0.02215169,0.01257277,0
4005,0,0.16611065,0.07617364,0.00212987,0
9588,0,0.16611065,0.14424895,0.08229197,0
9112,0,0.16611065,0.15388940,0.05599999,0
8843,0,0.16611065,0.00525320,0.00114138,0
6024,0,0.16611065,0.15326949,0.11176325,0
3237,0,0.16611065,0.62475202,0.05655628,0
9579,0,0.16611065,0.02003816,0.00609857,0
11747,0,0.16611065,0.00889468,0.36477995,0
7104,0,0.16611065,0.11306791,0.02131381,0
4256,0,0.16611065,0.04807576,0.03943653,0
4843,0,0.16611065,0.06796760,0.00584727,0
4651,0,0.16611065,0.03957739,0.00153060,0
11460,0,0.16611065,0.06425255,0.02181985,0
1334,1,0.16611065,0.37519577,0.98422898,1
11542,0,0.16611065,0.03292213,0.00162379,0
7799,0,0.16611065,0.04533055,0.01805559,0
5267,0,0.16611065,0.04793561,0.00363257,0
10481,0,0.16611065,0.20673954,0.03989513,0
1226,1,0.16611065,0.68781588,0.97290049,1
11218,0,0.16611065,0.83044065,0.11638918,0
2964,0,0.16611065,0.07951372,0.00205268,0
498,1,0.16611065,0.14578338,0.05378444,0
10061,0,0.16611065,0.34439022,0.03413709,0
11533,0,0.16611065,0.17041218,0.00833399,0
11815,0,0.16611065,0.02612617,0.00611805,0
9302,0,0.16611065,0.01398434,0.00261537,0
9208,0,0.16611065,0.01108243,0.02372240,0
5890,0,0.16611065,0.06310901,0.00604909,0
7674,0,0.16611065,0.04285665,0.00568864,0
8921,0,0.16611065,0.14086365,0.01053486,0
10942,0,0.16611065,0.04423288,0.01250710,0
11669,0,0.16611065,0.45532872,0.04361457,0
3026,0,0.16611065,0.09566873,0.05724767,0
6205,0,0.16611065,0.02304686,0.00024784,0
9241,0,0.16611065,0.05648424,0.01725394,0
7784,0,0.16611065,0.05391249,0.00863748,0
895,1,0.16611065,0.29333881,0.44878472,0
9050,0,0.16611065,0.46015537,0.10321809,0
6960,0,0.16611065,0.19407674,0.00940167,0
5521,0,0.16611065,0.01057973,0.01858831,0
4927,0,0.16611065,0.13721211,0.06518675,0
3055,0,0.16611065,0.02155112,0.00521738,0
9185,0,0.16611065,0.12871280,0.00196788,0
8647,0,0.16611065,0.36417568,0.05736666,0
10141,0,0.16611065,0.11024054,0.00166478,0
4781,0,0.16611065,0.13898564,0.01877713,0
1989,1,0.16611065,0.19831385,0.91367739,1
302,1,0.16611065,0.37141395,0.84474195,1
3700,0,0.16611065,0.02359973,0.00629096,0
2514,0,0.16611065,0.02703432,0.03308201,0
8913,0,0.16611065,0.09455948,0.00083511,0
299,1,0.16611065,0.11685120,0.84821703,1
7271,0,0.16611065,0.15134447,0.00802942,0
6162,0,0.16611065,0.03183060,0.00069126,0
1626,1,0.16611065,0.38093942,0.95876230,1
274,1,0.16611065,0.63162664,0.99030357,1
5261,0,0.16611065,0.05033860,0.16467524,0
2004,0,0.16611065,0.09691610,0.00143683,0
883,1,0.16611065,0.11597147,0.88963797,1
7628,0,0.16611065,0.01582865,0.03053801,0
1161,1,0.16611065,0.12759268,0.89806996,1
358,1,0.16611065,0.34801645,0.17993571,0
3664,0,0.16611065,0.22260992,0.01820900,0
11322,0,0.16611065,0.00608620,0.00004284,0
9162,0,0.16611065,0.46078350,0.08540782,0
879,1,0.16611065,0.09263519,0.92721641,1
3718,0,0.16611065,0.13872453,0.14507668,0
4407,0,0.16611065,0.15812681,0.06350283,0
4384,0,0.16611065,0.04995642,0.01356700,0
5739,0,0.16611065,0.02537827,0.00645938,0
51,1,0.16611065,0.31808592,0.99050832,1
1473,1,0.16611065,0.32044351,0.93533559,1
10673,0,0.16611065,0.47932910,0.10863201,0
619,1,0.16611065,0.07400233,0.01200140,0
2422,0,0.16611065,0.13106193,0.21579602,0
9145,0,0.16611065,0.05758554,0.02845552,0
1572,1,0.16611065,0.74412529,0.98779657,1
8559,0,0.16611065,0.05976961,0.04787117,0
11856,0,0.16611065,0.04680141,0.04212944,0
5135,0,0.16611065,0.27671553,0.03057585,0
3266,0,0.16611065,0.06657880,0.00322959,0
4949,0,0.16611065,0.12494061,0.00281350,0
10151,0,0.16611065,0.04116133,0.00879846,0
8961,0,0.16611065,0.03703151,0.00174755,0
5788,0,0.16611065,0.09994224,0.11763834,0
5347,0,0.16611065,0.44019980,0.27608885,0
5754,0,0.16611065,0.07492709,0.00147716,0
2597,0,0.16611065,0.03131483,0.00538899,0
3457,0,0.16611065,0.14833543,0.06150554,0
292,1,0.16611065,0.34638218,0.95282933,1
5312,0,0.16611065,0.04266050,0.01071439,0
11930,0,0.16611065,0.00138123,0.02691554,0
6061,0,0.16611065,0.03175481,0.02648377,0
737,1,0.16611065,0.48729912,0.96446161,1
5681,0,0.16611065,0.62275151,0.28568808,0
5321,0,0.16611065,0.02455689,0.00030253,0
7622,0,0.16611065,0.04352398,0.00448576,0
7823,0,0.16611065,0.07416647,0.00624631,0
4111,0,0.16611065,0.01450795,0.00752756,0
3508,0,0.16611065,0.34210418,0.07526155,0
9772,0,0.16611065,0.36088027,0.99366006,1
2959,0,0.16611065,0.57817290,0.05030755,0
11748,0,0.16611065,0.00438099,0.02756746,0
4687,0,0.16611065,0.06035616,0.01398815,0
1624,1,0.16611065,0.53968372,0.98268880,1
8088,0,0.16611065,0.06065814,0.00963879,0
2657,0,0.16611065,0.01583555,0.00329417,0
194,1,0.16611065,0.12357541,0.81008223,1
3985,0,0.16611065,0.08325580,0.00368384,0
11188,0,0.16611065,0.22599261,0.00769563,0
6190,0,0.16611065,0.07563269,0.01705641,0
11855,0,0.16611065,0.07709874,0.00888112,0
1922,1,0.16611065,0.33395147,0.98816934,1
2626,0,0.16611065,0.02489351,0.00254114,0
4288,0,0.16611065,0.01524666,0.05581066,0
3750,0,0.16611065,0.09687699,0.02500703,0
11893,0,0.16611065,0.05851928,0.18313047,0
7589,0,0.16611065,0.03207912,0.02233107,0
4412,0,0.16611065,0.18745085,0.00777720,0
9626,0,0.16611065,0.29299041,0.01590618,0
8393,0,0.16611065,0.18701141,0.00793653,0
3156,0,0.16611065,0.03012288,0.01573616,0
5815,0,0.16611065,0.00626741,0.00580006,0
6448,0,0.16611065,0.04290115,0.05237740,0
971,1,0.16611065,0.29526317,0.96153007,1
11678,0,0.16611065,0.10051540,0.00325558,0
8084,0,0.16611065,0.19249790,0.01491966,0
10441,0,0.16611065,0.12612781,0.00015470,0
7384,0,0.16611065,0.07849403,0.00383743,0
5729,0,0.16611065,0.23812457,0.00343994,0
904,1,0.16611065,0.53669146,0.93574660,1
10765,0,0.16611065,0.01156012,0.00100836,0
6248,0,0.16611065,0.43842439,0.01252331,0
3450,0,0.16611065,0.20471230,0.01014885,0
7534,0,0.16611065,0.04274848,0.00674665,0
5787,0,0.16611065,0.12400731,0.00727021,0
9386,0,0.16611065,0.01939998,0.08228672,0
3051,0,0.16611065,0.07899533,0.00625226,0
5967,0,0.16611065,0.02539238,0.01415527,0
9216,0,0.16611065,0.15444902,0.00231316,0
8271,0,0.16611065,0.04732138,0.00088584,0
10286,0,0.16611065,0.17432742,0.00227844,0
3131,0,0.16611065,0.27530662,0.04258586,0
27,1,0.16611065,0.36326203,0.99467538,1
1481,1,0.16611065,0.64746610,0.98467774,1
10501,0,0.16611065,0.13971761,0.04156534,0
10558,0,0.16611065,0.13168818,0.03869418,0
5819,0,0.16611065,0.00759427,0.00009615,0
11614,0,0.16611065,0.27044776,0.04048132,0
6737,0,0.16611065,0.11829673,0.22550696,0
10340,0,0.16611065,0.04996802,0.00365887,0
6978,0,0.16611065,0.05257954,0.00556459,0
1945,1,0.16611065,0.02765273,0.60558154,1
6950,0,0.16611065,0.09559560,0.00839293,0
10998,0,0.16611065,0.64816622,0.01383222,0
7343,0,0.16611065,0.05108999,0.02596153,0
4854,0,0.16611065,0.03318891,0.01835459,0
7302,0,0.16611065,0.15245200,0.00379520,0
11551,0,0.16611065,0.76012941,0.03344653,0
1271,1,0.16611065,0.08050090,0.89696028,1
9265,0,0.16611065,0.00778584,0.00748971,0
11529,0,0.16611065,0.31048256,0.05090961,0
2599,0,0.16611065,0.23355858,0.00955869,0
5908,0,0.16611065,0.24909084,0.00539570,0
5021,0,0.16611065,0.12196384,0.00182843,0
10132,0,0.16611065,0.10429192,0.00178897,0
11006,0,0.16611065,0.32331305,0.03014289,0
6667,0,0.16611065,0.07970234,0.00274522,0
7544,0,0.16611065,0.04787417,0.00604153,0
246,1,0.16611065,0.41062555,0.99021405,1
11234,0,0.16611065,0.20068524,0.01078985,0
11632,0,0.16611065,0.51569366,0.01959696,0
10396,0,0.16611065,0.45061943,0.02091653,0
9608,0,0.16611065,0.01861407,0.01087545,0
8035,0,0.16611065,0.12193928,0.01278877,0
10512,0,0.16611065,0.06008422,0.02042458,0
8675,0,0.16611065,0.03097118,0.01798773,0
5516,0,0.16611065,0.02710818,0.00482051,0
4315,0,0.16611065,0.29994426,0.03122557,0
1816,1,0.16611065,0.21311789,0.98860139,1
293,1,0.16611065,0.30423346,0.89749188,1
2180,0,0.16611065,0.05040132,0.02348095,0
889,1,0.16611065,0.02669155,0.46639499,0
5244,0,0.16611065,0.05409558,0.02000168,0
3899,0,0.16611065,0.10567856,0.01005737,0
6299,0,0.16611065,0.22570402,0.06548800,0
6917,0,0.16611065,0.15498491,0.00600078,0
771,1,0.16611065,0.26822457,0.02949572,0
5865,0,0.16611065,0.42108332,0.16041518,0
5444,0,0.16611065,0.40121442,0.08061087,0
8394,0,0.16611065,0.10114596,0.00394376,0
6035,0,0.16611065,0.39450909,0.13347279,0
9573,0,0.16611065,0.23554341,0.64164770,1
11254,0,0.16611065,0.25368917,0.06993261,0
8479,0,0.16611065,0.12100030,0.00236094,0
3274,0,0.16611065,0.18886920,0.00257413,0
215,1,0.16611065,0.40258409,0.93881731,1
9739,0,0.16611065,0.17572434,0.00972619,0
5570,0,0.16611065,0.04565071,0.00377670,0
9553,0,0.16611065,0.09486694,0.00259168,0
5886,0,0.16611065,0.45431210,0.06573645,0
10581,0,0.16611065,0.05722852,0.00704463,0
5548,0,0.16611065,0.00365418,0.00000000,0
6900,0,0.16611065,0.16149443,0.01123419,0
5088,0,0.16611065,0.04198728,0.02325765,0
4260,0,0.16611065,0.33666732,0.01877897,0
4413,0,0.16611065,0.07238783,0.05939212,0
813,1,0.16611065,0.21891335,0.90924912,1
10754,0,0.16611065,0.17829490,0.02738771,0
8579,0,0.16611065,0.02992392,0.02105018,0
11380,0,0.16611065,0.19026177,0.02854267,0
6848,0,0.16611065,0.31124553,0.01483504,0
6971,0,0.16611065,0.02306960,0.00847707,0
466,1,0.16611065,0.57382759,0.99896591,1
8738,0,0.16611065,0.16091280,0.08553204,0
10087,0,0.16611065,0.40348552,0.05175964,0
9958,0,0.16611065,0.04063721,0.00035210,0
441,1,0.16611065,0.13318942,0.83013698,1
7966,0,0.16611065,0.01426753,0.04765625,0
5563,0,0.16611065,0.04568069,0.00178419,0
3904,0,0.16611065,0.62290269,0.05622362,0
6431,0,0.16611065,0.53744155,0.05084072,0
6995,0,0.16611065,0.14874801,0.60512634,1
9142,0,0.16611065,0.04539797,0.02011242,0
9005,0,0.16611065,0.07079600,0.15238301,0
6440,0,0.16611065,0.02806495,0.12692028,0
11852,0,0.16611065,0.36640058,0.02904219,0
4649,0,0.16611065,0.05065715,0.01591108,0
7646,0,0.16611065,0.13114461,0.04592949,0
6214,0,0.16611065,0.19417454,0.01925763,0
540,1,0.16611065,0.20874087,0.90812213,1
2023,0,0.16611065,0.35414700,0.04884678,0
2766,0,0.16611065,0.22435133,0.01211973,0
5480,0,0.16611065,0.07458929,0.00545539,0
11065,0,0.16611065,0.05393877,0.00195420,0
7385,0,0.16611065,0.07552691,0.01030754,0
8309,0,0.16611065,0.01799391,0.00178444,0
1754,1,0.16611065,0.46416256,0.05318541,0
11731,0,0.16611065,0.05993640,0.10435071,0
7176,0,0.16611065,0.01977499,0.00073145,0
7833,0,0.16611065,0.03797497,0.00052719,0
1995,0,0.16611065,0.24047471,0.01280690,0
2475,0,0.16611065,0.04719283,0.00750111,0
2620,0,0.16611065,0.06149172,0.00666798,0
11049,0,0.16611065,0.02159662,0.00660481,0
1567,1,0.16611065,0.71341199,0.93416042,1
11351,0,0.16611065,0.11027710,0.00347879,0
10555,0,0.16611065,0.07036803,0.01340609,0
775,1,0.16611065,0.61479332,0.91577280,1
10001,0,0.16611065,0.03612586,0.00613879,0
4919,0,0.16611065,0.10166490,0.00491633,0
10883,0,0.16611065,0.05000645,0.00828102,0
3546,0,0.16611065,0.13132522,0.04390531,0
6996,0,0.16611065,0.07261794,0.00286433,0
3801,0,0.16611065,0.21018230,0.06709978,0
1263,1,0.16611065,0.66994900,0.99176354,1
11663,0,0.16611065,0.30116633,0.01751408,0
5622,0,0.16611065,0.23261105,0.07475008,0
4578,0,0.16611065,0.05044147,0.03893055,0
6479,0,0.16611065,0.02409468,0.00047599,0
7500,0,0.16611065,0.09986261,0.04648281,0
2605,0,0.16611065,0.05256518,0.00488762,0
9136,0,0.16611065,0.19178735,0.00470389,0
9382,0,0.16611065,0.17933322,0.02635935,0
9555,0,0.16611065,0.05181422,0.01260116,0
2447,0,0.16611065,0.12759330,0.02716240,0
10702,0,0.16611065,0.20845362,0.00712379,0
4685,0,0.16611065,0.04990494,0.12884355,0
3878,0,0.16611065,0.06493649,0.00030766,0
8345,0,0.16611065,0.27262307,0.01144110,0
4777,0,0.16611065,0.01232877,0.00759271,0
8751,0,0.16611065,0.20129595,0.05009644,0
9213,0,0.16611065,0.01038806,0.01640349,0
11480,0,0.16611065,0.05845280,0.03338095,0
9757,0,0.16611065,0.03409482,0.01415800,0
1169,1,0.16611065,0.66218231,0.99785714,1
4592,0,0.16611065,0.72128928,0.05163750,0
1709,1,0.16611065,0.68782636,0.99992063,1
6449,0,0.16611065,0.01417323,0.00001483,0
9047,0,0.16611065,0.17942405,0.03090940,0
3613,0,0.16611065,0.24187609,0.01788675,0
2260,0,0.16611065,0.09347637,0.01337935,0
11319,0,0.16611065,0.15810716,0.01158445,0
11836,0,0.16611065,0.01043367,0.00114173,0
11349,0,0.16611065,0.11543414,0.00176026,0
6416,0,0.16611065,0.17887386,0.02937917,0
2439,0,0.16611065,0.47795338,0.02254972,0
4535,0,0.16611065,0.00743239,0.00446951,0
992,1,0.16611065,0.37124504,0.90263695,1
11182,0,0.16611065,0.26765885,0.05066660,0
2304,0,0.16611065,0.00884199,0.00135051,0
1750,1,0.16611065,0.32549482,0.95359950,1
229,1,0.16611065,0.24328385,0.91758286,1
3629,0,0.16611065,0.14845370,0.00626817,0
1520,1,0.16611065,0.09954935,0.87939192,1
3989,0,0.16611065,0.15487978,0.05059894,0
6277,0,0.16611065,0.21200719,0.00836068,0
8967,0,0.16611065,0.15199877,0.02414832,0
9034,0,0.16611065,0.03394925,0.00120272,0
7650,0,0.16611065,0.10790922,0.00435118,0
8392,0,0.16611065,0.13623631,0.00053199,0
3624,0,0.16611065,0.04370311,0.00731671,0
8954,0,0.16611065,0.07001920,0.00367996,0
439,1,0.16611065,0.35945140,0.99122715,1
1951,1,0.16611065,0.38339640,0.97031378,1
9460,0,0.16611065,0.26686946,0.00418134,0
6251,0,0.16611065,0.66381527,0.02949856,0
7988,0,0.16611065,0.18435440,0.03416070,0
4229,0,0.16611065,0.14503687,0.00132652,0
3582,0,0.16611065,0.02405956,0.01757043,0
5327,0,0.16611065,0.02491341,0.00374962,0
8720,0,0.16611065,0.13255828,0.00502670,0
2267,0,0.16611065,0.08713189,0.10366421,0
6543,0,0.16611065,0.02448752,0.00093529,0
1508,1,0.16611065,0.12308198,0.81062718,1
8572,0,0.16611065,0.10767372,0.01030504,0
6081,0,0.16611065,0.07672247,0.01263158,0
2945,0,0.16611065,0.02056036,0.01040275,0
471,1,0.16611065,0.13429148,0.89422054,1
6129,0,0.16611065,0.03003679,0.00933161,0
8107,0,0.16611065,0.07491744,0.00294234,0
7576,0,0.16611065,0.20556844,0.12767568,0
11827,0,0.16611065,0.46446785,0.06227671,0
2432,0,0.16611065,0.13414903,0.03100638,0
7296,0,0.16611065,0.20129363,0.04592098,0
5658,0,0.16611065,0.08939963,0.02606277,0
7846,0,0.16611065,0.06055342,0.00834662,0
10995,0,0.16611065,0.06196121,0.00128492,0
3670,0,0.16611065,0.02636276,0.00396530,0
9221,0,0.16611065,0.01991999,0.00548478,0
2473,0,0.16611065,0.50583648,0.03805006,0
9896,0,0.16611065,0.02026323,0.00809127,0
3787,0,0.16611065,0.24573015,0.01399624,0
7964,0,0.16611065,0.03324329,0.00642212,0
791,1,0.16611065,0.12110831,0.87364700,1
2124,0,0.16611065,0.06295992,0.00177353,0
8757,0,0.16611065,0.36721760,0.02320021,0
11,1,0.16611065,0.65898127,0.99715783,1
8856,0,0.16611065,0.04357255,0.00128808,0
1629,1,0.16611065,0.29199129,0.96321338,1
140,1,0.16611065,0.62989758,0.98258694,1
66,1,0.16611065,0.22372639,0.98749028,1
10821,0,0.16611065,0.09422540,0.02190457,0
5944,0,0.16611065,0.05916050,0.01101659,0
1046,1,0.16611065,0.33028882,0.97456012,1
1316,1,0.16611065,0.27032964,0.98847607,1
1371,1,0.16611065,0.31782334,0.98313157,1
9399,0,0.16611065,0.04003450,0.01349159,0
11843,0,0.16611065,0.17404021,0.00102000,0
998,1,0.16611065,0.00855532,0.52658227,1
7411,0,0.16611065,0.02014392,0.04652781,0
11972,0,0.16611065,0.56720427,0.01461226,0
2415,0,0.16611065,0.19461037,0.03745687,0
7439,0,0.16611065,0.10311923,0.00298423,0
7210,0,0.16611065,0.05282876,0.00808384,0
858,1,0.16611065,0.65573294,0.98772812,1
9274,0,0.16611065,0.06902865,0.00734077,0
526,1,0.16611065,0.56855915,0.98076049,1
3528,0,0.16611065,0.05647171,0.00397748,0
5849,0,0.16611065,0.05207589,0.00852944,0
11767,0,0.16611065,0.02933724,0.00101484,0
415,1,0.16611065,0.18335118,0.80977513,1
869,1,0.16611065,0.18744483,0.93484996,1
10297,0,0.16611065,0.14892062,0.01026068,0
9343,0,0.16611065,0.28883008,0.08464514,0
5285,0,0.16611065,0.34094721,0.06090311,0
3996,0,0.16611065,0.00633734,0.00115544,0
5440,0,0.16611065,0.28670405,0.01362433,0
1196,1,0.16611065,0.53371101,0.99440628,1
9502,0,0.16611065,0.27006655,0.03511276,0
5375,0,0.16611065,0.66810701,0.19292405,0
9197,0,0.16611065,0.19763027,0.00280829,0
11886,0,0.16611065,0.38664181,0.05237293,0
6668,0,0.16611065,0.13210777,0.00902842,0
11746,0,0.16611065,0.00597579,0.02091007,0
9848,0,0.16611065,0.14510938,0.00209283,0
3204,0,0.16611065,0.04670155,0.06023428,0
4604,0,0.16611065,0.12861339,0.00394337,0
10538,0,0.16611065,0.49745185,0.04148204,0
9232,0,0.16611065,0.02501466,0.00075724,0
4889,0,0.16611065,0.03271659,0.00021869,0
1606,1,0.16611065,0.23046366,0.18100905,0
4547,0,0.16611065,0.27405847,0.02669465,0
5416,0,0.16611065,0.31891849,0.01890706,0
9655,0,0.16611065,0.02009690,0.02428923,0
7132,0,0.16611065,0.05016274,0.01075553,0
9022,0,0.16611065,0.21767570,0.00614100,0
8873,0,0.16611065,0.55620689,0.03604290,0
5293,0,0.16611065,0.08906421,0.00495231,0
539,1,0.16611065,0.05482093,0.77769403,1
8366,0,0.16611065,0.08389192,0.01810580,0
1111,1,0.16611065,0.54306375,0.99651154,1
10436,0,0.16611065,0.12777269,0.03766215,0
7059,0,0.16611065,0.01964653,0.03332288,0
31,1,0.16611065,0.33285171,0.94282489,1
9997,0,0.16611065,0.09848089,0.00039486,0
10456,0,0.16611065,0.07895685,0.01141277,0
2058,0,0.16611065,0.07393173,0.00129267,0
5107,0,0.16611065,0.01608213,0.00344732,0
11751,0,0.16611065,0.41575978,0.01770539,0
8593,0,0.16611065,0.27712431,0.04018097,0
921,1,0.16611065,0.24757463,0.98750165,1
11713,0,0.16611065,0.59469039,0.09835196,0
5645,0,0.16611065,0.24716673,0.07684653,0
11070,0,0.16611065,0.31164967,0.06625359,0
6109,0,0.16611065,0.66162296,0.05096119,0
7615,0,0.16611065,0.05017580,0.01725800,0
11543,0,0.16611065,0.11271951,0.00790552,0
1952,1,0.16611065,0.64034366,0.98000198,1
7780,0,0.16611065,0.15203217,0.04568465,0
4546,0,0.16611065,0.01228107,0.03455268,0
5639,0,0.16611065,0.05554120,0.01558900,0
10466,0,0.16611065,0.07178312,0.00230562,0
475,1,0.16611065,0.69904840,0.89014444,1
4665,0,0.16611065,0.09927231,0.03035033,0
5177,0,0.16611065,0.08776850,0.00311249,0
1845,1,0.16611065,0.25215231,0.98718419,1
848,1,0.16611065,0.14445796,0.41046654,0
3123,0,0.16611065,0.25855016,0.02870032,0
4189,0,0.16611065,0.04621134,0.10587068,0
9568,0,0.16611065,0.08997161,0.01177634,0
10218,0,0.16611065,0.04396775,0.01632259,0
8778,0,0.16611065,0.04908492,0.01548877,0
10962,0,0.16611065,0.10027813,0.01198974,0
6796,0,0.16611065,0.08544504,0.00608307,0
8482,0,0.16611065,0.13741468,0.03180630,0
9749,0,0.16611065,0.06474108,0.00248049,0
3472,0,0.16611065,0.20628621,0.01047896,0
6735,0,0.16611065,0.03262693,0.00493577,0
2268,0,0.16611065,0.19326807,0.04170781,0
9369,0,0.16611065,0.04855351,0.00878543,0
6772,0,0.16611065,0.07500799,0.00269267,0
1515,1,0.16611065,0.11492409,0.79815589,1
5181,0,0.16611065,0.09584333,0.03097830,0
10042,0,0.16611065,0.17602077,0.00489891,0
7249,0,0.16611065,0.08787674,0.01607540,0
6781,0,0.16611065,0.02214936,0.00020656,0
3248,0,0.16611065,0.08475631,0.00192157,0
6570,0,0.16611065,0.12140799,0.00535241,0
5832,0,0.16611065,0.12662865,0.00985749,0
7332,0,0.16611065,0.00615150,0.00276839,0
1159,1,0.16611065,0.49464531,0.99987500,1
11136,0,0.16611065,0.06555789,0.00468357,0
10379,0,0.16611065,0.08107623,0.01165713,0
1890,1,0.16611065,0.23168254,0.98371251,1
8003,0,0.16611065,0.07943034,0.02407506,0
1682,1,0.16611065,0.38979567,0.99199524,1
1855,1,0.16611065,0.30184020,0.97077265,1
11962,0,0.16611065,0.00947144,0.00255311,0
11383,0,0.16611065,0.00279831,0.00280840,0
9230,0,0.16611065,0.37857472,0.00538877,0
8350,0,0.16611065,0.24645827,0.02323810,0
6204,0,0.16611065,0.05168304,0.00254673,0
7526,0,0.16611065,0.02973127,0.02347459,0
5949,0,0.16611065,0.04110892,0.00074755,0
7064,0,0.16611065,0.27714962,0.01097201,0
1861,1,0.16611065,0.13180802,0.88305118,1
8220,0,0.16611065,0.01993345,0.00057091,0
1109,1,0.16611065,0.33870431,0.98498648,1
5628,0,0.16611065,0.16517872,0.01357108,0
8157,0,0.16611065,0.53451458,0.19178004,0
6146,0,0.16611065,0.43762154,0.23699377,0
9998,0,0.16611065,0.63340668,0.03936691,0
1149,1,0.16611065,0.21900385,0.90667333,1
9285,0,0.16611065,0.31782568,0.04642328,0
2769,0,0.16611065,0.22879425,0.00591351,0
3998,0,0.16611065,0.04352840,0.00235829,0
4847,0,0.16611065,0.06526139,0.13737332,0
9747,0,0.16611065,0.08515550,0.00860645,0
8022,0,0.16611065,0.09169688,0.01150090,0
344,1,0.16611065,0.30615053,0.96122995,1
3908,0,0.16611065,0.11196393,0.02702192,0
4969,0,0.16611065,0.00762118,0.01243855,0
2718,0,0.16611065,0.37473067,0.13858233,0
11081,0,0.16611065,0.02787954,0.00812719,0
10377,0,0.16611065,0.09454787,0.00807436,0
5481,0,0.16611065,0.03366924,0.06573926,0
6934,0,0.16611065,0.00723321,0.00181131,0
6634,0,0.16611065,0.05986886,0.00189048,0
18,1,0.16611065,0.03009218,0.66882513,1
5262,0,0.16611065,0.05741356,0.00099673,0
4597,0,0.16611065,0.06590360,0.00303596,0
10969,0,0.16611065,0.01076625,0.00169892,0
9774,0,0.16611065,0.07852989,0.06701914,0
892,1,0.16611065,0.14587186,0.89641769,1
2355,0,0.16611065,0.03993848,0.00104317,0
4194,0,0.16611065,0.28056912,0.03184153,0
8605,0,0.16611065,0.01894893,0.00058246,0
11605,0,0.16611065,0.82779475,0.13136241,0
7910,0,0.16611065,0.06345213,0.04077368,0
5917,0,0.16611065,0.17687664,0.02257372,0
2851,0,0.16611065,0.04566064,0.00368376,0
2705,0,0.16611065,0.02128477,0.00042328,0
11792,0,0.16611065,0.04145857,0.00019139,0
3778,0,0.16611065,0.02435339,0.00606267,0
7453,0,0.16611065,0.07440744,0.05262548,0
4131,0,0.16611065,0.19462672,0.01845535,0
11327,0,0.16611065,0.03930505,0.00594636,0
9336,0,0.16611065,0.02070403,0.00051174,0
5128,0,0.16611065,0.05747593,0.05429903,0
3091,0,0.16611065,0.07578868,0.00922847,0
2913,0,0.16611065,0.06285311,0.00195354,0
5421,0,0.16611065,0.51090060,0.09719811,0
6517,0,0.16611065,0.05172474,0.00206788,0
5074,0,0.16611065,0.02230372,0.01206030,0
1467,1,0.16611065,0.25306095,0.99146991,1
4520,0,0.16611065,0.31694411,0.00905595,0
2387,0,0.16611065,0.25475654,0.01733301,0
6057,0,0.16611065,0.06853961,0.14132554,0
9714,0,0.16611065,0.37630681,0.03025707,0
11712,0,0.16611065,0.02649229,0.00078600,0
2068,0,0.16611065,0.16593104,0.01838801,0
11657,0,0.16611065,0.16011585,0.26875391,0
7223,0,0.16611065,0.04999520,0.00530531,0
8219,0,0.16611065,0.12104156,0.00532600,0
4370,0,0.16611065,0.14907378,0.05622544,0
7434,0,0.16611065,0.16923012,0.73720298,1
1079,1,0.16611065,0.11302503,0.86939782,1
5427,0,0.16611065,0.05680378,0.25111334,0
8889,0,0.16611065,0.09408825,0.00226386,0
1435,1,0.16611065,0.04351266,0.62065908,1
11940,0,0.16611065,0.03984109,0.01167873,0
4502,0,0.16611065,0.03129850,0.00090464,0
6143,0,0.16611065,0.20521397,0.01061920,0
5987,0,0.16611065,0.08906595,0.02269552,0
7407,0,0.16611065,0.02375422,0.00854766,0
3757,0,0.16611065,0.14367564,0.02949291,0
7835,0,0.16611065,0.07691454,0.03354281,0
3031,0,0.16611065,0.17328286,0.00730094,0
7708,0,0.16611065,0.42324250,0.11572319,0
6210,0,0.16611065,0.11271722,0.00096641,0
6926,0,0.16611065,0.07521172,0.00565779,0
6886,0,0.16611065,0.01898092,0.00630513,0
3012,0,0.16611065,0.14546004,0.12177961,0
6568,0,0.16611065,0.42707946,0.08416078,0
11592,0,0.16611065,0.04015131,0.00049426,0
4792,0,0.16611065,0.73523142,0.18688359,0
6567,0,0.16611065,0.04806632,0.00308228,0
6291,0,0.16611065,0.10683743,0.00087701,0
10259,0,0.16611065,0.17333575,0.00369011,0
8077,0,0.16611065,0.01093788,0.09245928,0
11323,0,0.16611065,0.09117454,0.00179766,0
1492,1,0.16611065,0.36334123,0.94441773,1
1720,1,0.16611065,0.44827929,0.03151782,0
4537,0,0.16611065,0.01941768,0.01701096,0
4714,0,0.16611065,0.08056110,0.02268293,0
559,1,0.16611065,0.66169115,0.99349452,1
4466,0,0.16611065,0.07190748,0.00178580,0
10583,0,0.16611065,0.10527998,0.00085083,0
11942,0,0.16611065,0.12054908,0.00356102,0
10757,0,0.16611065,0.01115603,0.00512850,0
3635,0,0.16611065,0.12627654,0.04309222,0
9687,0,0.16611065,0.40721398,0.05040971,0
11190,0,0.16611065,0.51850789,0.14329357,0
9814,0,0.16611065,0.11568351,0.00267633,0
9977,0,0.16611065,0.27920910,0.01579099,0
4731,0,0.16611065,0.12582122,0.00470272,0
4652,0,0.16611065,0.10771657,0.00782641,0
10928,0,0.16611065,0.00194106,0.01796969,0
7473,0,0.16611065,0.06716110,0.01441776,0
5859,0,0.16611065,0.68880771,0.08994011,0
8080,0,0.16611065,0.10437873,0.01556292,0
6166,0,0.16611065,0.00566992,0.03951123,0
9450,0,0.16611065,0.03195035,0.00022175,0
9417,0,0.16611065,0.08124711,0.03332451,0
4187,0,0.16611065,0.10066687,0.06227491,0
6720,0,0.16611065,0.07695708,0.00613981,0
10245,0,0.16611065,0.02164815,0.00491044,0
6771,0,0.16611065,0.02094283,0.00333729,0
2891,0,0.16611065,0.00897436,0.01464615,0
4400,0,0.16611065,0.05285802,0.00190531,0
7477,0,0.16611065,0.06714663,0.00071705,0
10783,0,0.16611065,0.06795012,0.00694110,0
231,1,0.16611065,0.16939629,0.88785940,1
11444,0,0.16611065,0.01404360,0.00003062,0
4356,0,0.16611065,0.05521484,0.00776018,0
2234,0,0.16611065,0.05867326,0.01210374,0
9090,0,0.16611065,0.17904864,0.00305381,0
4941,0,0.16611065,0.17220699,0.01045495,0
2629,0,0.16611065,0.07349053,0.00278035,0
1034,1,0.16611065,0.22420998,0.86842455,1
3918,0,0.16611065,0.10786888,0.00200607,0
7767,0,0.16611065,0.01677921,0.00532773,0
6198,0,0.16611065,0.13337763,0.00072062,0
9043,0,0.16611065,0.05889375,0.01045345,0
11795,0,0.16611065,0.19752518,0.03458439,0
9907,0,0.16611065,0.07657948,0.00425606,0
4725,0,0.16611065,0.00139532,0.00782183,0
3315,0,0.16611065,0.04818279,0.02144616,0
10630,0,0.16611065,0.01837835,0.02820760,0
4996,0,0.16611065,0.66512621,0.09139341,0
3940,0,0.16611065,0.11230149,0.00840855,0
8256,0,0.16611065,0.42582128,0.01107409,0
4626,0,0.16611065,0.02092559,0.02244233,0
6443,0,0.16611065,0.03371541,0.00656046,0
2293,0,0.16611065,0.17894634,0.00966286,0
4759,0,0.16611065,0.15216016,0.04754896,0
7979,0,0.16611065,0.06530502,0.01128068,0
8093,0,0.16611065,0.17271637,0.04128121,0
7152,0,0.16611065,0.07443499,0.00614177,0
11643,0,0.16611065,0.09372939,0.04532130,0
2536,0,0.16611065,0.10906525,0.03210271,0
5567,0,0.16611065,0.04394236,0.00783506,0
7527,0,0.16611065,0.25038565,0.01319972,0
1865,1,0.16611065,0.10618384,0.12030538,0
4322,0,0.16611065,0.06490486,0.01753658,0
4662,0,0.16611065,0.02297716,0.01045568,0
11574,0,0.16611065,0.70479345,0.07451593,0
5753,0,0.16611065,0.16322248,0.27442477,0
3740,0,0.16611065,0.09456357,0.00698161,0
3887,0,0.16611065,0.07399196,0.01125114,0
8755,0,0.16611065,0.11410977,0.00913039,0
552,1,0.16611065,0.25471995,0.92313998,1
4088,0,0.16611065,0.12708390,0.00837349,0
1774,1,0.16611065,0.20619336,0.85453751,1
7883,0,0.16611065,0.23688232,0.07470311,0
3451,0,0.16611065,0.02793940,0.00846375,0
4001,0,0.16611065,0.14489803,0.02355688,0
333,1,0.16611065,0.23531222,0.97733788,1
7882,0,0.16611065,0.14123833,0.00277781,0
2490,0,0.16611065,0.70129806,0.14843285,0
6970,0,0.16611065,0.03084761,0.00076224,0
5171,0,0.16611065,0.51044212,0.09138918,0
6225,0,0.16611065,0.09871215,0.00073916,0
3265,0,0.16611065,0.04494510,0.01844350,0
9836,0,0.16611065,0.06704948,0.02995676,0
9268,0,0.16611065,0.06393436,0.00416892,0
11686,0,0.16611065,0.01499949,0.00269709,0
3419,0,0.16611065,0.12082636,0.00424758,0
10186,0,0.16611065,0.01937501,0.00228047,0
5594,0,0.16611065,0.02651106,0.01593723,0
10447,0,0.16611065,0.16672804,0.01757303,0
5627,0,0.16611065,0.02165812,0.00110991,0
10426,0,0.16611065,0.01669101,0.01644367,0
3921,0,0.16611065,0.00929817,0.00166667,0
4233,0,0.16611065,0.09529667,0.01107469,0
9537,0,0.16611065,0.02942315,0.01113455,0
4481,0,0.16611065,0.42297029,0.05428189,0
884,1,0.16611065,0.23418024,0.91728103,1
7381,0,0.16611065,0.06952435,0.00164328,0
8176,0,0.16611065,0.15044876,0.00387746,0
8387,0,0.16611065,0.09482364,0.00590386,0
3818,0,0.16611065,0.15718911,0.00343087,0
9762,0,0.16611065,0.11239276,0.01409595,0
11259,0,0.16611065,0.05356880,0.00072051,0
7782,0,0.16611065,0.34819296,0.04276634,0
7764,0,0.16611065,0.49566890,0.05027404,0
727,1,0.16611065,0.25906339,0.91384719,1
9971,0,0.16611065,0.13676857,0.00286333,0
11491,0,0.16611065,0.31444231,0.07152333,0
10279,0,0.16611065,0.03041334,0.00714496,0
9321,0,0.16611065,0.05556166,0.00215957,0
9206,0,0.16611065,0.15650411,0.00434955,0
1011,1,0.16611065,0.41812389,0.96447619,1
3115,0,0.16611065,0.18785955,0.00138398,0
5426,0,0.16611065,0.06500490,0.04673819,0
2654,0,0.16611065,0.05010723,0.00501587,0
3170,0,0.16611065,0.02679533,0.00220259,0
4724,0,0.16611065,0.00589793,0.00636782,0
10244,0,0.16611065,0.05142936,0.00681339,0
10044,0,0.16611065,0.13442668,0.00319267,0
1420,1,0.16611065,0.31120882,0.97905836,1
7015,0,0.16611065,0.17390142,0.07544951,0
5437,0,0.16611065,0.09199084,0.03554278,0
3950,0,0.16611065,0.00804592,0.00753032,0
5431,0,0.16611065,0.23169658,0.00498275,0
2776,0,0.16611065,0.11093874,0.00219611,0
10485,0,0.16611065,0.11036900,0.04889681,0
599,1,0.16611065,0.23360050,0.91809679,1
7649,0,0.16611065,0.23715990,0.00498930,0
9165,0,0.16611065,0.05996969,0.00432561,0
5760,0,0.16611065,0.39768831,0.32100158,0
4672,0,0.16611065,0.19574662,0.01288731,0
