row_id,split,label
0,train,1
1,train,1
2,train,1
3,test,1
4,train,1
5,train,1
6,test,1
7,train,1
8,validation,1
9,train,1
10,train,1
11,test,1
12,train,1
13,train,1
14,train,1
15,train,1
16,validation,1
17,train,1
18,test,1
19,train,1
20,train,1
21,train,1
22,validation,1
23,validation,1
24,test,1
25,train,1
26,train,1
27,test,1
28,train,1
29,train,1
30,train,1
31,test,1
32,validation,1
33,train,1
34,train,1
35,train,1
36,train,1
37,test,1
38,test,1
39,train,1
40,test,1
41,train,1
42,train,1
43,test,1
44,train,1
45,test,1
46,validation,1
47,train,1
48,test,1
49,train,1
50,train,1
51,test,1
52,train,1
53,train,1
54,test,1
55,validation,1
56,validation,1
57,train,1
58,train,1
59,test,1
60,validation,1
61,train,1
62,test,1
63,train,1
64,train,1
65,train,1
66,test,1
67,train,1
68,test,1
69,test,1
70,train,1
71,test,1
72,train,1
73,validation,1
74,train,1
75,train,1
76,train,1
77,train,1
78,train,1
79,validation,1
80,test,1
81,train,1
82,train,1
83,validation,1
84,validation,1
85,train,1
86,validation,1
87,validation,1
88,validation,1
89,validation,1
90,test,1
91,train,1
92,train,1
93,train,1
94,validation,1
95,train,1
96,test,1
97,train,1
98,train,1
99,train,1
100,train,1
101,train,1
102,train,1
103,validation,1
104,train,1
105,test,1
106,validation,1
107,train,1
108,train,1
109,train,1
110,train,1
111,test,1
112,train,1
113,train,1
114,test,1
115,train,1
116,validation,1
117,train,1
118,train,1
119,train,1
120,validation,1
121,validation,1
122,test,1
123,train,1
124,train,1
125,train,1
126,train,1
127,train,1
128,validation,1
129,train,1
130,train,1
131,test,1
132,train,1
133,validation,1
134,train,1
135,train,1
136,train,1
137,train,1
138,validation,1
139,train,1
140,test,1
141,train,1
142,validation,1
143,test,1
144,train,1
145,train,1
146,validation,1
147,train,1
148,train,1
149,train,1
150,train,1
151,train,1
152,train,1
153,test,1
154,train,1
155,train,1
156,train,1
157,train,1
158,train,1
159,train,1
160,train,1
161,train,1
162,validation,1
163,train,1
164,test,1
165,validation,1
166,test,1
167,train,1
168,test,1
169,validation,1
170,train,1
171,train,1
172,validation,1
173,validation,1
174,train,1
175,test,1
176,train,1
177,train,1
178,test,1
179,train,1
180,train,1
181,train,1
182,train,1
183,validation,1
184,train,1
185,validation,1
186,test,1
187,test,1
188,validation,1
189,train,1
190,train,1
191,test,1
192,train,1
193,train,1
194,test,1
195,train,1
196,train,1
197,test,1
198,train,1
199,test,1
200,train,1
201,train,1
202,test,1
203,validation,1
204,validation,1
205,train,1
206,validation,1
207,validation,1
208,train,1
209,validation,1
210,train,1
211,train,1
212,validation,1
213,validation,1
214,train,1
215,test,1
216,train,1
217,train,1
218,train,1
219,train,1
220,train,1
221,train,1
222,test,1
223,train,1
224,train,1
225,test,1
226,train,1
227,train,1
228,train,1
229,test,1
230,train,1
231,test,1
232,train,1
233,train,1
234,validation,1
235,train,1
236,validation,1
237,train,1
238,validation,1
239,validation,1
240,test,1
241,validation,1
242,train,1
243,train,1
244,train,1
245,train,1
246,test,1
247,validation,1
248,train,1
249,train,1
250,train,1
251,train,1
252,train,1
253,validation,1
254,train,1
255,train,1
256,validation,1
257,test,1
258,validation,1
259,test,1
260,train,1
261,train,1
262,train,1
263,validation,1
264,train,1
265,test,1
266,train,1
267,validation,1
268,train,1
269,train,1
270,train,1
271,train,1
272,test,1
273,train,1
274,test,1
275,train,1
276,test,1
277,train,1
278,train,1
279,train,1
280,train,1
281,train,1
282,train,1
283,train,1
284,validation,1
285,validation,1
286,train,1
287,test,1
288,validation,1
289,train,1
290,validation,1
291,validation,1
292,test,1
293,test,1
294,train,1
295,train,1
296,train,1
297,train,1
298,train,1
299,test,1
300,train,1
301,train,1
302,test,1
303,train,1
304,train,1
305,validation,1
306,validation,1
307,train,1
308,test,1
309,train,1
310,validation,1
311,validation,1
312,train,1
313,train,1
314,train,1
315,validation,1
316,test,1
317,train,1
318,train,1
319,test,1
320,train,1
321,train,1
322,train,1
323,train,1
324,validation,1
325,validation,1
326,train,1
327,train,1
328,train,1
329,validation,1
330,train,1
331,train,1
332,test,1
333,test,1
334,train,1
335,validation,1
336,test,1
337,train,1
338,test,1
339,train,1
340,train,1
341,validation,1
342,train,1
343,validation,1
344,test,1
345,train,1
346,train,1
347,train,1
348,train,1
349,validation,1
350,train,1
351,train,1
352,train,1
353,train,1
354,train,1
355,train,1
356,validation,1
357,train,1
358,test,1
359,train,1
360,train,1
361,train,1
362,train,1
363,test,1
364,train,1
365,train,1
366,train,1
367,train,1
368,train,1
369,train,1
370,train,1
371,train,1
372,train,1
373,validation,1
374,validation,1
375,train,1
376,validation,1
377,train,1
378,test,1
379,train,1
380,test,1
381,train,1
382,validation,1
383,test,1
384,test,1
385,train,1
386,test,1
387,test,1
388,train,1
389,train,1
390,validation,1
391,train,1
392,validation,1
393,train,1
394,validation,1
395,train,1
396,train,1
397,train,1
398,train,1
399,train,1
400,train,1
401,train,1
402,validation,1
403,train,1
404,train,1
405,train,1
406,train,1
407,validation,1
408,train,1
409,validation,1
410,test,1
411,train,1
412,test,1
413,train,1
414,validation,1
415,test,1
416,validation,1
417,train,1
418,train,1
419,validation,1
420,test,1
421,train,1
422,train,1
423,train,1
424,train,1
425,train,1
426,validation,1
427,train,1
428,train,1
429,train,1
430,train,1
431,train,1
432,test,1
433,validation,1
434,train,1
435,train,1
436,validation,1
437,train,1
438,train,1
439,test,1
440,train,1
441,test,1
442,test,1
443,train,1
444,test,1
445,train,1
446,train,1
447,train,1
448,validation,1
449,test,1
450,test,1
451,validation,1
452,train,1
453,train,1
454,train,1
455,validation,1
456,validation,1
457,train,1
458,validation,1
459,train,1
460,validation,1
461,train,1
462,train,1
463,test,1
464,train,1
465,train,1
466,test,1
467,test,1
468,train,1
469,validation,1
470,train,1
471,test,1
472,test,1
473,train,1
474,test,1
475,test,1
476,train,1
477,train,1
478,test,1
479,train,1
480,validation,1
481,train,1
482,train,1
483,train,1
484,validation,1
485,validation,1
486,train,1
487,train,1
488,validation,1
489,test,1
490,train,1
491,test,1
492,validation,1
493,train,1
494,validation,1
495,test,1
496,validation,1
497,test,1
498,test,1
499,train,1
500,validation,1
501,train,1
502,validation,1
503,validation,1
504,train,1
505,test,1
506,train,1
507,train,1
508,train,1
509,train,1
510,train,1
511,validation,1
512,validation,1
513,train,1
514,train,1
515,validation,1
516,validation,1
517,test,1
518,train,1
519,train,1
520,train,1
521,train,1
522,train,1
523,train,1
524,train,1
525,train,1
526,test,1
527,test,1
528,validation,1
529,train,1
530,train,1
531,train,1
532,validation,1
533,train,1
534,train,1
535,train,1
536,train,1
537,train,1
538,test,1
539,test,1
540,test,1
541,test,1
542,train,1
543,train,1
544,test,1
545,train,1
546,train,1
547,train,1
548,train,1
549,test,1
550,train,1
551,test,1
552,test,1
553,train,1
554,train,1
555,train,1
556,validation,1
557,validation,1
558,train,1
559,test,1
560,test,1
561,train,1
562,train,1
563,validation,1
564,train,1
565,validation,1
566,train,1
567,validation,1
568,test,1
569,train,1
570,train,1
571,train,1
572,validation,1
573,train,1
574,train,1
575,train,1
576,test,1
577,train,1
578,validation,1
579,validation,1
580,train,1
581,train,1
582,validation,1
583,train,1
584,train,1
585,test,1
586,validation,1
587,test,1
588,test,1
589,train,1
590,test,1
591,validation,1
592,train,1
593,train,1
594,train,1
595,train,1
596,train,1
597,validation,1
598,test,1
599,test,1
600,test,1
601,validation,1
602,train,1
603,train,1
604,train,1
605,train,1
606,validation,1
607,train,1
608,train,1
609,train,1
610,train,1
611,train,1
612,train,1
613,train,1
614,train,1
615,test,1
616,train,1
617,train,1
618,test,1
619,test,1
620,train,1
621,test,1
622,test,1
623,validation,1
624,train,1
625,validation,1
626,test,1
627,test,1
628,train,1
629,validation,1
630,train,1
631,train,1
632,test,1
633,test,1
634,train,1
635,train,1
636,test,1
637,test,1
638,validation,1
639,validation,1
640,train,1
641,train,1
642,test,1
643,validation,1
644,train,1
645,train,1
646,validation,1
647,train,1
648,validation,1
649,train,1
650,train,1
651,train,1
652,test,1
653,train,1
654,train,1
655,train,1
656,test,1
657,train,1
658,train,1
659,train,1
660,test,1
661,validation,1
662,validation,1
663,train,1
664,train,1
665,train,1
666,train,1
667,test,1
668,train,1
669,train,1
670,train,1
671,test,1
672,validation,1
673,train,1
674,train,1
675,train,1
676,train,1
677,train,1
678,train,1
679,test,1
680,train,1
681,train,1
682,train,1
683,train,1
684,test,1
685,train,1
686,validation,1
687,validation,1
688,validation,1
689,test,1
690,validation,1
691,train,1
692,train,1
693,train,1
694,validation,1
695,test,1
696,train,1
697,test,1
698,train,1
699,test,1
700,train,1
701,train,1
702,test,1
703,train,1
704,train,1
705,train,1
706,train,1
707,validation,1
708,train,1
709,train,1
710,validation,1
711,train,1
712,test,1
713,validation,1
714,train,1
715,train,1
716,test,1
717,train,1
718,train,1
719,validation,1
720,validation,1
721,validation,1
722,train,1
723,train,1
724,train,1
725,train,1
726,train,1
727,test,1
728,train,1
729,validation,1
730,train,1
731,train,1
732,train,1
733,validation,1
734,validation,1
735,train,1
736,test,1
737,test,1
738,train,1
739,validation,1
740,train,1
741,train,1
742,train,1
743,train,1
744,train,1
745,test,1
746,validation,1
747,train,1
748,train,1
749,train,1
750,train,1
751,train,1
752,train,1
753,train,1
754,train,1
755,train,1
756,validation,1
757,train,1
758,train,1
759,train,1
760,train,1
761,train,1
762,train,1
763,train,1
764,train,1
765,test,1
766,train,1
767,validation,1
768,validation,1
769,validation,1
770,train,1
771,test,1
772,train,1
773,train,1
774,test,1
775,test,1
776,train,1
777,test,1
778,train,1
779,train,1
780,train,1
781,validation,1
782,train,1
783,test,1
784,test,1
785,train,1
786,train,1
787,train,1
788,train,1
789,validation,1
790,train,1
791,test,1
792,validation,1
793,train,1
794,train,1
795,train,1
796,validation,1
797,train,1
798,validation,1
799,validation,1
800,train,1
801,train,1
802,train,1
803,test,1
804,validation,1
805,train,1
806,train,1
807,train,1
808,train,1
809,test,1
810,test,1
811,train,1
812,train,1
813,test,1
814,validation,1
815,train,1
816,train,1
817,train,1
818,train,1
819,test,1
820,train,1
821,validation,1
822,train,1
823,train,1
824,train,1
825,test,1
826,train,1
827,test,1
828,train,1
829,test,1
830,train,1
831,validation,1
832,validation,1
833,test,1
834,validation,1
835,train,1
836,train,1
837,validation,1
838,train,1
839,train,1
840,validation,1
841,train,1
842,train,1
843,test,1
844,train,1
845,test,1
846,train,1
847,test,1
848,test,1
849,validation,1
850,train,1
851,train,1
852,test,1
853,test,1
854,train,1
855,train,1
856,train,1
857,train,1
858,test,1
859,train,1
860,train,1
861,train,1
862,train,1
863,train,1
864,test,1
865,train,1
866,train,1
867,validation,1
868,train,1
869,test,1
870,train,1
871,train,1
872,train,1
873,train,1
874,train,1
875,train,1
876,train,1
877,train,1
878,train,1
879,test,1
880,train,1
881,validation,1
882,train,1
883,test,1
884,test,1
885,validation,1
886,train,1
887,validation,1
888,test,1
889,test,1
890,test,1
891,validation,1
892,test,1
893,train,1
894,train,1
895,test,1
896,test,1
897,test,1
898,train,1
899,test,1
900,train,1
901,test,1
902,train,1
903,train,1
904,test,1
905,train,1
906,train,1
907,train,1
908,train,1
909,train,1
910,train,1
911,test,1
912,train,1
913,train,1
914,train,1
915,test,1
916,test,1
917,validation,1
918,validation,1
919,train,1
920,train,1
921,test,1
922,train,1
923,train,1
924,train,1
925,test,1
926,train,1
927,train,1
928,validation,1
929,validation,1
930,train,1
931,train,1
932,train,1
933,train,1
934,validation,1
935,train,1
936,train,1
937,validation,1
938,train,1
939,test,1
940,train,1
941,train,1
942,train,1
943,train,1
944,train,1
945,test,1
946,train,1
947,train,1
948,train,1
949,train,1
950,train,1
951,train,1
952,validation,1
953,train,1
954,train,1
955,train,1
956,test,1
957,train,1
958,test,1
959,train,1
960,test,1
961,train,1
962,train,1
963,validation,1
964,test,1
965,train,1
966,test,1
967,train,1
968,train,1
969,train,1
970,train,1
971,test,1
972,train,1
973,validation,1
974,test,1
975,train,1
976,validation,1
977,train,1
978,validation,1
979,validation,1
980,train,1
981,validation,1
982,validation,1
983,train,1
984,validation,1
985,validation,1
986,test,1
987,validation,1
988,test,1
989,train,1
990,test,1
991,validation,1
992,test,1
993,validation,1
994,train,1
995,test,1
996,validation,1
997,validation,1
998,test,1
999,train,1
1000,test,1
1001,validation,1
1002,train,1
1003,train,1
1004,validation,1
1005,train,1
1006,train,1
1007,test,1
1008,train,1
1009,train,1
1010,train,1
1011,test,1
1012,train,1
1013,train,1
1014,train,1
1015,train,1
1016,train,1
1017,train,1
1018,train,1
1019,train,1
1020,validation,1
1021,train,1
1022,train,1
1023,train,1
1024,train,1
1025,validation,1
1026,train,1
1027,train,1
1028,train,1
1029,train,1
1030,train,1
1031,validation,1
1032,test,1
1033,test,1
1034,test,1
1035,train,1
1036,train,1
1037,train,1
1038,validation,1
1039,train,1
1040,validation,1
1041,validation,1
1042,test,1
1043,validation,1
1044,test,1
1045,test,1
1046,test,1
1047,train,1
1048,validation,1
1049,train,1
1050,validation,1
1051,train,1
1052,validation,1
1053,train,1
1054,test,1
1055,train,1
1056,validation,1
1057,train,1
1058,train,1
1059,train,1
1060,test,1
1061,validation,1
1062,validation,1
1063,train,1
1064,train,1
1065,validation,1
1066,train,1
1067,train,1
1068,train,1
1069,train,1
1070,train,1
1071,test,1
1072,train,1
1073,train,1
1074,test,1
1075,train,1
1076,validation,1
1077,train,1
1078,train,1
1079,test,1
1080,train,1
1081,train,1
1082,validation,1
1083,train,1
1084,validation,1
1085,validation,1
1086,train,1
1087,validation,1
1088,validation,1
1089,train,1
1090,test,1
1091,validation,1
1092,train,1
1093,test,1
1094,train,1
1095,validation,1
1096,train,1
1097,validation,1
1098,train,1
1099,train,1
1100,test,1
1101,train,1
1102,train,1
1103,test,1
1104,validation,1
1105,validation,1
1106,train,1
1107,validation,1
1108,train,1
1109,test,1
1110,validation,1
1111,test,1
1112,train,1
1113,test,1
1114,train,1
1115,train,1
1116,train,1
1117,train,1
1118,test,1
1119,train,1
1120,validation,1
1121,train,1
1122,train,1
1123,validation,1
1124,train,1
1125,train,1
1126,train,1
1127,train,1
1128,train,1
1129,train,1
1130,train,1
1131,train,1
1132,train,1
1133,validation,1
1134,train,1
1135,validation,1
1136,validation,1
1137,train,1
1138,validation,1
1139,train,1
1140,train,1
1141,train,1
1142,train,1
1143,test,1
1144,train,1
1145,test,1
1146,validation,1
1147,test,1
1148,test,1
1149,test,1
1150,train,1
1151,train,1
1152,train,1
1153,train,1
1154,test,1
1155,train,1
1156,train,1
1157,train,1
1158,train,1
1159,test,1
1160,validation,1
1161,test,1
1162,train,1
1163,train,1
1164,train,1
1165,test,1
1166,train,1
1167,train,1
1168,test,1
1169,test,1
1170,validation,1
1171,validation,1
1172,train,1
1173,train,1
1174,train,1
1175,train,1
1176,train,1
1177,test,1
1178,train,1
1179,train,1
1180,test,1
1181,validation,1
1182,train,1
1183,test,1
1184,validation,1
1185,train,1
1186,train,1
1187,validation,1
1188,validation,1
1189,validation,1
1190,train,1
1191,train,1
1192,train,1
1193,validation,1
1194,validation,1
1195,train,1
1196,test,1
1197,train,1
1198,train,1
1199,train,1
1200,train,1
1201,validation,1
1202,train,1
1203,train,1
1204,validation,1
1205,train,1
1206,validation,1
1207,test,1
1208,train,1
1209,train,1
1210,train,1
1211,validation,1
1212,validation,1
1213,train,1
1214,train,1
1215,train,1
1216,train,1
1217,train,1
1218,train,1
1219,train,1
1220,validation,1
1221,train,1
1222,train,1
1223,test,1
1224,test,1
1225,train,1
1226,test,1
1227,validation,1
1228,validation,1
1229,train,1
1230,test,1
1231,validation,1
1232,train,1
1233,train,1
1234,train,1
1235,train,1
1236,train,1
1237,test,1
1238,train,1
1239,train,1
1240,train,1
1241,validation,1
1242,test,1
1243,train,1
1244,train,1
1245,train,1
1246,train,1
1247,train,1
1248,train,1
1249,validation,1
1250,test,1
1251,train,1
1252,test,1
1253,train,1
1254,validation,1
1255,validation,1
1256,validation,1
1257,train,1
1258,train,1
1259,train,1
1260,validation,1
1261,train,1
1262,train,1
1263,test,1
1264,train,1
1265,train,1
1266,train,1
1267,train,1
1268,train,1
1269,validation,1
1270,test,1
1271,test,1
1272,train,1
1273,train,1
1274,train,1
1275,train,1
1276,train,1
1277,train,1
1278,train,1
1279,validation,1
1280,train,1
1281,validation,1
1282,validation,1
1283,validation,1
1284,validation,1
1285,validation,1
1286,train,1
1287,train,1
1288,test,1
1289,train,1
1290,test,1
1291,test,1
1292,test,1
1293,train,1
1294,validation,1
1295,train,1
1296,train,1
1297,train,1
1298,validation,1
1299,train,1
1300,train,1
1301,test,1
1302,train,1
1303,train,1
1304,train,1
1305,validation,1
1306,train,1
1307,train,1
1308,train,1
1309,train,1
1310,validation,1
1311,validation,1
1312,train,1
1313,train,1
1314,train,1
1315,test,1
1316,test,1
1317,validation,1
1318,train,1
1319,train,1
1320,train,1
1321,train,1
1322,train,1
1323,validation,1
1324,train,1
1325,train,1
1326,train,1
1327,train,1
1328,train,1
1329,train,1
1330,test,1
1331,train,1
1332,train,1
1333,train,1
1334,test,1
1335,train,1
1336,train,1
1337,train,1
1338,train,1
1339,train,1
1340,train,1
1341,train,1
1342,train,1
1343,train,1
1344,train,1
1345,test,1
1346,train,1
1347,train,1
1348,test,1
1349,train,1
1350,test,1
1351,test,1
1352,train,1
1353,train,1
1354,validation,1
1355,train,1
1356,train,1
1357,train,1
1358,validation,1
1359,test,1
1360,validation,1
1361,validation,1
1362,train,1
1363,train,1
1364,validation,1
1365,train,1
1366,train,1
1367,train,1
1368,train,1
1369,train,1
1370,train,1
1371,test,1
1372,train,1
1373,train,1
1374,train,1
1375,train,1
1376,train,1
1377,train,1
1378,train,1
1379,validation,1
1380,train,1
1381,train,1
1382,train,1
1383,train,1
1384,train,1
1385,train,1
1386,train,1
1387,validation,1
1388,train,1
1389,validation,1
1390,train,1
1391,validation,1
1392,train,1
1393,train,1
1394,train,1
1395,validation,1
1396,train,1
1397,train,1
1398,test,1
1399,train,1
1400,train,1
1401,train,1
1402,train,1
1403,train,1
1404,train,1
1405,validation,1
1406,test,1
1407,train,1
1408,train,1
1409,train,1
1410,validation,1
1411,train,1
1412,train,1
1413,train,1
1414,train,1
1415,train,1
1416,train,1
1417,validation,1
1418,train,1
1419,validation,1
1420,test,1
1421,train,1
1422,test,1
1423,train,1
1424,train,1
1425,train,1
1426,train,1
1427,train,1
1428,train,1
1429,validation,1
1430,train,1
1431,train,1
1432,train,1
1433,train,1
1434,train,1
1435,test,1
1436,train,1
1437,train,1
1438,test,1
1439,test,1
1440,validation,1
1441,train,1
1442,train,1
1443,train,1
1444,validation,1
1445,train,1
1446,validation,1
1447,train,1
1448,train,1
1449,train,1
1450,validation,1
1451,validation,1
1452,train,1
1453,train,1
1454,validation,1
1455,train,1
1456,validation,1
1457,train,1
1458,train,1
1459,train,1
1460,train,1
1461,test,1
1462,train,1
1463,train,1
1464,train,1
1465,train,1
1466,train,1
1467,test,1
1468,train,1
1469,train,1
1470,train,1
1471,test,1
1472,test,1
1473,test,1
1474,train,1
1475,train,1
1476,train,1
1477,validation,1
1478,validation,1
1479,train,1
1480,validation,1
1481,test,1
1482,test,1
1483,test,1
1484,train,1
1485,validation,1
1486,validation,1
1487,train,1
1488,train,1
1489,train,1
1490,train,1
1491,validation,1
1492,test,1
1493,train,1
1494,test,1
1495,test,1
1496,train,1
1497,test,1
1498,train,1
1499,test,1
1500,train,1
1501,train,1
1502,validation,1
1503,train,1
1504,train,1
1505,validation,1
1506,train,1
1507,train,1
1508,test,1
1509,validation,1
1510,train,1
1511,train,1
1512,validation,1
1513,train,1
1514,validation,1
1515,test,1
1516,train,1
1517,test,1
1518,train,1
1519,train,1
1520,test,1
1521,validation,1
1522,train,1
1523,validation,1
1524,train,1
1525,validation,1
1526,validation,1
1527,train,1
1528,train,1
1529,validation,1
1530,train,1
1531,train,1
1532,train,1
1533,test,1
1534,train,1
1535,train,1
1536,train,1
1537,train,1
1538,test,1
1539,train,1
1540,train,1
1541,train,1
1542,train,1
1543,train,1
1544,train,1
1545,train,1
1546,test,1
1547,train,1
1548,train,1
1549,train,1
1550,validation,1
1551,train,1
1552,train,1
1553,train,1
1554,train,1
1555,train,1
1556,test,1
1557,validation,1
1558,train,1
1559,test,1
1560,train,1
1561,train,1
1562,train,1
1563,train,1
1564,train,1
1565,train,1
1566,validation,1
1567,test,1
1568,train,1
1569,train,1
1570,test,1
1571,validation,1
1572,test,1
1573,train,1
1574,train,1
1575,train,1
1576,validation,1
1577,train,1
1578,validation,1
1579,train,1
1580,train,1
1581,train,1
1582,train,1
1583,train,1
1584,validation,1
1585,test,1
1586,train,1
1587,test,1
1588,train,1
1589,train,1
1590,train,1
1591,validation,1
1592,validation,1
1593,test,1
1594,validation,1
1595,train,1
1596,validation,1
1597,test,1
1598,train,1
1599,train,1
1600,train,1
1601,train,1
1602,train,1
1603,test,1
1604,train,1
1605,train,1
1606,test,1
1607,validation,1
1608,train,1
1609,train,1
1610,train,1
1611,train,1
1612,train,1
1613,test,1
1614,test,1
1615,train,1
1616,train,1
1617,train,1
1618,validation,1
1619,train,1
1620,test,1
1621,train,1
1622,train,1
1623,train,1
1624,test,1
1625,train,1
1626,test,1
1627,test,1
1628,validation,1
1629,test,1
1630,train,1
1631,test,1
1632,train,1
1633,train,1
1634,test,1
1635,test,1
1636,train,1
1637,validation,1
1638,train,1
1639,train,1
1640,train,1
1641,validation,1
1642,test,1
1643,train,1
1644,test,1
1645,train,1
1646,train,1
1647,test,1
1648,test,1
1649,train,1
1650,test,1
1651,test,1
1652,train,1
1653,train,1
1654,test,1
1655,train,1
1656,train,1
1657,validation,1
1658,train,1
1659,train,1
1660,train,1
1661,train,1
1662,train,1
1663,train,1
1664,train,1
1665,train,1
1666,validation,1
1667,train,1
1668,train,1
1669,train,1
1670,train,1
1671,train,1
1672,validation,1
1673,train,1
1674,train,1
1675,train,1
1676,train,1
1677,validation,1
1678,validation,1
1679,validation,1
1680,train,1
1681,train,1
1682,test,1
1683,train,1
1684,train,1
1685,train,1
1686,train,1
1687,train,1
1688,train,1
1689,validation,1
1690,validation,1
1691,test,1
1692,train,1
1693,validation,1
1694,test,1
1695,test,1
1696,train,1
1697,train,1
1698,validation,1
1699,validation,1
1700,test,1
1701,train,1
1702,test,1
1703,train,1
1704,train,1
1705,test,1
1706,train,1
1707,train,1
1708,validation,1
1709,test,1
1710,validation,1
1711,train,1
1712,train,1
1713,validation,1
1714,test,1
1715,train,1
1716,train,1
1717,train,1
1718,train,1
1719,test,1
1720,test,1
1721,test,1
1722,train,1
1723,train,1
1724,validation,1
1725,validation,1
1726,train,1
1727,validation,1
1728,test,1
1729,train,1
1730,test,1
1731,test,1
1732,train,1
1733,validation,1
1734,validation,1
1735,train,1
1736,validation,1
1737,train,1
1738,test,1
1739,train,1
1740,train,1
1741,validation,1
1742,validation,1
1743,train,1
1744,train,1
1745,train,1
1746,train,1
1747,test,1
1748,train,1
1749,validation,1
1750,test,1
1751,test,1
1752,train,1
1753,validation,1
1754,test,1
1755,validation,1
1756,train,1
1757,train,1
1758,train,1
1759,train,1
1760,train,1
1761,validation,1
1762,validation,1
1763,test,1
1764,test,1
1765,train,1
1766,train,1
1767,train,1
1768,train,1
1769,train,1
1770,train,1
1771,train,1
1772,train,1
1773,train,1
1774,test,1
1775,train,1
1776,train,1
1777,train,1
1778,train,1
1779,train,1
1780,train,1
1781,test,1
1782,test,1
1783,train,1
1784,validation,1
1785,validation,1
1786,train,1
1787,train,1
1788,train,1
1789,train,1
1790,train,1
1791,train,1
1792,validation,1
1793,test,1
1794,train,1
1795,validation,1
1796,train,1
1797,validation,1
1798,train,1
1799,train,1
1800,train,1
1801,train,1
1802,train,1
1803,train,1
1804,validation,1
1805,test,1
1806,validation,1
1807,test,1
1808,validation,1
1809,train,1
1810,train,1
1811,validation,1
1812,train,1
1813,train,1
1814,validation,1
1815,validation,1
1816,test,1
1817,test,1
1818,train,1
1819,validation,1
1820,train,1
1821,validation,1
1822,test,1
1823,validation,1
1824,validation,1
1825,test,1
1826,train,1
1827,train,1
1828,validation,1
1829,train,1
1830,train,1
1831,train,1
1832,validation,1
1833,train,1
1834,validation,1
1835,validation,1
1836,train,1
1837,validation,1
1838,train,1
1839,train,1
1840,train,1
1841,train,1
1842,train,1
1843,train,1
1844,test,1
1845,test,1
1846,train,1
1847,train,1
1848,test,1
1849,train,1
1850,train,1
1851,train,1
1852,train,1
1853,train,1
1854,train,1
1855,test,1
1856,train,1
1857,validation,1
1858,train,1
1859,train,1
1860,test,1
1861,test,1
1862,train,1
1863,validation,1
1864,test,1
1865,test,1
1866,test,1
1867,test,1
1868,train,1
1869,train,1
1870,train,1
1871,train,1
1872,train,1
1873,validation,1
1874,validation,1
1875,train,1
1876,train,1
1877,train,1
1878,test,1
1879,validation,1
1880,train,1
1881,train,1
1882,train,1
1883,train,1
1884,validation,1
1885,train,1
1886,validation,1
1887,validation,1
1888,test,1
1889,validation,1
1890,test,1
1891,validation,1
1892,train,1
1893,train,1
1894,test,1
1895,test,1
1896,train,1
1897,train,1
1898,train,1
1899,train,1
1900,train,1
1901,validation,1
1902,test,1
1903,train,1
1904,train,1
1905,train,1
1906,validation,1
1907,train,1
1908,test,1
1909,train,1
1910,test,1
1911,test,1
1912,train,1
1913,test,1
1914,train,1
1915,train,1
1916,train,1
1917,test,1
1918,validation,1
1919,train,1
1920,train,1
1921,test,1
1922,test,1
1923,train,1
1924,train,1
1925,train,1
1926,train,1
1927,train,1
1928,train,1
1929,test,1
1930,validation,1
1931,train,1
1932,train,1
1933,validation,1
1934,train,1
1935,test,1
1936,train,1
1937,train,1
1938,train,1
1939,train,1
1940,train,1
1941,train,1
1942,train,1
1943,validation,1
1944,train,1
1945,test,1
1946,train,1
1947,train,1
1948,train,1
1949,train,1
1950,train,1
1951,test,1
1952,test,1
1953,validation,1
1954,train,1
1955,validation,1
1956,train,1
1957,train,1
1958,validation,1
1959,train,1
1960,train,1
1961,train,1
1962,train,1
1963,train,1
1964,train,1
1965,train,1
1966,validation,1
1967,train,1
1968,test,1
1969,train,1
1970,train,1
1971,test,1
1972,train,1
1973,validation,1
1974,validation,1
1975,validation,1
1976,train,1
1977,train,1
1978,validation,1
1979,train,1
1980,train,1
1981,test,1
1982,train,1
1983,train,1
1984,train,1
1985,train,1
1986,train,1
1987,train,1
1988,train,1
1989,test,1
1990,validation,1
1991,train,0
1992,test,0
1993,train,0
1994,train,0
1995,test,0
1996,validation,0
1997,validation,0
1998,test,0
1999,train,0
2000,validation,0
2001,train,0
2002,validation,0
2003,train,0
2004,test,0
2005,train,0
2006,train,0
2007,validation,0
2008,train,0
2009,validation,0
2010,train,0
2011,train,0
2012,test,0
2013,test,0
2014,train,0
2015,validation,0
2016,validation,0
2017,train,0
2018,train,0
2019,train,0
2020,train,0
2021,train,0
2022,train,0
2023,test,0
2024,train,0
2025,train,0
2026,train,0
2027,train,0
2028,train,0
2029,test,0
2030,train,0
2031,validation,0
2032,train,0
2033,train,0
2034,train,0
2035,train,0
2036,train,0
2037,train,0
2038,train,0
2039,train,0
2040,train,0
2041,train,0
2042,train,0
2043,validation,0
2044,train,0
2045,test,0
2046,test,0
2047,train,0
2048,train,0
2049,train,0
2050,train,0
2051,validation,0
2052,train,0
2053,train,0
2054,train,0
2055,test,0
2056,train,0
2057,train,0
2058,test,0
2059,train,0
2060,train,0
2061,train,0
2062,train,0
2063,test,0
2064,train,0
2065,validation,0
2066,train,0
2067,train,0
2068,test,0
2069,test,0
2070,train,0
2071,train,0
2072,train,0
2073,train,0
2074,test,0
2075,train,0
2076,test,0
2077,train,0
2078,train,0
2079,train,0
2080,test,0
2081,train,0
2082,train,0
2083,train,0
2084,train,0
2085,validation,0
2086,train,0
2087,train,0
2088,validation,0
2089,validation,0
2090,train,0
2091,train,0
2092,train,0
2093,train,0
2094,train,0
2095,train,0
2096,validation,0
2097,train,0
2098,train,0
2099,train,0
2100,train,0
2101,train,0
2102,train,0
2103,train,0
2104,train,0
2105,train,0
2106,test,0
2107,test,0
2108,test,0
2109,train,0
2110,train,0
2111,train,0
2112,train,0
2113,train,0
2114,validation,0
2115,train,0
2116,test,0
2117,validation,0
2118,train,0
2119,train,0
2120,train,0
2121,test,0
2122,train,0
2123,train,0
2124,test,0
2125,train,0
2126,train,0
2127,train,0
2128,validation,0
2129,test,0
2130,train,0
2131,validation,0
2132,validation,0
2133,train,0
2134,train,0
2135,train,0
2136,test,0
2137,train,0
2138,test,0
2139,validation,0
2140,train,0
2141,train,0
2142,train,0
2143,train,0
2144,validation,0
2145,validation,0
2146,test,0
2147,train,0
2148,train,0
2149,validation,0
2150,validation,0
2151,train,0
2152,test,0
2153,validation,0
2154,test,0
2155,train,0
2156,train,0
2157,train,0
2158,train,0
2159,train,0
2160,train,0
2161,train,0
2162,train,0
2163,train,0
2164,validation,0
2165,train,0
2166,train,0
2167,train,0
2168,train,0
2169,train,0
2170,train,0
2171,train,0
2172,train,0
2173,validation,0
2174,train,0
2175,train,0
2176,train,0
2177,train,0
2178,test,0
2179,train,0
2180,test,0
2181,test,0
2182,train,0
2183,train,0
2184,test,0
2185,validation,0
2186,train,0
2187,train,0
2188,validation,0
2189,train,0
2190,train,0
2191,validation,0
2192,test,0
2193,validation,0
2194,train,0
2195,test,0
2196,train,0
2197,test,0
2198,validation,0
2199,train,0
2200,train,0
2201,train,0
2202,train,0
2203,train,0
2204,test,0
2205,train,0
2206,test,0
2207,train,0
2208,train,0
2209,train,0
2210,train,0
2211,train,0
2212,train,0
2213,train,0
2214,train,0
2215,validation,0
2216,test,0
2217,validation,0
2218,train,0
2219,train,0
2220,train,0
2221,train,0
2222,train,0
2223,test,0
2224,train,0
2225,test,0
2226,validation,0
2227,test,0
2228,validation,0
2229,train,0
2230,train,0
2231,train,0
2232,test,0
2233,train,0
2234,test,0
2235,test,0
2236,train,0
2237,test,0
2238,train,0
2239,train,0
2240,validation,0
2241,train,0
2242,train,0
2243,train,0
2244,train,0
2245,train,0
2246,test,0
2247,test,0
2248,train,0
2249,test,0
2250,train,0
2251,validation,0
2252,validation,0
2253,validation,0
2254,train,0
2255,test,0
2256,train,0
2257,validation,0
2258,train,0
2259,train,0
2260,test,0
2261,validation,0
2262,validation,0
2263,train,0
2264,train,0
2265,train,0
2266,train,0
2267,test,0
2268,test,0
2269,train,0
2270,train,0
2271,validation,0
2272,validation,0
2273,validation,0
2274,train,0
2275,train,0
2276,test,0
2277,train,0
2278,train,0
2279,train,0
2280,validation,0
2281,train,0
2282,train,0
2283,train,0
2284,train,0
2285,validation,0
2286,train,0
2287,train,0
2288,train,0
2289,train,0
2290,test,0
2291,train,0
2292,validation,0
2293,test,0
2294,train,0
2295,train,0
2296,train,0
2297,validation,0
2298,train,0
2299,train,0
2300,train,0
2301,train,0
2302,train,0
2303,train,0
2304,test,0
2305,train,0
2306,train,0
2307,train,0
2308,validation,0
2309,train,0
2310,train,0
2311,train,0
2312,train,0
2313,train,0
2314,train,0
2315,train,0
2316,train,0
2317,train,0
2318,train,0
2319,train,0
2320,test,0
2321,train,0
2322,test,0
2323,train,0
2324,train,0
2325,train,0
2326,train,0
2327,train,0
2328,train,0
2329,validation,0
2330,train,0
2331,validation,0
2332,validation,0
2333,test,0
2334,test,0
2335,train,0
2336,validation,0
2337,train,0
2338,train,0
2339,train,0
2340,train,0
2341,train,0
2342,train,0
2343,test,0
2344,train,0
2345,train,0
2346,test,0
2347,test,0
2348,test,0
2349,validation,0
2350,validation,0
2351,train,0
2352,validation,0
2353,validation,0
2354,validation,0
2355,test,0
2356,validation,0
2357,train,0
2358,train,0
2359,train,0
2360,test,0
2361,test,0
2362,train,0
2363,train,0
2364,train,0
2365,validation,0
2366,train,0
2367,train,0
2368,test,0
2369,train,0
2370,train,0
2371,train,0
2372,train,0
2373,validation,0
2374,train,0
2375,validation,0
2376,train,0
2377,validation,0
2378,train,0
2379,train,0
2380,train,0
2381,validation,0
2382,validation,0
2383,test,0
2384,train,0
2385,train,0
2386,test,0
2387,test,0
2388,train,0
2389,validation,0
2390,validation,0
2391,train,0
2392,train,0
2393,train,0
2394,train,0
2395,validation,0
2396,test,0
2397,validation,0
2398,validation,0
2399,train,0
2400,train,0
2401,train,0
2402,train,0
2403,validation,0
2404,validation,0
2405,train,0
2406,train,0
2407,train,0
2408,test,0
2409,train,0
2410,validation,0
2411,train,0
2412,train,0
2413,train,0
2414,test,0
2415,test,0
2416,train,0
2417,train,0
2418,train,0
2419,train,0
2420,train,0
2421,train,0
2422,test,0
2423,train,0
2424,train,0
2425,train,0
2426,train,0
2427,validation,0
2428,train,0
2429,train,0
2430,train,0
2431,train,0
2432,test,0
2433,test,0
2434,train,0
2435,train,0
2436,train,0
2437,train,0
2438,train,0
2439,test,0
2440,train,0
2441,train,0
2442,train,0
2443,train,0
2444,train,0
2445,test,0
2446,train,0
2447,test,0
2448,train,0
2449,validation,0
2450,test,0
2451,validation,0
2452,train,0
2453,train,0
2454,train,0
2455,validation,0
2456,train,0
2457,validation,0
2458,train,0
2459,train,0
2460,train,0
2461,test,0
2462,train,0
2463,train,0
2464,train,0
2465,train,0
2466,validation,0
2467,train,0
2468,train,0
2469,train,0
2470,train,0
2471,train,0
2472,validation,0
2473,test,0
2474,train,0
2475,test,0
2476,train,0
2477,train,0
2478,train,0
2479,test,0
2480,train,0
2481,test,0
2482,train,0
2483,validation,0
2484,train,0
2485,train,0
2486,train,0
2487,train,0
2488,train,0
2489,train,0
2490,test,0
2491,train,0
2492,train,0
2493,validation,0
2494,train,0
2495,test,0
2496,train,0
2497,train,0
2498,train,0
2499,train,0
2500,train,0
2501,train,0
2502,train,0
2503,validation,0
2504,train,0
2505,test,0
2506,validation,0
2507,train,0
2508,train,0
2509,train,0
2510,validation,0
2511,train,0
2512,validation,0
2513,validation,0
2514,test,0
2515,train,0
2516,test,0
2517,validation,0
2518,train,0
2519,train,0
2520,validation,0
2521,train,0
2522,train,0
2523,train,0
2524,train,0
2525,train,0
2526,train,0
2527,validation,0
2528,validation,0
2529,train,0
2530,test,0
2531,train,0
2532,validation,0
2533,test,0
2534,train,0
2535,train,0
2536,test,0
2537,test,0
2538,train,0
2539,train,0
2540,train,0
2541,train,0
2542,train,0
2543,test,0
2544,train,0
2545,train,0
2546,train,0
2547,validation,0
2548,validation,0
2549,train,0
2550,validation,0
2551,validation,0
2552,train,0
2553,validation,0
2554,train,0
2555,train,0
2556,train,0
2557,train,0
2558,train,0
2559,train,0
2560,validation,0
2561,train,0
2562,test,0
2563,test,0
2564,train,0
2565,validation,0
2566,test,0
2567,train,0
2568,train,0
2569,validation,0
2570,train,0
2571,test,0
2572,validation,0
2573,train,0
2574,validation,0
2575,train,0
2576,train,0
2577,train,0
2578,validation,0
2579,train,0
2580,train,0
2581,train,0
2582,train,0
2583,train,0
2584,test,0
2585,train,0
2586,test,0
2587,train,0
2588,test,0
2589,train,0
2590,train,0
2591,test,0
2592,train,0
2593,train,0
2594,train,0
2595,train,0
2596,train,0
2597,test,0
2598,train,0
2599,test,0
2600,train,0
2601,test,0
2602,train,0
2603,validation,0
2604,train,0
2605,test,0
2606,train,0
2607,train,0
2608,train,0
2609,train,0
2610,test,0
2611,train,0
2612,train,0
2613,train,0
2614,train,0
2615,train,0
2616,train,0
2617,train,0
2618,train,0
2619,validation,0
2620,test,0
2621,test,0
2622,validation,0
2623,validation,0
2624,train,0
2625,validation,0
2626,test,0
2627,train,0
2628,train,0
2629,test,0
2630,validation,0
2631,train,0
2632,train,0
2633,train,0
2634,validation,0
2635,train,0
2636,validation,0
2637,test,0
2638,train,0
2639,train,0
2640,train,0
2641,train,0
2642,test,0
2643,train,0
2644,train,0
2645,train,0
2646,train,0
2647,validation,0
2648,train,0
2649,train,0
2650,validation,0
2651,validation,0
2652,validation,0
2653,train,0
2654,test,0
2655,train,0
2656,train,0
2657,test,0
2658,validation,0
2659,train,0
2660,validation,0
2661,train,0
2662,test,0
2663,train,0
2664,train,0
2665,test,0
2666,train,0
2667,train,0
2668,train,0
2669,train,0
2670,train,0
2671,train,0
2672,train,0
2673,train,0
2674,train,0
2675,train,0
2676,validation,0
2677,test,0
2678,validation,0
2679,validation,0
2680,validation,0
2681,train,0
2682,train,0
2683,test,0
2684,train,0
2685,train,0
2686,test,0
2687,train,0
2688,test,0
2689,validation,0
2690,validation,0
2691,train,0
2692,train,0
2693,validation,0
2694,validation,0
2695,train,0
2696,train,0
2697,train,0
2698,validation,0
2699,train,0
2700,train,0
2701,train,0
2702,train,0
2703,train,0
2704,train,0
2705,test,0
2706,train,0
2707,test,0
2708,test,0
2709,train,0
2710,validation,0
2711,train,0
2712,train,0
2713,train,0
2714,validation,0
2715,train,0
2716,train,0
2717,test,0
2718,test,0
2719,validation,0
2720,validation,0
2721,train,0
2722,train,0
2723,train,0
2724,train,0
2725,train,0
2726,train,0
2727,train,0
2728,train,0
2729,train,0
2730,validation,0
2731,train,0
2732,train,0
2733,train,0
2734,train,0
2735,train,0
2736,train,0
2737,train,0
2738,train,0
2739,train,0
2740,train,0
2741,train,0
2742,train,0
2743,train,0
2744,train,0
2745,train,0
2746,train,0
2747,train,0
2748,train,0
2749,train,0
2750,train,0
2751,validation,0
2752,train,0
2753,train,0
2754,train,0
2755,train,0
2756,train,0
2757,train,0
2758,test,0
2759,validation,0
2760,validation,0
2761,test,0
2762,test,0
2763,validation,0
2764,train,0
2765,train,0
2766,test,0
2767,train,0
2768,train,0
2769,test,0
2770,train,0
2771,test,0
2772,test,0
2773,train,0
2774,train,0
2775,validation,0
2776,test,0
2777,train,0
2778,train,0
2779,test,0
2780,train,0
2781,train,0
2782,validation,0
2783,validation,0
2784,test,0
2785,train,0
2786,train,0
2787,test,0
2788,train,0
2789,train,0
2790,train,0
2791,train,0
2792,train,0
2793,train,0
2794,train,0
2795,validation,0
2796,train,0
2797,validation,0
2798,train,0
2799,train,0
2800,train,0
2801,train,0
2802,train,0
2803,train,0
2804,train,0
2805,validation,0
2806,train,0
2807,train,0
2808,validation,0
2809,test,0
2810,validation,0
2811,train,0
2812,train,0
2813,test,0
2814,test,0
2815,test,0
2816,validation,0
2817,train,0
2818,validation,0
2819,train,0
2820,train,0
2821,validation,0
2822,train,0
2823,validation,0
2824,train,0
2825,train,0
2826,train,0
2827,test,0
2828,train,0
2829,train,0
2830,validation,0
2831,test,0
2832,train,0
2833,train,0
2834,train,0
2835,train,0
2836,validation,0
2837,test,0
2838,train,0
2839,train,0
2840,train,0
2841,train,0
2842,test,0
2843,train,0
2844,validation,0
2845,test,0
2846,test,0
2847,train,0
2848,train,0
2849,train,0
2850,train,0
2851,test,0
2852,train,0
2853,train,0
2854,test,0
2855,train,0
2856,train,0
2857,train,0
2858,validation,0
2859,train,0
2860,test,0
2861,train,0
2862,train,0
2863,train,0
2864,test,0
2865,validation,0
2866,validation,0
2867,validation,0
2868,train,0
2869,test,0
2870,train,0
2871,train,0
2872,train,0
2873,test,0
2874,train,0
2875,train,0
2876,test,0
2877,train,0
2878,train,0
2879,validation,0
2880,train,0
2881,train,0
2882,validation,0
2883,test,0
2884,train,0
2885,validation,0
2886,validation,0
2887,train,0
2888,train,0
2889,train,0
2890,test,0
2891,test,0
2892,train,0
2893,validation,0
2894,train,0
2895,train,0
2896,validation,0
2897,train,0
2898,train,0
2899,train,0
2900,test,0
2901,test,0
2902,train,0
2903,train,0
2904,validation,0
2905,train,0
2906,train,0
2907,train,0
2908,validation,0
2909,validation,0
2910,train,0
2911,validation,0
2912,train,0
2913,test,0
2914,test,0
2915,validation,0
2916,train,0
2917,train,0
2918,train,0
2919,test,0
2920,test,0
2921,validation,0
2922,train,0
2923,train,0
2924,validation,0
2925,train,0
2926,validation,0
2927,validation,0
2928,train,0
2929,train,0
2930,test,0
2931,train,0
2932,train,0
2933,validation,0
2934,test,0
2935,train,0
2936,train,0
2937,validation,0
2938,train,0
2939,validation,0
2940,train,0
2941,validation,0
2942,validation,0
2943,train,0
2944,test,0
2945,test,0
2946,validation,0
2947,validation,0
2948,train,0
2949,train,0
2950,validation,0
2951,train,0
2952,train,0
2953,validation,0
2954,validation,0
2955,train,0
2956,train,0
2957,validation,0
2958,train,0
2959,test,0
2960,train,0
2961,train,0
2962,train,0
2963,test,0
2964,test,0
2965,validation,0
2966,train,0
2967,test,0
2968,train,0
2969,train,0
2970,validation,0
2971,test,0
2972,train,0
2973,train,0
2974,train,0
2975,validation,0
2976,validation,0
2977,validation,0
2978,validation,0
2979,validation,0
2980,validation,0
2981,train,0
2982,train,0
2983,train,0
2984,train,0
2985,train,0
2986,validation,0
2987,train,0
2988,train,0
2989,test,0
2990,train,0
2991,validation,0
2992,train,0
2993,train,0
2994,train,0
2995,train,0
2996,train,0
2997,train,0
2998,validation,0
2999,train,0
3000,train,0
3001,train,0
3002,test,0
3003,validation,0
3004,validation,0
3005,train,0
3006,validation,0
3007,test,0
3008,train,0
3009,train,0
3010,validation,0
3011,train,0
3012,test,0
3013,train,0
3014,validation,0
3015,train,0
3016,train,0
3017,train,0
3018,train,0
3019,validation,0
3020,train,0
3021,train,0
3022,validation,0
3023,train,0
3024,train,0
3025,train,0
3026,test,0
3027,train,0
3028,validation,0
3029,train,0
3030,train,0
3031,test,0
3032,train,0
3033,train,0
3034,validation,0
3035,train,0
3036,validation,0
3037,train,0
3038,train,0
3039,test,0
3040,train,0
3041,validation,0
3042,train,0
3043,train,0
3044,train,0
3045,test,0
3046,train,0
3047,train,0
3048,train,0
3049,test,0
3050,validation,0
3051,test,0
3052,train,0
3053,test,0
3054,test,0
3055,test,0
3056,test,0
3057,test,0
3058,test,0
3059,train,0
3060,validation,0
3061,validation,0
3062,train,0
3063,validation,0
3064,train,0
3065,train,0
3066,train,0
3067,train,0
3068,validation,0
3069,train,0
3070,train,0
3071,validation,0
3072,test,0
3073,train,0
3074,train,0
3075,train,0
3076,test,0
3077,train,0
3078,train,0
3079,validation,0
3080,test,0
3081,train,0
3082,test,0
3083,train,0
3084,train,0
3085,train,0
3086,train,0
3087,train,0
3088,train,0
3089,test,0
3090,train,0
3091,test,0
3092,train,0
3093,test,0
3094,train,0
3095,train,0
3096,validation,0
3097,validation,0
3098,train,0
3099,train,0
3100,train,0
3101,validation,0
3102,train,0
3103,train,0
3104,train,0
3105,train,0
3106,train,0
3107,test,0
3108,train,0
3109,train,0
3110,train,0
3111,validation,0
3112,train,0
3113,validation,0
3114,train,0
3115,test,0
3116,test,0
3117,train,0
3118,train,0
3119,train,0
3120,train,0
3121,test,0
3122,train,0
3123,test,0
3124,validation,0
3125,test,0
3126,train,0
3127,validation,0
3128,test,0
3129,validation,0
3130,train,0
3131,test,0
3132,test,0
3133,train,0
3134,validation,0
3135,train,0
3136,train,0
3137,train,0
3138,train,0
3139,validation,0
3140,train,0
3141,validation,0
3142,train,0
3143,train,0
3144,train,0
3145,validation,0
3146,train,0
3147,train,0
3148,train,0
3149,train,0
3150,test,0
3151,train,0
3152,train,0
3153,train,0
3154,train,0
3155,train,0
3156,test,0
3157,train,0
3158,validation,0
3159,train,0
3160,test,0
3161,train,0
3162,test,0
3163,train,0
3164,train,0
3165,train,0
3166,train,0
3167,train,0
3168,validation,0
3169,test,0
3170,test,0
3171,train,0
3172,train,0
3173,train,0
3174,train,0
3175,test,0
3176,test,0
3177,train,0
3178,train,0
3179,train,0
3180,train,0
3181,train,0
3182,validation,0
3183,train,0
3184,train,0
3185,train,0
3186,train,0
3187,validation,0
3188,train,0
3189,validation,0
3190,train,0
3191,train,0
3192,train,0
3193,test,0
3194,train,0
3195,train,0
3196,validation,0
3197,test,0
3198,test,0
3199,train,0
3200,train,0
3201,train,0
3202,train,0
3203,train,0
3204,test,0
3205,validation,0
3206,train,0
3207,validation,0
3208,train,0
3209,validation,0
3210,train,0
3211,train,0
3212,train,0
3213,train,0
3214,train,0
3215,train,0
3216,train,0
3217,train,0
3218,test,0
3219,validation,0
3220,validation,0
3221,train,0
3222,train,0
3223,train,0
3224,train,0
3225,train,0
3226,train,0
3227,test,0
3228,test,0
3229,test,0
3230,test,0
3231,test,0
3232,test,0
3233,train,0
3234,validation,0
3235,train,0
3236,train,0
3237,test,0
3238,train,0
3239,validation,0
3240,test,0
3241,train,0
3242,train,0
3243,test,0
3244,train,0
3245,train,0
3246,train,0
3247,validation,0
3248,test,0
3249,train,0
3250,train,0
3251,train,0
3252,train,0
3253,train,0
3254,train,0
3255,validation,0
3256,validation,0
3257,test,0
3258,validation,0
3259,train,0
3260,train,0
3261,train,0
3262,train,0
3263,train,0
3264,train,0
3265,test,0
3266,test,0
3267,test,0
3268,train,0
3269,train,0
3270,test,0
3271,train,0
3272,train,0
3273,train,0
3274,test,0
3275,test,0
3276,train,0
3277,validation,0
3278,train,0
3279,train,0
3280,train,0
3281,test,0
3282,test,0
3283,train,0
3284,train,0
3285,train,0
3286,train,0
3287,validation,0
3288,train,0
3289,train,0
3290,validation,0
3291,validation,0
3292,validation,0
3293,train,0
3294,validation,0
3295,test,0
3296,train,0
3297,validation,0
3298,validation,0
3299,test,0
3300,validation,0
3301,train,0
3302,validation,0
3303,validation,0
3304,train,0
3305,train,0
3306,train,0
3307,test,0
3308,train,0
3309,train,0
3310,train,0
3311,train,0
3312,train,0
3313,train,0
3314,train,0
3315,test,0
3316,validation,0
3317,test,0
3318,train,0
3319,train,0
3320,train,0
3321,train,0
3322,test,0
3323,train,0
3324,test,0
3325,train,0
3326,train,0
3327,validation,0
3328,train,0
3329,train,0
3330,train,0
3331,train,0
3332,validation,0
3333,validation,0
3334,test,0
3335,train,0
3336,train,0
3337,train,0
3338,train,0
3339,test,0
3340,train,0
3341,train,0
3342,train,0
3343,train,0
3344,validation,0
3345,train,0
3346,train,0
3347,validation,0
3348,train,0
3349,train,0
3350,train,0
3351,train,0
3352,train,0
3353,train,0
3354,train,0
3355,train,0
3356,validation,0
3357,train,0
3358,test,0
3359,validation,0
3360,train,0
3361,train,0
3362,train,0
3363,train,0
3364,train,0
3365,train,0
3366,train,0
3367,validation,0
3368,test,0
3369,test,0
3370,train,0
3371,validation,0
3372,test,0
3373,validation,0
3374,train,0
3375,train,0
3376,train,0
3377,test,0
3378,validation,0
3379,test,0
3380,validation,0
3381,validation,0
3382,validation,0
3383,train,0
3384,train,0
3385,validation,0
3386,test,0
3387,train,0
3388,train,0
3389,train,0
3390,validation,0
3391,train,0
3392,validation,0
3393,train,0
3394,validation,0
3395,validation,0
3396,train,0
3397,train,0
3398,train,0
3399,train,0
3400,test,0
3401,train,0
3402,train,0
3403,train,0
3404,train,0
3405,train,0
3406,train,0
3407,train,0
3408,train,0
3409,train,0
3410,train,0
3411,train,0
3412,train,0
3413,validation,0
3414,train,0
3415,train,0
3416,train,0
3417,train,0
3418,train,0
3419,test,0
3420,train,0
3421,train,0
3422,test,0
3423,train,0
3424,train,0
3425,train,0
3426,test,0
3427,train,0
3428,train,0
3429,train,0
3430,validation,0
3431,validation,0
3432,train,0
3433,test,0
3434,train,0
3435,train,0
3436,train,0
3437,train,0
3438,test,0
3439,train,0
3440,validation,0
3441,train,0
3442,train,0
3443,train,0
3444,train,0
3445,train,0
3446,validation,0
3447,train,0
3448,test,0
3449,train,0
3450,test,0
3451,test,0
3452,test,0
3453,train,0
3454,test,0
3455,train,0
3456,train,0
3457,test,0
3458,train,0
3459,train,0
3460,train,0
3461,train,0
3462,train,0
3463,train,0
3464,train,0
3465,validation,0
3466,train,0
3467,train,0
3468,train,0
3469,validation,0
3470,train,0
3471,train,0
3472,test,0
3473,train,0
3474,train,0
3475,validation,0
3476,train,0
3477,validation,0
3478,train,0
3479,train,0
3480,train,0
3481,train,0
3482,train,0
3483,validation,0
3484,train,0
3485,train,0
3486,validation,0
3487,train,0
3488,validation,0
3489,train,0
3490,train,0
3491,test,0
3492,train,0
3493,train,0
3494,train,0
3495,train,0
3496,train,0
3497,train,0
3498,train,0
3499,test,0
3500,train,0
3501,validation,0
3502,train,0
3503,train,0
3504,train,0
3505,train,0
3506,train,0
3507,train,0
3508,test,0
3509,train,0
3510,validation,0
3511,train,0
3512,test,0
3513,test,0
3514,test,0
3515,validation,0
3516,test,0
3517,train,0
3518,train,0
3519,validation,0
3520,test,0
3521,train,0
3522,validation,0
3523,train,0
3524,train,0
3525,train,0
3526,train,0
3527,train,0
3528,test,0
3529,train,0
3530,train,0
3531,test,0
3532,train,0
3533,test,0
3534,train,0
3535,train,0
3536,train,0
3537,validation,0
3538,train,0
3539,validation,0
3540,validation,0
3541,train,0
3542,train,0
3543,test,0
3544,train,0
3545,train,0
3546,test,0
3547,validation,0
3548,train,0
3549,train,0
3550,train,0
3551,validation,0
3552,train,0
3553,train,0
3554,train,0
3555,train,0
3556,train,0
3557,train,0
3558,validation,0
3559,train,0
3560,train,0
3561,train,0
3562,validation,0
3563,validation,0
3564,validation,0
3565,train,0
3566,train,0
3567,train,0
3568,test,0
3569,train,0
3570,train,0
3571,train,0
3572,test,0
3573,train,0
3574,train,0
3575,train,0
3576,test,0
3577,train,0
3578,test,0
3579,validation,0
3580,validation,0
3581,train,0
3582,test,0
3583,validation,0
3584,train,0
3585,validation,0
3586,train,0
3587,train,0
3588,train,0
3589,train,0
3590,train,0
3591,train,0
3592,test,0
3593,test,0
3594,train,0
3595,validation,0
3596,test,0
3597,train,0
3598,test,0
3599,train,0
3600,train,0
3601,test,0
3602,train,0
3603,train,0
3604,validation,0
3605,train,0
3606,train,0
3607,train,0
3608,train,0
3609,train,0
3610,validation,0
3611,train,0
3612,train,0
3613,test,0
3614,train,0
3615,train,0
3616,validation,0
3617,train,0
3618,validation,0
3619,test,0
3620,validation,0
3621,train,0
3622,train,0
3623,train,0
3624,test,0
3625,train,0
3626,test,0
3627,test,0
3628,train,0
3629,test,0
3630,validation,0
3631,validation,0
3632,test,0
3633,train,0
3634,train,0
3635,test,0
3636,validation,0
3637,test,0
3638,train,0
3639,test,0
3640,train,0
3641,train,0
3642,test,0
3643,train,0
3644,validation,0
3645,train,0
3646,train,0
3647,train,0
3648,train,0
3649,train,0
3650,train,0
3651,train,0
3652,train,0
3653,train,0
3654,validation,0
3655,validation,0
3656,train,0
3657,train,0
3658,validation,0
3659,test,0
3660,train,0
3661,train,0
3662,train,0
3663,train,0
3664,test,0
3665,validation,0
3666,train,0
3667,validation,0
3668,train,0
3669,test,0
3670,test,0
3671,train,0
3672,train,0
3673,test,0
3674,train,0
3675,train,0
3676,test,0
3677,validation,0
3678,validation,0
3679,train,0
3680,validation,0
3681,train,0
3682,train,0
3683,train,0
3684,test,0
3685,train,0
3686,train,0
3687,validation,0
3688,test,0
3689,test,0
3690,train,0
3691,train,0
3692,train,0
3693,train,0
3694,train,0
3695,test,0
3696,train,0
3697,train,0
3698,validation,0
3699,test,0
3700,test,0
3701,train,0
3702,train,0
3703,test,0
3704,train,0
3705,train,0
3706,test,0
3707,validation,0
3708,train,0
3709,train,0
3710,validation,0
3711,train,0
3712,train,0
3713,train,0
3714,validation,0
3715,validation,0
3716,validation,0
3717,train,0
3718,test,0
3719,train,0
3720,train,0
3721,train,0
3722,train,0
3723,train,0
3724,validation,0
3725,validation,0
3726,validation,0
3727,train,0
3728,train,0
3729,train,0
3730,train,0
3731,train,0
3732,train,0
3733,validation,0
3734,train,0
3735,train,0
3736,train,0
3737,train,0
3738,train,0
3739,train,0
3740,test,0
3741,test,0
3742,test,0
3743,train,0
3744,validation,0
3745,train,0
3746,train,0
3747,train,0
3748,validation,0
3749,train,0
3750,test,0
3751,train,0
3752,test,0
3753,test,0
3754,test,0
3755,validation,0
3756,train,0
3757,test,0
3758,validation,0
3759,train,0
3760,train,0
3761,train,0
3762,test,0
3763,validation,0
3764,train,0
3765,validation,0
3766,train,0
3767,test,0
3768,train,0
3769,test,0
3770,train,0
3771,train,0
3772,validation,0
3773,train,0
3774,train,0
3775,train,0
3776,train,0
3777,train,0
3778,test,0
3779,train,0
3780,train,0
3781,train,0
3782,train,0
3783,validation,0
3784,train,0
3785,train,0
3786,train,0
3787,test,0
3788,train,0
3789,validation,0
3790,train,0
3791,validation,0
3792,train,0
3793,validation,0
3794,train,0
3795,validation,0
3796,train,0
3797,train,0
3798,train,0
3799,train,0
3800,test,0
3801,test,0
3802,train,0
3803,validation,0
3804,train,0
3805,test,0
3806,test,0
3807,test,0
3808,train,0
3809,train,0
3810,test,0
3811,train,0
3812,validation,0
3813,train,0
3814,test,0
3815,train,0
3816,train,0
3817,validation,0
3818,test,0
3819,test,0
3820,validation,0
3821,train,0
3822,train,0
3823,train,0
3824,train,0
3825,train,0
3826,train,0
3827,test,0
3828,train,0
3829,validation,0
3830,train,0
3831,train,0
3832,validation,0
3833,validation,0
3834,test,0
3835,train,0
3836,validation,0
3837,test,0
3838,validation,0
3839,train,0
3840,train,0
3841,train,0
3842,train,0
3843,test,0
3844,validation,0
3845,test,0
3846,validation,0
3847,test,0
3848,train,0
3849,train,0
3850,train,0
3851,train,0
3852,validation,0
3853,train,0
3854,validation,0
3855,train,0
3856,test,0
3857,test,0
3858,train,0
3859,validation,0
3860,train,0
3861,train,0
3862,train,0
3863,train,0
3864,train,0
3865,train,0
3866,validation,0
3867,train,0
3868,train,0
3869,test,0
3870,train,0
3871,train,0
3872,train,0
3873,train,0
3874,train,0
3875,validation,0
3876,validation,0
3877,train,0
3878,test,0
3879,train,0
3880,test,0
3881,test,0
3882,train,0
3883,train,0
3884,train,0
3885,train,0
3886,validation,0
3887,test,0
3888,train,0
3889,validation,0
3890,validation,0
3891,test,0
3892,train,0
3893,train,0
3894,train,0
3895,validation,0
3896,train,0
3897,validation,0
3898,train,0
3899,test,0
3900,validation,0
3901,validation,0
3902,train,0
3903,train,0
3904,test,0
3905,train,0
3906,train,0
3907,train,0
3908,test,0
3909,train,0
3910,train,0
3911,train,0
3912,train,0
3913,train,0
3914,train,0
3915,train,0
3916,test,0
3917,train,0
3918,test,0
3919,train,0
3920,test,0
3921,test,0
3922,validation,0
3923,validation,0
3924,test,0
3925,train,0
3926,train,0
3927,validation,0
3928,train,0
3929,test,0
3930,validation,0
3931,train,0
3932,train,0
3933,train,0
3934,validation,0
3935,train,0
3936,train,0
3937,validation,0
3938,train,0
3939,test,0
3940,test,0
3941,validation,0
3942,train,0
3943,train,0
3944,validation,0
3945,train,0
3946,train,0
3947,train,0
3948,train,0
3949,validation,0
3950,test,0
3951,validation,0
3952,train,0
3953,train,0
3954,train,0
3955,train,0
3956,train,0
3957,train,0
3958,test,0
3959,test,0
3960,validation,0
3961,validation,0
3962,train,0
3963,train,0
3964,train,0
3965,test,0
3966,train,0
3967,test,0
3968,train,0
3969,train,0
3970,train,0
3971,validation,0
3972,train,0
3973,train,0
3974,train,0
3975,train,0
3976,validation,0
3977,test,0
3978,train,0
3979,train,0
3980,train,0
3981,validation,0
3982,validation,0
3983,train,0
3984,train,0
3985,test,0
3986,train,0
3987,test,0
3988,validation,0
3989,test,0
3990,test,0
3991,validation,0
3992,test,0
3993,train,0
3994,test,0
3995,train,0
3996,test,0
3997,train,0
3998,test,0
3999,train,0
4000,validation,0
4001,test,0
4002,test,0
4003,train,0
4004,train,0
4005,test,0
4006,test,0
4007,test,0
4008,train,0
4009,train,0
4010,validation,0
4011,train,0
4012,validation,0
4013,train,0
4014,validation,0
4015,train,0
4016,train,0
4017,validation,0
4018,test,0
4019,train,0
4020,train,0
4021,train,0
4022,train,0
4023,test,0
4024,validation,0
4025,train,0
4026,train,0
4027,train,0
4028,validation,0
4029,validation,0
4030,train,0
4031,train,0
4032,validation,0
4033,train,0
4034,test,0
4035,test,0
4036,train,0
4037,test,0
4038,validation,0
4039,validation,0
4040,validation,0
4041,validation,0
4042,validation,0
4043,validation,0
4044,train,0
4045,train,0
4046,train,0
4047,validation,0
4048,train,0
4049,train,0
4050,train,0
4051,validation,0
4052,train,0
4053,validation,0
4054,train,0
4055,validation,0
4056,test,0
4057,test,0
4058,train,0
4059,train,0
4060,train,0
4061,validation,0
4062,test,0
4063,train,0
4064,validation,0
4065,validation,0
4066,train,0
4067,train,0
4068,train,0
4069,validation,0
4070,validation,0
4071,train,0
4072,train,0
4073,validation,0
4074,train,0
4075,train,0
4076,validation,0
4077,train,0
4078,train,0
4079,train,0
4080,train,0
4081,test,0
4082,train,0
4083,validation,0
4084,train,0
4085,train,0
4086,train,0
4087,validation,0
4088,test,0
4089,train,0
4090,train,0
4091,validation,0
4092,test,0
4093,validation,0
4094,train,0
4095,train,0
4096,validation,0
4097,validation,0
4098,train,0
4099,train,0
4100,train,0
4101,train,0
4102,train,0
4103,train,0
4104,test,0
4105,train,0
4106,train,0
4107,validation,0
4108,train,0
4109,train,0
4110,train,0
4111,test,0
4112,train,0
4113,train,0
4114,train,0
4115,train,0
4116,validation,0
4117,train,0
4118,train,0
4119,train,0
4120,train,0
4121,test,0
4122,train,0
4123,train,0
4124,train,0
4125,train,0
4126,train,0
4127,test,0
4128,validation,0
4129,train,0
4130,validation,0
4131,test,0
4132,validation,0
4133,train,0
4134,validation,0
4135,train,0
4136,train,0
4137,train,0
4138,train,0
4139,validation,0
4140,train,0
4141,train,0
4142,validation,0
4143,train,0
4144,train,0
4145,train,0
4146,train,0
4147,validation,0
4148,train,0
4149,test,0
4150,test,0
4151,validation,0
4152,validation,0
4153,test,0
4154,train,0
4155,train,0
4156,train,0
4157,train,0
4158,train,0
4159,train,0
4160,validation,0
4161,train,0
4162,test,0
4163,validation,0
4164,train,0
4165,test,0
4166,train,0
4167,test,0
4168,train,0
4169,train,0
4170,validation,0
4171,test,0
4172,train,0
4173,train,0
4174,train,0
4175,train,0
4176,train,0
4177,test,0
4178,train,0
4179,validation,0
4180,train,0
4181,test,0
4182,train,0
4183,validation,0
4184,validation,0
4185,test,0
4186,train,0
4187,test,0
4188,train,0
4189,test,0
4190,train,0
4191,validation,0
4192,train,0
4193,train,0
4194,test,0
4195,test,0
4196,test,0
4197,train,0
4198,validation,0
4199,train,0
4200,train,0
4201,train,0
4202,validation,0
4203,train,0
4204,train,0
4205,train,0
4206,train,0
4207,validation,0
4208,test,0
4209,validation,0
4210,validation,0
4211,test,0
4212,train,0
4213,validation,0
4214,train,0
4215,validation,0
4216,train,0
4217,train,0
4218,train,0
4219,train,0
4220,train,0
4221,test,0
4222,train,0
4223,train,0
4224,train,0
4225,train,0
4226,validation,0
4227,train,0
4228,train,0
4229,test,0
4230,train,0
4231,train,0
4232,validation,0
4233,test,0
4234,validation,0
4235,train,0
4236,train,0
4237,train,0
4238,validation,0
4239,train,0
4240,train,0
4241,train,0
4242,train,0
4243,train,0
4244,train,0
4245,train,0
4246,validation,0
4247,validation,0
4248,validation,0
4249,train,0
4250,train,0
4251,train,0
4252,validation,0
4253,train,0
4254,train,0
4255,train,0
4256,test,0
4257,train,0
4258,validation,0
4259,train,0
4260,test,0
4261,train,0
4262,train,0
4263,train,0
4264,train,0
4265,validation,0
4266,train,0
4267,train,0
4268,validation,0
4269,validation,0
4270,test,0
4271,train,0
4272,test,0
4273,validation,0
4274,train,0
4275,train,0
4276,validation,0
4277,train,0
4278,train,0
4279,train,0
4280,validation,0
4281,test,0
4282,train,0
4283,train,0
4284,test,0
4285,train,0
4286,test,0
4287,train,0
4288,test,0
4289,train,0
4290,train,0
4291,train,0
4292,train,0
4293,train,0
4294,train,0
4295,train,0
4296,train,0
4297,train,0
4298,validation,0
4299,train,0
4300,test,0
4301,train,0
4302,validation,0
4303,train,0
4304,train,0
4305,train,0
4306,validation,0
4307,train,0
4308,train,0
4309,train,0
4310,train,0
4311,validation,0
4312,train,0
4313,validation,0
4314,train,0
4315,test,0
4316,validation,0
4317,validation,0
4318,validation,0
4319,train,0
4320,validation,0
4321,train,0
4322,test,0
4323,train,0
4324,train,0
4325,validation,0
4326,train,0
4327,validation,0
4328,train,0
4329,train,0
4330,train,0
4331,train,0
4332,test,0
4333,validation,0
4334,validation,0
4335,train,0
4336,train,0
4337,train,0
4338,train,0
4339,train,0
4340,test,0
4341,train,0
4342,train,0
4343,validation,0
4344,validation,0
4345,train,0
4346,validation,0
4347,validation,0
4348,train,0
4349,train,0
4350,validation,0
4351,train,0
4352,validation,0
4353,train,0
4354,train,0
4355,train,0
4356,test,0
4357,train,0
4358,test,0
4359,test,0
4360,validation,0
4361,train,0
4362,validation,0
4363,train,0
4364,train,0
4365,train,0
4366,train,0
4367,validation,0
4368,train,0
4369,train,0
4370,test,0
4371,validation,0
4372,test,0
4373,validation,0
4374,validation,0
4375,validation,0
4376,validation,0
4377,train,0
4378,train,0
4379,train,0
4380,train,0
4381,validation,0
4382,train,0
4383,train,0
4384,test,0
4385,validation,0
4386,validation,0
4387,test,0
4388,train,0
4389,train,0
4390,train,0
4391,test,0
4392,validation,0
4393,train,0
4394,validation,0
4395,train,0
4396,train,0
4397,train,0
4398,train,0
4399,test,0
4400,test,0
4401,train,0
4402,train,0
4403,train,0
4404,train,0
4405,train,0
4406,train,0
4407,test,0
4408,train,0
4409,train,0
4410,test,0
4411,train,0
4412,test,0
4413,test,0
4414,train,0
4415,train,0
4416,train,0
4417,validation,0
4418,test,0
4419,validation,0
4420,validation,0
4421,test,0
4422,train,0
4423,train,0
4424,validation,0
4425,train,0
4426,train,0
4427,train,0
4428,validation,0
4429,train,0
4430,train,0
4431,train,0
4432,train,0
4433,validation,0
4434,test,0
4435,validation,0
4436,train,0
4437,train,0
4438,train,0
4439,validation,0
4440,train,0
4441,test,0
4442,validation,0
4443,validation,0
4444,train,0
4445,test,0
4446,train,0
4447,train,0
4448,train,0
4449,train,0
4450,validation,0
4451,validation,0
4452,test,0
4453,train,0
4454,train,0
4455,train,0
4456,train,0
4457,validation,0
4458,train,0
4459,validation,0
4460,test,0
4461,train,0
4462,train,0
4463,validation,0
4464,train,0
4465,train,0
4466,test,0
4467,train,0
4468,train,0
4469,train,0
4470,validation,0
4471,test,0
4472,train,0
4473,validation,0
4474,train,0
4475,train,0
4476,train,0
4477,train,0
4478,train,0
4479,train,0
4480,test,0
4481,test,0
4482,test,0
4483,train,0
4484,validation,0
4485,validation,0
4486,train,0
4487,validation,0
4488,test,0
4489,train,0
4490,train,0
4491,test,0
4492,validation,0
4493,test,0
4494,test,0
4495,test,0
4496,train,0
4497,train,0
4498,validation,0
4499,train,0
4500,train,0
4501,train,0
4502,test,0
4503,validation,0
4504,train,0
4505,train,0
4506,train,0
4507,train,0
4508,train,0
4509,train,0
4510,train,0
4511,validation,0
4512,train,0
4513,train,0
4514,train,0
4515,validation,0
4516,validation,0
4517,train,0
4518,validation,0
4519,test,0
4520,test,0
4521,test,0
4522,train,0
4523,train,0
4524,train,0
4525,train,0
4526,train,0
4527,train,0
4528,train,0
4529,validation,0
4530,test,0
4531,train,0
4532,validation,0
4533,train,0
4534,train,0
4535,test,0
4536,train,0
4537,test,0
4538,validation,0
4539,train,0
4540,train,0
4541,train,0
4542,test,0
4543,train,0
4544,train,0
4545,train,0
4546,test,0
4547,test,0
4548,validation,0
4549,test,0
4550,train,0
4551,validation,0
4552,train,0
4553,validation,0
4554,test,0
4555,train,0
4556,train,0
4557,test,0
4558,validation,0
4559,validation,0
4560,train,0
4561,train,0
4562,train,0
4563,train,0
4564,test,0
4565,train,0
4566,train,0
4567,train,0
4568,train,0
4569,train,0
4570,train,0
4571,train,0
4572,test,0
4573,train,0
4574,test,0
4575,train,0
4576,train,0
4577,train,0
4578,test,0
4579,train,0
4580,train,0
4581,validation,0
4582,validation,0
4583,train,0
4584,validation,0
4585,train,0
4586,train,0
4587,train,0
4588,test,0
4589,train,0
4590,validation,0
4591,train,0
4592,test,0
4593,train,0
4594,train,0
4595,validation,0
4596,train,0
4597,test,0
4598,train,0
4599,validation,0
4600,train,0
4601,validation,0
4602,train,0
4603,test,0
4604,test,0
4605,train,0
4606,train,0
4607,train,0
4608,train,0
4609,train,0
4610,train,0
4611,train,0
4612,train,0
4613,train,0
4614,train,0
4615,test,0
4616,train,0
4617,train,0
4618,train,0
4619,train,0
4620,train,0
4621,validation,0
4622,train,0
4623,test,0
4624,train,0
4625,validation,0
4626,test,0
4627,train,0
4628,train,0
4629,train,0
4630,train,0
4631,train,0
4632,train,0
4633,train,0
4634,validation,0
4635,train,0
4636,test,0
4637,train,0
4638,train,0
4639,train,0
4640,validation,0
4641,train,0
4642,train,0
4643,validation,0
4644,train,0
4645,train,0
4646,test,0
4647,train,0
4648,validation,0
4649,test,0
4650,test,0
4651,test,0
4652,test,0
4653,train,0
4654,train,0
4655,train,0
4656,validation,0
4657,train,0
4658,validation,0
4659,test,0
4660,train,0
4661,train,0
4662,test,0
4663,validation,0
4664,train,0
4665,test,0
4666,validation,0
4667,train,0
4668,train,0
4669,train,0
4670,validation,0
4671,train,0
4672,test,0
4673,train,0
4674,train,0
4675,train,0
4676,train,0
4677,validation,0
4678,train,0
4679,train,0
4680,train,0
4681,train,0
4682,train,0
4683,train,0
4684,validation,0
4685,test,0
4686,test,0
4687,test,0
4688,train,0
4689,train,0
4690,train,0
4691,train,0
4692,train,0
4693,validation,0
4694,validation,0
4695,train,0
4696,train,0
4697,train,0
4698,train,0
4699,test,0
4700,train,0
4701,test,0
4702,validation,0
4703,test,0
4704,validation,0
4705,validation,0
4706,train,0
4707,train,0
4708,test,0
4709,train,0
4710,validation,0
4711,test,0
4712,validation,0
4713,train,0
4714,test,0
4715,train,0
4716,validation,0
4717,train,0
4718,train,0
4719,train,0
4720,train,0
4721,train,0
4722,validation,0
4723,train,0
4724,test,0
4725,test,0
4726,train,0
4727,validation,0
4728,train,0
4729,test,0
4730,test,0
4731,test,0
4732,train,0
4733,train,0
4734,test,0
4735,test,0
4736,test,0
4737,train,0
4738,validation,0
4739,train,0
4740,train,0
4741,train,0
4742,train,0
4743,validation,0
4744,train,0
4745,train,0
4746,train,0
4747,train,0
4748,test,0
4749,train,0
4750,train,0
4751,train,0
4752,train,0
4753,train,0
4754,train,0
4755,train,0
4756,test,0
4757,train,0
4758,validation,0
4759,test,0
4760,train,0
4761,train,0
4762,train,0
4763,validation,0
4764,train,0
4765,train,0
4766,train,0
4767,train,0
4768,train,0
4769,train,0
4770,validation,0
4771,test,0
4772,train,0
4773,validation,0
4774,validation,0
4775,train,0
4776,validation,0
4777,test,0
4778,validation,0
4779,test,0
4780,train,0
4781,test,0
4782,test,0
4783,validation,0
4784,train,0
4785,train,0
4786,train,0
4787,train,0
4788,test,0
4789,train,0
4790,train,0
4791,test,0
4792,test,0
4793,train,0
4794,test,0
4795,train,0
4796,train,0
4797,test,0
4798,train,0
4799,test,0
4800,train,0
4801,test,0
4802,validation,0
4803,train,0
4804,validation,0
4805,validation,0
4806,train,0
4807,train,0
4808,validation,0
4809,train,0
4810,validation,0
4811,train,0
4812,train,0
4813,test,0
4814,train,0
4815,validation,0
4816,train,0
4817,train,0
4818,train,0
4819,validation,0
4820,train,0
4821,train,0
4822,validation,0
4823,validation,0
4824,train,0
4825,validation,0
4826,train,0
4827,train,0
4828,validation,0
4829,test,0
4830,validation,0
4831,train,0
4832,validation,0
4833,train,0
4834,train,0
4835,test,0
4836,train,0
4837,train,0
4838,train,0
4839,train,0
4840,validation,0
4841,train,0
4842,train,0
4843,test,0
4844,train,0
4845,train,0
4846,train,0
4847,test,0
4848,test,0
4849,train,0
4850,train,0
4851,train,0
4852,train,0
4853,train,0
4854,test,0
4855,train,0
4856,train,0
4857,validation,0
4858,train,0
4859,train,0
4860,test,0
4861,train,0
4862,validation,0
4863,validation,0
4864,train,0
4865,train,0
4866,validation,0
4867,train,0
4868,train,0
4869,validation,0
4870,train,0
4871,train,0
4872,train,0
4873,train,0
4874,train,0
4875,train,0
4876,train,0
4877,train,0
4878,train,0
4879,train,0
4880,train,0
4881,train,0
4882,validation,0
4883,train,0
4884,train,0
4885,train,0
4886,validation,0
4887,test,0
4888,train,0
4889,test,0
4890,train,0
4891,train,0
4892,test,0
4893,train,0
4894,train,0
4895,train,0
4896,train,0
4897,train,0
4898,train,0
4899,train,0
4900,test,0
4901,train,0
4902,validation,0
4903,train,0
4904,train,0
4905,validation,0
4906,train,0
4907,train,0
4908,train,0
4909,train,0
4910,train,0
4911,test,0
4912,train,0
4913,train,0
4914,validation,0
4915,validation,0
4916,train,0
4917,train,0
4918,train,0
4919,test,0
4920,train,0
4921,train,0
4922,validation,0
4923,train,0
4924,train,0
4925,train,0
4926,train,0
4927,test,0
4928,train,0
4929,train,0
4930,train,0
4931,test,0
4932,train,0
4933,train,0
4934,train,0
4935,train,0
4936,train,0
4937,validation,0
4938,test,0
4939,train,0
4940,train,0
4941,test,0
4942,test,0
4943,train,0
4944,test,0
4945,train,0
4946,train,0
4947,train,0
4948,train,0
4949,test,0
4950,test,0
4951,train,0
4952,validation,0
4953,validation,0
4954,train,0
4955,test,0
4956,train,0
4957,train,0
4958,validation,0
4959,train,0
4960,test,0
4961,train,0
4962,validation,0
4963,train,0
4964,train,0
4965,test,0
4966,validation,0
4967,test,0
4968,train,0
4969,test,0
4970,validation,0
4971,validation,0
4972,train,0
4973,train,0
4974,validation,0
4975,train,0
4976,train,0
4977,train,0
4978,train,0
4979,train,0
4980,validation,0
4981,validation,0
4982,train,0
4983,train,0
4984,test,0
4985,train,0
4986,train,0
4987,train,0
4988,train,0
4989,validation,0
4990,train,0
4991,train,0
4992,train,0
4993,train,0
4994,train,0
4995,test,0
4996,test,0
4997,train,0
4998,train,0
4999,test,0
5000,validation,0
5001,train,0
5002,train,0
5003,train,0
5004,validation,0
5005,train,0
5006,train,0
5007,train,0
5008,train,0
5009,train,0
5010,train,0
5011,test,0
5012,train,0
5013,train,0
5014,train,0
5015,train,0
5016,train,0
5017,train,0
5018,train,0
5019,test,0
5020,test,0
5021,test,0
5022,train,0
5023,train,0
5024,train,0
5025,train,0
5026,train,0
5027,test,0
5028,train,0
5029,train,0
5030,train,0
5031,validation,0
5032,validation,0
5033,validation,0
5034,train,0
5035,train,0
5036,train,0
5037,train,0
5038,train,0
5039,validation,0
5040,train,0
5041,train,0
5042,validation,0
5043,test,0
5044,train,0
5045,validation,0
5046,train,0
5047,validation,0
5048,train,0
5049,train,0
5050,train,0
5051,train,0
5052,train,0
5053,validation,0
5054,train,0
5055,train,0
5056,train,0
5057,train,0
5058,validation,0
5059,train,0
5060,validation,0
5061,train,0
5062,train,0
5063,test,0
5064,validation,0
5065,train,0
5066,validation,0
5067,train,0
5068,train,0
5069,train,0
5070,train,0
5071,train,0
5072,validation,0
5073,train,0
5074,test,0
5075,validation,0
5076,train,0
5077,validation,0
5078,train,0
5079,test,0
5080,train,0
5081,train,0
5082,train,0
5083,train,0
5084,validation,0
5085,train,0
5086,train,0
5087,train,0
5088,test,0
5089,train,0
5090,validation,0
5091,train,0
5092,train,0
5093,train,0
5094,train,0
5095,validation,0
5096,train,0
5097,train,0
5098,train,0
5099,validation,0
5100,train,0
5101,train,0
5102,train,0
5103,test,0
5104,train,0
5105,train,0
5106,validation,0
5107,test,0
5108,validation,0
5109,train,0
5110,validation,0
5111,train,0
5112,train,0
5113,train,0
5114,train,0
5115,validation,0
5116,train,0
5117,train,0
5118,train,0
5119,train,0
5120,train,0
5121,train,0
5122,train,0
5123,train,0
5124,train,0
5125,test,0
5126,train,0
5127,test,0
5128,test,0
5129,validation,0
5130,train,0
5131,validation,0
5132,test,0
5133,train,0
5134,train,0
5135,test,0
5136,train,0
5137,train,0
5138,validation,0
5139,train,0
5140,train,0
5141,train,0
5142,train,0
5143,test,0
5144,train,0
5145,train,0
5146,validation,0
5147,train,0
5148,test,0
5149,test,0
5150,train,0
5151,train,0
5152,train,0
5153,validation,0
5154,train,0
5155,train,0
5156,train,0
5157,train,0
5158,validation,0
5159,train,0
5160,train,0
5161,test,0
5162,test,0
5163,train,0
5164,validation,0
5165,validation,0
5166,test,0
5167,train,0
5168,test,0
5169,test,0
5170,validation,0
5171,test,0
5172,train,0
5173,train,0
5174,train,0
5175,train,0
5176,train,0
5177,test,0
5178,train,0
5179,train,0
5180,validation,0
5181,test,0
5182,validation,0
5183,test,0
5184,train,0
5185,train,0
5186,train,0
5187,train,0
5188,train,0
5189,validation,0
5190,train,0
5191,validation,0
5192,validation,0
5193,train,0
5194,train,0
5195,train,0
5196,train,0
5197,train,0
5198,train,0
5199,train,0
5200,train,0
5201,train,0
5202,validation,0
5203,test,0
5204,train,0
5205,train,0
5206,validation,0
5207,validation,0
5208,train,0
5209,test,0
5210,test,0
5211,validation,0
5212,train,0
5213,train,0
5214,validation,0
5215,test,0
5216,test,0
5217,train,0
5218,validation,0
5219,test,0
5220,validation,0
5221,validation,0
5222,train,0
5223,validation,0
5224,train,0
5225,test,0
5226,train,0
5227,validation,0
5228,test,0
5229,train,0
5230,validation,0
5231,train,0
5232,validation,0
5233,validation,0
5234,test,0
5235,train,0
5236,train,0
5237,train,0
5238,test,0
5239,train,0
5240,test,0
5241,train,0
5242,train,0
5243,test,0
5244,test,0
5245,train,0
5246,train,0
5247,train,0
5248,train,0
5249,train,0
5250,test,0
5251,train,0
5252,train,0
5253,train,0
5254,train,0
5255,validation,0
5256,train,0
5257,test,0
5258,validation,0
5259,train,0
5260,train,0
5261,test,0
5262,test,0
5263,train,0
5264,test,0
5265,train,0
5266,validation,0
5267,test,0
5268,train,0
5269,train,0
5270,train,0
5271,train,0
5272,train,0
5273,train,0
5274,train,0
5275,train,0
5276,test,0
5277,train,0
5278,validation,0
5279,train,0
5280,train,0
5281,train,0
5282,validation,0
5283,validation,0
5284,train,0
5285,test,0
5286,train,0
5287,train,0
5288,train,0
5289,train,0
5290,train,0
5291,validation,0
5292,train,0
5293,test,0
5294,train,0
5295,validation,0
5296,train,0
5297,validation,0
5298,train,0
5299,train,0
5300,train,0
5301,test,0
5302,validation,0
5303,train,0
5304,validation,0
5305,train,0
5306,train,0
5307,train,0
5308,train,0
5309,validation,0
5310,train,0
5311,train,0
5312,test,0
5313,train,0
5314,validation,0
5315,test,0
5316,train,0
5317,test,0
5318,validation,0
5319,train,0
5320,train,0
5321,test,0
5322,validation,0
5323,train,0
5324,train,0
5325,train,0
5326,test,0
5327,test,0
5328,train,0
5329,train,0
5330,validation,0
5331,train,0
5332,train,0
5333,test,0
5334,validation,0
5335,train,0
5336,validation,0
5337,train,0
5338,train,0
5339,validation,0
5340,train,0
5341,train,0
5342,train,0
5343,train,0
5344,train,0
5345,test,0
5346,train,0
5347,test,0
5348,train,0
5349,train,0
5350,validation,0
5351,train,0
5352,validation,0
5353,train,0
5354,validation,0
5355,train,0
5356,train,0
5357,train,0
5358,train,0
5359,validation,0
5360,train,0
5361,train,0
5362,train,0
5363,validation,0
5364,test,0
5365,test,0
5366,train,0
5367,test,0
5368,train,0
5369,train,0
5370,train,0
5371,validation,0
5372,train,0
5373,train,0
5374,train,0
5375,test,0
5376,test,0
5377,train,0
5378,train,0
5379,train,0
5380,validation,0
5381,validation,0
5382,validation,0
5383,train,0
5384,train,0
5385,test,0
5386,train,0
5387,train,0
5388,train,0
5389,validation,0
5390,train,0
5391,train,0
5392,train,0
5393,validation,0
5394,test,0
5395,train,0
5396,train,0
5397,train,0
5398,train,0
5399,train,0
5400,train,0
5401,train,0
5402,train,0
5403,train,0
5404,train,0
5405,test,0
5406,validation,0
5407,train,0
5408,test,0
5409,train,0
5410,test,0
5411,validation,0
5412,test,0
5413,train,0
5414,test,0
5415,train,0
5416,test,0
5417,test,0
5418,validation,0
5419,train,0
5420,train,0
5421,test,0
5422,test,0
5423,test,0
5424,train,0
5425,train,0
5426,test,0
5427,test,0
5428,train,0
5429,train,0
5430,train,0
5431,test,0
5432,train,0
5433,train,0
5434,train,0
5435,validation,0
5436,train,0
5437,test,0
5438,test,0
5439,train,0
5440,test,0
5441,train,0
5442,validation,0
5443,validation,0
5444,test,0
5445,train,0
5446,train,0
5447,test,0
5448,train,0
5449,train,0
5450,train,0
5451,train,0
5452,train,0
5453,validation,0
5454,train,0
5455,train,0
5456,train,0
5457,validation,0
5458,train,0
5459,validation,0
5460,train,0
5461,train,0
5462,test,0
5463,validation,0
5464,train,0
5465,train,0
5466,train,0
5467,validation,0
5468,train,0
5469,train,0
5470,train,0
5471,train,0
5472,train,0
5473,train,0
5474,test,0
5475,train,0
5476,train,0
5477,validation,0
5478,train,0
5479,test,0
5480,test,0
5481,test,0
5482,train,0
5483,validation,0
5484,validation,0
5485,train,0
5486,train,0
5487,test,0
5488,train,0
5489,train,0
5490,test,0
5491,validation,0
5492,train,0
5493,train,0
5494,train,0
5495,train,0
5496,train,0
5497,validation,0
5498,test,0
5499,train,0
5500,train,0
5501,validation,0
5502,validation,0
5503,test,0
5504,train,0
5505,train,0
5506,train,0
5507,test,0
5508,validation,0
5509,train,0
5510,train,0
5511,train,0
5512,train,0
5513,train,0
5514,test,0
5515,train,0
5516,test,0
5517,train,0
5518,train,0
5519,train,0
5520,train,0
5521,test,0
5522,validation,0
5523,train,0
5524,train,0
5525,train,0
5526,train,0
5527,test,0
5528,validation,0
5529,train,0
5530,train,0
5531,train,0
5532,train,0
5533,train,0
5534,train,0
5535,train,0
5536,train,0
5537,validation,0
5538,test,0
5539,train,0
5540,test,0
5541,train,0
5542,train,0
5543,train,0
5544,validation,0
5545,train,0
5546,train,0
5547,test,0
5548,test,0
5549,train,0
5550,test,0
5551,train,0
5552,validation,0
5553,test,0
5554,validation,0
5555,test,0
5556,test,0
5557,train,0
5558,train,0
5559,validation,0
5560,train,0
5561,train,0
5562,train,0
5563,test,0
5564,train,0
5565,train,0
5566,validation,0
5567,test,0
5568,train,0
5569,train,0
5570,test,0
5571,train,0
5572,test,0
5573,train,0
5574,test,0
5575,validation,0
5576,test,0
5577,test,0
5578,train,0
5579,test,0
5580,train,0
5581,train,0
5582,validation,0
5583,train,0
5584,train,0
5585,validation,0
5586,train,0
5587,test,0
5588,train,0
5589,test,0
5590,train,0
5591,test,0
5592,train,0
5593,train,0
5594,test,0
5595,test,0
5596,train,0
5597,validation,0
5598,test,0
5599,train,0
5600,train,0
5601,test,0
5602,train,0
5603,train,0
5604,train,0
5605,train,0
5606,train,0
5607,train,0
5608,train,0
5609,test,0
5610,test,0
5611,train,0
5612,train,0
5613,train,0
5614,train,0
5615,train,0
5616,train,0
5617,train,0
5618,validation,0
5619,validation,0
5620,test,0
5621,test,0
5622,test,0
5623,validation,0
5624,test,0
5625,validation,0
5626,train,0
5627,test,0
5628,test,0
5629,test,0
5630,train,0
5631,validation,0
5632,train,0
5633,test,0
5634,train,0
5635,validation,0
5636,validation,0
5637,train,0
5638,train,0
5639,test,0
5640,train,0
5641,validation,0
5642,train,0
5643,test,0
5644,train,0
5645,test,0
5646,test,0
5647,train,0
5648,test,0
5649,train,0
5650,validation,0
5651,train,0
5652,train,0
5653,train,0
5654,train,0
5655,train,0
5656,test,0
5657,train,0
5658,test,0
5659,train,0
5660,validation,0
5661,validation,0
5662,test,0
5663,test,0
5664,train,0
5665,validation,0
5666,test,0
5667,validation,0
5668,train,0
5669,test,0
5670,validation,0
5671,train,0
5672,train,0
5673,train,0
5674,validation,0
5675,train,0
5676,train,0
5677,train,0
5678,validation,0
5679,train,0
5680,train,0
5681,test,0
5682,validation,0
5683,train,0
5684,train,0
5685,test,0
5686,test,0
5687,validation,0
5688,validation,0
5689,train,0
5690,validation,0
5691,validation,0
5692,validation,0
5693,test,0
5694,train,0
5695,train,0
5696,validation,0
5697,train,0
5698,train,0
5699,train,0
5700,validation,0
5701,train,0
5702,validation,0
5703,validation,0
5704,test,0
5705,test,0
5706,train,0
5707,validation,0
5708,train,0
5709,test,0
5710,test,0
5711,train,0
5712,train,0
5713,train,0
5714,train,0
5715,validation,0
5716,validation,0
5717,test,0
5718,validation,0
5719,train,0
5720,train,0
5721,validation,0
5722,train,0
5723,validation,0
5724,train,0
5725,train,0
5726,test,0
5727,test,0
5728,test,0
5729,test,0
5730,train,0
5731,test,0
5732,validation,0
5733,train,0
5734,validation,0
5735,validation,0
5736,train,0
5737,train,0
5738,test,0
5739,test,0
5740,train,0
5741,validation,0
5742,train,0
5743,test,0
5744,train,0
5745,validation,0
5746,train,0
5747,test,0
5748,train,0
5749,test,0
5750,validation,0
5751,test,0
5752,train,0
5753,test,0
5754,test,0
5755,test,0
5756,train,0
5757,validation,0
5758,train,0
5759,train,0
5760,test,0
5761,train,0
5762,train,0
5763,train,0
5764,train,0
5765,train,0
5766,validation,0
5767,train,0
5768,train,0
5769,validation,0
5770,train,0
5771,train,0
5772,train,0
5773,train,0
5774,train,0
5775,train,0
5776,train,0
5777,test,0
5778,train,0
5779,test,0
5780,validation,0
5781,train,0
5782,train,0
5783,train,0
5784,validation,0
5785,train,0
5786,train,0
5787,test,0
5788,test,0
5789,train,0
5790,train,0
5791,test,0
5792,train,0
5793,test,0
5794,train,0
5795,validation,0
5796,train,0
5797,train,0
5798,test,0
5799,validation,0
5800,validation,0
5801,test,0
5802,train,0
5803,validation,0
5804,train,0
5805,test,0
5806,train,0
5807,train,0
5808,train,0
5809,validation,0
5810,train,0
5811,train,0
5812,train,0
5813,test,0
5814,test,0
5815,test,0
5816,validation,0
5817,train,0
5818,train,0
5819,test,0
5820,validation,0
5821,validation,0
5822,test,0
5823,train,0
5824,train,0
5825,train,0
5826,validation,0
5827,train,0
5828,train,0
5829,train,0
5830,validation,0
5831,validation,0
5832,test,0
5833,train,0
5834,test,0
5835,train,0
5836,test,0
5837,train,0
5838,train,0
5839,train,0
5840,train,0
5841,validation,0
5842,validation,0
5843,train,0
5844,train,0
5845,test,0
5846,train,0
5847,train,0
5848,train,0
5849,test,0
5850,train,0
5851,train,0
5852,train,0
5853,train,0
5854,test,0
5855,validation,0
5856,train,0
5857,validation,0
5858,validation,0
5859,test,0
5860,train,0
5861,train,0
5862,test,0
5863,train,0
5864,train,0
5865,test,0
5866,train,0
5867,test,0
5868,train,0
5869,test,0
5870,train,0
5871,train,0
5872,train,0
5873,train,0
5874,train,0
5875,train,0
5876,train,0
5877,train,0
5878,train,0
5879,test,0
5880,train,0
5881,validation,0
5882,train,0
5883,train,0
5884,validation,0
5885,train,0
5886,test,0
5887,test,0
5888,test,0
5889,train,0
5890,test,0
5891,test,0
5892,train,0
5893,train,0
5894,train,0
5895,validation,0
5896,train,0
5897,validation,0
5898,train,0
5899,train,0
5900,train,0
5901,train,0
5902,test,0
5903,train,0
5904,test,0
5905,train,0
5906,train,0
5907,train,0
5908,test,0
5909,train,0
5910,test,0
5911,test,0
5912,train,0
5913,train,0
5914,test,0
5915,train,0
5916,validation,0
5917,test,0
5918,train,0
5919,train,0
5920,test,0
5921,test,0
5922,train,0
5923,train,0
5924,train,0
5925,train,0
5926,validation,0
5927,train,0
5928,train,0
5929,test,0
5930,train,0
5931,validation,0
5932,train,0
5933,train,0
5934,test,0
5935,train,0
5936,train,0
5937,train,0
5938,test,0
5939,train,0
5940,train,0
5941,train,0
5942,train,0
5943,train,0
5944,test,0
5945,validation,0
5946,train,0
5947,train,0
5948,train,0
5949,test,0
5950,validation,0
5951,train,0
5952,train,0
5953,train,0
5954,train,0
5955,train,0
5956,validation,0
5957,train,0
5958,validation,0
5959,train,0
5960,train,0
5961,test,0
5962,train,0
5963,validation,0
5964,train,0
5965,validation,0
5966,test,0
5967,test,0
5968,train,0
5969,train,0
5970,train,0
5971,train,0
5972,train,0
5973,train,0
5974,validation,0
5975,train,0
5976,train,0
5977,validation,0
5978,validation,0
5979,test,0
5980,train,0
5981,train,0
5982,train,0
5983,train,0
5984,validation,0
5985,train,0
5986,train,0
5987,test,0
5988,train,0
5989,test,0
5990,train,0
5991,validation,0
5992,train,0
5993,train,0
5994,train,0
5995,train,0
5996,test,0
5997,test,0
5998,train,0
5999,validation,0
6000,validation,0
6001,train,0
6002,train,0
6003,train,0
6004,train,0
6005,validation,0
6006,train,0
6007,train,0
6008,train,0
6009,validation,0
6010,train,0
6011,validation,0
6012,validation,0
6013,train,0
6014,train,0
6015,train,0
6016,validation,0
6017,validation,0
6018,train,0
6019,train,0
6020,train,0
6021,train,0
6022,train,0
6023,train,0
6024,test,0
6025,train,0
6026,train,0
6027,test,0
6028,test,0
6029,train,0
6030,train,0
6031,validation,0
6032,train,0
6033,train,0
6034,train,0
6035,test,0
6036,validation,0
6037,train,0
6038,train,0
6039,train,0
6040,train,0
6041,train,0
6042,train,0
6043,train,0
6044,train,0
6045,train,0
6046,train,0
6047,train,0
6048,train,0
6049,train,0
6050,train,0
6051,train,0
6052,test,0
6053,train,0
6054,validation,0
6055,train,0
6056,train,0
6057,test,0
6058,train,0
6059,train,0
6060,train,0
6061,test,0
6062,train,0
6063,test,0
6064,validation,0
6065,train,0
6066,train,0
6067,train,0
6068,train,0
6069,train,0
6070,test,0
6071,train,0
6072,train,0
6073,validation,0
6074,test,0
6075,train,0
6076,train,0
6077,train,0
6078,train,0
6079,validation,0
6080,train,0
6081,test,0
6082,train,0
6083,train,0
6084,validation,0
6085,train,0
6086,validation,0
6087,test,0
6088,train,0
6089,train,0
6090,train,0
6091,train,0
6092,train,0
6093,train,0
6094,train,0
6095,train,0
6096,validation,0
6097,train,0
6098,validation,0
6099,train,0
6100,test,0
6101,train,0
6102,train,0
6103,train,0
6104,train,0
6105,validation,0
6106,train,0
6107,validation,0
6108,validation,0
6109,test,0
6110,train,0
6111,train,0
6112,train,0
6113,train,0
6114,train,0
6115,test,0
6116,train,0
6117,train,0
6118,train,0
6119,train,0
6120,train,0
6121,train,0
6122,train,0
6123,train,0
6124,validation,0
6125,train,0
6126,validation,0
6127,test,0
6128,validation,0
6129,test,0
6130,train,0
6131,train,0
6132,train,0
6133,test,0
6134,test,0
6135,test,0
6136,train,0
6137,validation,0
6138,train,0
6139,train,0
6140,train,0
6141,validation,0
6142,train,0
6143,test,0
6144,train,0
6145,validation,0
6146,test,0
6147,train,0
6148,train,0
6149,validation,0
6150,train,0
6151,train,0
6152,train,0
6153,train,0
6154,validation,0
6155,validation,0
6156,train,0
6157,train,0
6158,test,0
6159,train,0
6160,train,0
6161,train,0
6162,test,0
6163,test,0
6164,train,0
6165,train,0
6166,test,0
6167,train,0
6168,test,0
6169,test,0
6170,validation,0
6171,train,0
6172,train,0
6173,test,0
6174,validation,0
6175,train,0
6176,train,0
6177,test,0
6178,validation,0
6179,validation,0
6180,train,0
6181,train,0
6182,train,0
6183,train,0
6184,train,0
6185,train,0
6186,train,0
6187,train,0
6188,test,0
6189,train,0
6190,test,0
6191,validation,0
6192,train,0
6193,train,0
6194,validation,0
6195,train,0
6196,train,0
6197,validation,0
6198,test,0
6199,test,0
6200,train,0
6201,train,0
6202,validation,0
6203,validation,0
6204,test,0
6205,test,0
6206,train,0
6207,train,0
6208,train,0
6209,test,0
6210,test,0
6211,train,0
6212,validation,0
6213,train,0
6214,test,0
6215,train,0
6216,test,0
6217,train,0
6218,validation,0
6219,train,0
6220,train,0
6221,train,0
6222,train,0
6223,validation,0
6224,train,0
6225,test,0
6226,train,0
6227,test,0
6228,train,0
6229,train,0
6230,train,0
6231,train,0
6232,train,0
6233,test,0
6234,test,0
6235,validation,0
6236,train,0
6237,train,0
6238,train,0
6239,train,0
6240,validation,0
6241,train,0
6242,train,0
6243,train,0
6244,train,0
6245,train,0
6246,test,0
6247,test,0
6248,test,0
6249,test,0
6250,test,0
6251,test,0
6252,test,0
6253,train,0
6254,test,0
6255,train,0
6256,train,0
6257,test,0
6258,train,0
6259,test,0
6260,train,0
6261,train,0
6262,train,0
6263,validation,0
6264,train,0
6265,validation,0
6266,train,0
6267,train,0
6268,train,0
6269,validation,0
6270,train,0
6271,train,0
6272,train,0
6273,validation,0
6274,validation,0
6275,train,0
6276,test,0
6277,test,0
6278,train,0
6279,train,0
6280,validation,0
6281,train,0
6282,train,0
6283,train,0
6284,validation,0
6285,train,0
6286,train,0
6287,train,0
6288,validation,0
6289,train,0
6290,train,0
6291,test,0
6292,train,0
6293,train,0
6294,train,0
6295,train,0
6296,test,0
6297,train,0
6298,train,0
6299,test,0
6300,train,0
6301,train,0
6302,test,0
6303,validation,0
6304,train,0
6305,train,0
6306,train,0
6307,validation,0
6308,train,0
6309,validation,0
6310,train,0
6311,validation,0
6312,train,0
6313,train,0
6314,train,0
6315,validation,0
6316,train,0
6317,train,0
6318,validation,0
6319,train,0
6320,train,0
6321,test,0
6322,train,0
6323,train,0
6324,train,0
6325,train,0
6326,train,0
6327,train,0
6328,train,0
6329,train,0
6330,train,0
6331,test,0
6332,train,0
6333,train,0
6334,train,0
6335,train,0
6336,train,0
6337,validation,0
6338,train,0
6339,train,0
6340,validation,0
6341,train,0
6342,test,0
6343,train,0
6344,train,0
6345,train,0
6346,train,0
6347,validation,0
6348,validation,0
6349,validation,0
6350,train,0
6351,validation,0
6352,test,0
6353,train,0
6354,validation,0
6355,test,0
6356,validation,0
6357,train,0
6358,train,0
6359,train,0
6360,validation,0
6361,train,0
6362,train,0
6363,train,0
6364,train,0
6365,train,0
6366,train,0
6367,train,0
6368,train,0
6369,validation,0
6370,train,0
6371,test,0
6372,train,0
6373,train,0
6374,train,0
6375,validation,0
6376,train,0
6377,train,0
6378,train,0
6379,validation,0
6380,validation,0
6381,train,0
6382,train,0
6383,train,0
6384,train,0
6385,train,0
6386,train,0
6387,train,0
6388,train,0
6389,train,0
6390,validation,0
6391,train,0
6392,train,0
6393,validation,0
6394,train,0
6395,train,0
6396,train,0
6397,validation,0
6398,train,0
6399,train,0
6400,train,0
6401,validation,0
6402,train,0
6403,train,0
6404,test,0
6405,train,0
6406,train,0
6407,train,0
6408,train,0
6409,train,0
6410,train,0
6411,train,0
6412,train,0
6413,test,0
6414,train,0
6415,test,0
6416,test,0
6417,validation,0
6418,train,0
6419,train,0
6420,train,0
6421,validation,0
6422,test,0
6423,validation,0
6424,validation,0
6425,train,0
6426,test,0
6427,train,0
6428,validation,0
6429,train,0
6430,train,0
6431,test,0
6432,train,0
6433,train,0
6434,test,0
6435,test,0
6436,validation,0
6437,train,0
6438,train,0
6439,train,0
6440,test,0
6441,train,0
6442,test,0
6443,test,0
6444,train,0
6445,train,0
6446,train,0
6447,train,0
6448,test,0
6449,test,0
6450,train,0
6451,train,0
6452,train,0
6453,train,0
6454,train,0
6455,train,0
6456,validation,0
6457,train,0
6458,train,0
6459,test,0
6460,train,0
6461,validation,0
6462,train,0
6463,train,0
6464,validation,0
6465,train,0
6466,train,0
6467,train,0
6468,train,0
6469,train,0
6470,test,0
6471,train,0
6472,test,0
6473,train,0
6474,train,0
6475,train,0
6476,test,0
6477,train,0
6478,train,0
6479,test,0
6480,train,0
6481,train,0
6482,validation,0
6483,test,0
6484,validation,0
6485,validation,0
6486,validation,0
6487,test,0
6488,validation,0
6489,train,0
6490,test,0
6491,test,0
6492,validation,0
6493,train,0
6494,train,0
6495,train,0
6496,train,0
6497,train,0
6498,train,0
6499,train,0
6500,train,0
6501,train,0
6502,train,0
6503,train,0
6504,train,0
6505,train,0
6506,train,0
6507,train,0
6508,validation,0
6509,train,0
6510,train,0
6511,train,0
6512,train,0
6513,train,0
6514,validation,0
6515,validation,0
6516,train,0
6517,test,0
6518,train,0
6519,train,0
6520,validation,0
6521,validation,0
6522,validation,0
6523,train,0
6524,train,0
6525,train,0
6526,train,0
6527,validation,0
6528,train,0
6529,train,0
6530,train,0
6531,train,0
6532,train,0
6533,validation,0
6534,test,0
6535,test,0
6536,validation,0
6537,train,0
6538,test,0
6539,validation,0
6540,train,0
6541,train,0
6542,validation,0
6543,test,0
6544,train,0
6545,train,0
6546,validation,0
6547,train,0
6548,test,0
6549,test,0
6550,train,0
6551,train,0
6552,train,0
6553,train,0
6554,test,0
6555,train,0
6556,train,0
6557,validation,0
6558,train,0
6559,train,0
6560,validation,0
6561,validation,0
6562,validation,0
6563,train,0
6564,train,0
6565,train,0
6566,train,0
6567,test,0
6568,test,0
6569,validation,0
6570,test,0
6571,train,0
6572,train,0
6573,train,0
6574,test,0
6575,train,0
6576,test,0
6577,train,0
6578,train,0
6579,train,0
6580,test,0
6581,validation,0
6582,train,0
6583,validation,0
6584,train,0
6585,train,0
6586,train,0
6587,validation,0
6588,train,0
6589,train,0
6590,validation,0
6591,test,0
6592,train,0
6593,train,0
6594,train,0
6595,train,0
6596,test,0
6597,train,0
6598,train,0
6599,train,0
6600,train,0
6601,train,0
6602,validation,0
6603,validation,0
6604,train,0
6605,train,0
6606,validation,0
6607,test,0
6608,train,0
6609,train,0
6610,train,0
6611,train,0
6612,validation,0
6613,train,0
6614,train,0
6615,validation,0
6616,train,0
6617,train,0
6618,test,0
6619,test,0
6620,train,0
6621,train,0
6622,train,0
6623,validation,0
6624,train,0
6625,train,0
6626,train,0
6627,test,0
6628,test,0
6629,train,0
6630,train,0
6631,train,0
6632,train,0
6633,test,0
6634,test,0
6635,test,0
6636,train,0
6637,validation,0
6638,validation,0
6639,validation,0
6640,train,0
6641,validation,0
6642,train,0
6643,test,0
6644,test,0
6645,validation,0
6646,train,0
6647,train,0
6648,train,0
6649,test,0
6650,train,0
6651,train,0
6652,train,0
6653,validation,0
6654,train,0
6655,train,0
6656,train,0
6657,validation,0
6658,train,0
6659,train,0
6660,validation,0
6661,test,0
6662,train,0
6663,train,0
6664,test,0
6665,validation,0
6666,validation,0
6667,test,0
6668,test,0
6669,train,0
6670,test,0
6671,train,0
6672,train,0
6673,train,0
6674,test,0
6675,train,0
6676,train,0
6677,train,0
6678,train,0
6679,validation,0
6680,train,0
6681,train,0
6682,train,0
6683,train,0
6684,train,0
6685,train,0
6686,train,0
6687,train,0
6688,validation,0
6689,train,0
6690,validation,0
6691,train,0
6692,train,0
6693,train,0
6694,test,0
6695,train,0
6696,train,0
6697,train,0
6698,train,0
6699,train,0
6700,train,0
6701,train,0
6702,validation,0
6703,train,0
6704,validation,0
6705,validation,0
6706,train,0
6707,train,0
6708,train,0
6709,train,0
6710,validation,0
6711,train,0
6712,train,0
6713,train,0
6714,train,0
6715,validation,0
6716,test,0
6717,train,0
6718,validation,0
6719,test,0
6720,test,0
6721,train,0
6722,train,0
6723,test,0
6724,validation,0
6725,train,0
6726,validation,0
6727,test,0
6728,validation,0
6729,train,0
6730,train,0
6731,train,0
6732,validation,0
6733,train,0
6734,test,0
6735,test,0
6736,train,0
6737,test,0
6738,train,0
6739,test,0
6740,train,0
6741,train,0
6742,train,0
6743,test,0
6744,train,0
6745,test,0
6746,train,0
6747,train,0
6748,validation,0
6749,validation,0
6750,train,0
6751,test,0
6752,test,0
6753,train,0
6754,train,0
6755,train,0
6756,train,0
6757,train,0
6758,train,0
6759,train,0
6760,train,0
6761,train,0
6762,train,0
6763,train,0
6764,train,0
6765,validation,0
6766,train,0
6767,train,0
6768,validation,0
6769,test,0
6770,train,0
6771,test,0
6772,test,0
6773,train,0
6774,train,0
6775,test,0
6776,train,0
6777,train,0
6778,train,0
6779,test,0
6780,train,0
6781,test,0
6782,train,0
6783,train,0
6784,train,0
6785,train,0
6786,validation,0
6787,validation,0
6788,train,0
6789,test,0
6790,test,0
6791,train,0
6792,train,0
6793,train,0
6794,train,0
6795,validation,0
6796,test,0
6797,validation,0
6798,train,0
6799,train,0
6800,validation,0
6801,test,0
6802,test,0
6803,train,0
6804,train,0
6805,train,0
6806,validation,0
6807,train,0
6808,train,0
6809,train,0
6810,train,0
6811,test,0
6812,train,0
6813,train,0
6814,train,0
6815,train,0
6816,train,0
6817,train,0
6818,train,0
6819,train,0
6820,train,0
6821,train,0
6822,validation,0
6823,train,0
6824,train,0
6825,train,0
6826,validation,0
6827,train,0
6828,test,0
6829,train,0
6830,test,0
6831,train,0
6832,test,0
6833,train,0
6834,train,0
6835,train,0
6836,train,0
6837,test,0
6838,train,0
6839,train,0
6840,test,0
6841,train,0
6842,train,0
6843,train,0
6844,validation,0
6845,validation,0
6846,train,0
6847,train,0
6848,test,0
6849,test,0
6850,test,0
6851,train,0
6852,train,0
6853,train,0
6854,train,0
6855,train,0
6856,test,0
6857,train,0
6858,train,0
6859,train,0
6860,test,0
6861,train,0
6862,train,0
6863,train,0
6864,test,0
6865,test,0
6866,validation,0
6867,test,0
6868,train,0
6869,test,0
6870,train,0
6871,train,0
6872,train,0
6873,test,0
6874,train,0
6875,train,0
6876,train,0
6877,train,0
6878,test,0
6879,test,0
6880,train,0
6881,train,0
6882,train,0
6883,test,0
6884,test,0
6885,train,0
6886,test,0
6887,train,0
6888,validation,0
6889,train,0
6890,train,0
6891,train,0
6892,train,0
6893,train,0
6894,train,0
6895,test,0
6896,train,0
6897,train,0
6898,train,0
6899,train,0
6900,test,0
6901,validation,0
6902,validation,0
6903,validation,0
6904,train,0
6905,train,0
6906,validation,0
6907,test,0
6908,validation,0
6909,train,0
6910,train,0
6911,train,0
6912,train,0
6913,train,0
6914,train,0
6915,train,0
6916,train,0
6917,test,0
6918,train,0
6919,validation,0
6920,train,0
6921,validation,0
6922,test,0
6923,train,0
6924,train,0
6925,train,0
6926,test,0
6927,train,0
6928,train,0
6929,train,0
6930,train,0
6931,validation,0
6932,test,0
6933,train,0
6934,test,0
6935,validation,0
6936,validation,0
6937,test,0
6938,train,0
6939,test,0
6940,train,0
6941,train,0
6942,train,0
6943,train,0
6944,train,0
6945,validation,0
6946,train,0
6947,validation,0
6948,train,0
6949,test,0
6950,test,0
6951,train,0
6952,train,0
6953,test,0
6954,train,0
6955,test,0
6956,train,0
6957,validation,0
6958,test,0
6959,validation,0
6960,test,0
6961,train,0
6962,test,0
6963,train,0
6964,test,0
6965,train,0
6966,train,0
6967,validation,0
6968,train,0
6969,train,0
6970,test,0
6971,test,0
6972,train,0
6973,train,0
6974,train,0
6975,train,0
6976,train,0
6977,train,0
6978,test,0
6979,train,0
6980,train,0
6981,train,0
6982,validation,0
6983,train,0
6984,train,0
6985,train,0
6986,train,0
6987,train,0
6988,train,0
6989,test,0
6990,train,0
6991,validation,0
6992,test,0
6993,validation,0
6994,train,0
6995,test,0
6996,test,0
6997,train,0
6998,train,0
6999,test,0
7000,train,0
7001,test,0
7002,train,0
7003,train,0
7004,train,0
7005,train,0
7006,train,0
7007,validation,0
7008,validation,0
7009,train,0
7010,train,0
7011,train,0
7012,train,0
7013,train,0
7014,train,0
7015,test,0
7016,test,0
7017,train,0
7018,train,0
7019,train,0
7020,test,0
7021,train,0
7022,validation,0
7023,train,0
7024,train,0
7025,train,0
7026,train,0
7027,validation,0
7028,test,0
7029,validation,0
7030,train,0
7031,train,0
7032,train,0
7033,test,0
7034,test,0
7035,train,0
7036,train,0
7037,train,0
7038,validation,0
7039,train,0
7040,train,0
7041,train,0
7042,test,0
7043,validation,0
7044,train,0
7045,validation,0
7046,validation,0
7047,validation,0
7048,train,0
7049,train,0
7050,train,0
7051,train,0
7052,test,0
7053,train,0
7054,validation,0
7055,train,0
7056,train,0
7057,test,0
7058,train,0
7059,test,0
7060,train,0
7061,train,0
7062,train,0
7063,train,0
7064,test,0
7065,train,0
7066,test,0
7067,train,0
7068,validation,0
7069,validation,0
7070,train,0
7071,test,0
7072,train,0
7073,train,0
7074,test,0
7075,validation,0
7076,test,0
7077,validation,0
7078,test,0
7079,validation,0
7080,validation,0
7081,train,0
7082,test,0
7083,train,0
7084,validation,0
7085,train,0
7086,train,0
7087,train,0
7088,train,0
7089,train,0
7090,test,0
7091,train,0
7092,test,0
7093,validation,0
7094,train,0
7095,validation,0
7096,validation,0
7097,train,0
7098,train,0
7099,validation,0
7100,validation,0
7101,test,0
7102,train,0
7103,train,0
7104,test,0
7105,train,0
7106,validation,0
7107,validation,0
7108,train,0
7109,train,0
7110,train,0
7111,train,0
7112,train,0
7113,test,0
7114,train,0
7115,validation,0
7116,train,0
7117,validation,0
7118,validation,0
7119,train,0
7120,train,0
7121,train,0
7122,train,0
7123,validation,0
7124,train,0
7125,validation,0
7126,train,0
7127,test,0
7128,train,0
7129,train,0
7130,validation,0
7131,train,0
7132,test,0
7133,test,0
7134,train,0
7135,train,0
7136,train,0
7137,train,0
7138,validation,0
7139,train,0
7140,test,0
7141,test,0
7142,train,0
7143,train,0
7144,train,0
7145,validation,0
7146,train,0
7147,train,0
7148,train,0
7149,test,0
7150,train,0
7151,validation,0
7152,test,0
7153,train,0
7154,validation,0
7155,train,0
7156,train,0
7157,test,0
7158,train,0
7159,train,0
7160,train,0
7161,train,0
7162,train,0
7163,test,0
7164,train,0
7165,test,0
7166,test,0
7167,validation,0
7168,test,0
7169,test,0
7170,validation,0
7171,train,0
7172,train,0
7173,validation,0
7174,train,0
7175,validation,0
7176,test,0
7177,train,0
7178,test,0
7179,validation,0
7180,validation,0
7181,train,0
7182,validation,0
7183,train,0
7184,train,0
7185,validation,0
7186,test,0
7187,train,0
7188,train,0
7189,train,0
7190,train,0
7191,validation,0
7192,validation,0
7193,train,0
7194,validation,0
7195,train,0
7196,train,0
7197,train,0
7198,validation,0
7199,validation,0
7200,test,0
7201,train,0
7202,train,0
7203,train,0
7204,train,0
7205,train,0
7206,train,0
7207,train,0
7208,train,0
7209,validation,0
7210,test,0
7211,test,0
7212,train,0
7213,test,0
7214,validation,0
7215,train,0
7216,train,0
7217,train,0
7218,train,0
7219,train,0
7220,train,0
7221,test,0
7222,train,0
7223,test,0
7224,test,0
7225,train,0
7226,train,0
7227,test,0
7228,validation,0
7229,test,0
7230,train,0
7231,validation,0
7232,validation,0
7233,test,0
7234,validation,0
7235,train,0
7236,train,0
7237,train,0
7238,train,0
7239,test,0
7240,validation,0
7241,train,0
7242,test,0
7243,test,0
7244,train,0
7245,train,0
7246,train,0
7247,validation,0
7248,train,0
7249,test,0
7250,train,0
7251,train,0
7252,train,0
7253,train,0
7254,train,0
7255,train,0
7256,train,0
7257,train,0
7258,train,0
7259,train,0
7260,train,0
7261,train,0
7262,train,0
7263,train,0
7264,train,0
7265,train,0
7266,validation,0
7267,test,0
7268,train,0
7269,train,0
7270,train,0
7271,test,0
7272,train,0
7273,train,0
7274,train,0
7275,train,0
7276,train,0
7277,train,0
7278,validation,0
7279,train,0
7280,train,0
7281,train,0
7282,validation,0
7283,train,0
7284,validation,0
7285,train,0
7286,test,0
7287,train,0
7288,validation,0
7289,train,0
7290,validation,0
7291,train,0
7292,test,0
7293,test,0
7294,train,0
7295,train,0
7296,test,0
7297,train,0
7298,train,0
7299,train,0
7300,train,0
7301,train,0
7302,test,0
7303,train,0
7304,train,0
7305,train,0
7306,test,0
7307,train,0
7308,train,0
7309,train,0
7310,test,0
7311,test,0
7312,train,0
7313,test,0
7314,train,0
7315,train,0
7316,train,0
7317,train,0
7318,train,0
7319,train,0
7320,validation,0
7321,validation,0
7322,train,0
7323,train,0
7324,train,0
7325,test,0
7326,test,0
7327,train,0
7328,train,0
7329,train,0
7330,train,0
7331,train,0
7332,test,0
7333,validation,0
7334,test,0
7335,train,0
7336,validation,0
7337,test,0
7338,test,0
7339,test,0
7340,train,0
7341,train,0
7342,train,0
7343,test,0
7344,train,0
7345,train,0
7346,test,0
7347,train,0
7348,train,0
7349,train,0
7350,train,0
7351,train,0
7352,train,0
7353,train,0
7354,train,0
7355,train,0
7356,train,0
7357,validation,0
7358,validation,0
7359,train,0
7360,train,0
7361,test,0
7362,train,0
7363,test,0
7364,validation,0
7365,validation,0
7366,train,0
7367,train,0
7368,train,0
7369,train,0
7370,train,0
7371,test,0
7372,train,0
7373,train,0
7374,test,0
7375,train,0
7376,validation,0
7377,train,0
7378,test,0
7379,train,0
7380,train,0
7381,test,0
7382,train,0
7383,validation,0
7384,test,0
7385,test,0
7386,train,0
7387,train,0
7388,train,0
7389,train,0
7390,train,0
7391,train,0
7392,test,0
7393,train,0
7394,train,0
7395,train,0
7396,train,0
7397,train,0
7398,train,0
7399,validation,0
7400,validation,0
7401,validation,0
7402,train,0
7403,train,0
7404,validation,0
7405,train,0
7406,validation,0
7407,test,0
7408,train,0
7409,train,0
7410,train,0
7411,test,0
7412,train,0
7413,train,0
7414,validation,0
7415,train,0
7416,train,0
7417,train,0
7418,train,0
7419,train,0
7420,test,0
7421,train,0
7422,train,0
7423,test,0
7424,validation,0
7425,train,0
7426,validation,0
7427,train,0
7428,train,0
7429,train,0
7430,test,0
7431,train,0
7432,train,0
7433,validation,0
7434,test,0
7435,train,0
7436,validation,0
7437,train,0
7438,train,0
7439,test,0
7440,validation,0
7441,validation,0
7442,test,0
7443,train,0
7444,train,0
7445,train,0
7446,train,0
7447,train,0
7448,train,0
7449,train,0
7450,train,0
7451,train,0
7452,train,0
7453,test,0
7454,test,0
7455,train,0
7456,train,0
7457,train,0
7458,train,0
7459,validation,0
7460,validation,0
7461,train,0
7462,train,0
7463,validation,0
7464,train,0
7465,train,0
7466,validation,0
7467,test,0
7468,train,0
7469,train,0
7470,train,0
7471,validation,0
7472,train,0
7473,test,0
7474,test,0
7475,train,0
7476,train,0
7477,test,0
7478,train,0
7479,train,0
7480,train,0
7481,test,0
7482,train,0
7483,train,0
7484,train,0
7485,validation,0
7486,validation,0
7487,train,0
7488,train,0
7489,test,0
7490,validation,0
7491,train,0
7492,train,0
7493,train,0
7494,train,0
7495,train,0
7496,train,0
7497,train,0
7498,train,0
7499,train,0
7500,test,0
7501,test,0
7502,test,0
7503,test,0
7504,validation,0
7505,test,0
7506,train,0
7507,train,0
7508,train,0
7509,train,0
7510,test,0
7511,validation,0
7512,train,0
7513,train,0
7514,test,0
7515,validation,0
7516,test,0
7517,validation,0
7518,train,0
7519,train,0
7520,train,0
7521,validation,0
7522,train,0
7523,train,0
7524,train,0
7525,test,0
7526,test,0
7527,test,0
7528,train,0
7529,train,0
7530,test,0
7531,validation,0
7532,validation,0
7533,validation,0
7534,test,0
7535,train,0
7536,train,0
7537,test,0
7538,train,0
7539,validation,0
7540,train,0
7541,train,0
7542,train,0
7543,train,0
7544,test,0
7545,train,0
7546,train,0
7547,train,0
7548,validation,0
7549,train,0
7550,train,0
7551,test,0
7552,train,0
7553,train,0
7554,train,0
7555,train,0
7556,test,0
7557,train,0
7558,test,0
7559,train,0
7560,test,0
7561,train,0
7562,validation,0
7563,train,0
7564,train,0
7565,test,0
7566,validation,0
7567,train,0
7568,train,0
7569,validation,0
7570,train,0
7571,train,0
7572,train,0
7573,validation,0
7574,train,0
7575,train,0
7576,test,0
7577,test,0
7578,train,0
7579,test,0
7580,train,0
7581,test,0
7582,test,0
7583,validation,0
7584,train,0
7585,train,0
7586,train,0
7587,test,0
7588,train,0
7589,test,0
7590,train,0
7591,validation,0
7592,train,0
7593,test,0
7594,train,0
7595,validation,0
7596,train,0
7597,train,0
7598,validation,0
7599,train,0
7600,train,0
7601,train,0
7602,validation,0
7603,train,0
7604,train,0
7605,train,0
7606,train,0
7607,train,0
7608,train,0
7609,validation,0
7610,validation,0
7611,train,0
7612,test,0
7613,test,0
7614,train,0
7615,test,0
7616,validation,0
7617,validation,0
7618,train,0
7619,train,0
7620,train,0
7621,train,0
7622,test,0
7623,train,0
7624,train,0
7625,train,0
7626,train,0
7627,test,0
7628,test,0
7629,train,0
7630,train,0
7631,train,0
7632,train,0
7633,train,0
7634,test,0
7635,validation,0
7636,test,0
7637,train,0
7638,test,0
7639,train,0
7640,train,0
7641,train,0
7642,train,0
7643,train,0
7644,train,0
7645,train,0
7646,test,0
7647,test,0
7648,train,0
7649,test,0
7650,test,0
7651,train,0
7652,validation,0
7653,train,0
7654,train,0
7655,train,0
7656,train,0
7657,train,0
7658,train,0
7659,validation,0
7660,train,0
7661,validation,0
7662,validation,0
7663,validation,0
7664,validation,0
7665,train,0
7666,test,0
7667,train,0
7668,test,0
7669,validation,0
7670,train,0
7671,train,0
7672,train,0
7673,train,0
7674,test,0
7675,train,0
7676,validation,0
7677,validation,0
7678,train,0
7679,train,0
7680,train,0
7681,test,0
7682,validation,0
7683,test,0
7684,validation,0
7685,train,0
7686,train,0
7687,train,0
7688,train,0
7689,train,0
7690,validation,0
7691,train,0
7692,test,0
7693,train,0
7694,train,0
7695,validation,0
7696,train,0
7697,train,0
7698,train,0
7699,train,0
7700,train,0
7701,train,0
7702,train,0
7703,train,0
7704,test,0
7705,train,0
7706,train,0
7707,train,0
7708,test,0
7709,train,0
7710,train,0
7711,validation,0
7712,validation,0
7713,test,0
7714,train,0
7715,test,0
7716,validation,0
7717,validation,0
7718,train,0
7719,train,0
7720,train,0
7721,train,0
7722,train,0
7723,validation,0
7724,train,0
7725,validation,0
7726,train,0
7727,train,0
7728,train,0
7729,test,0
7730,train,0
7731,train,0
7732,train,0
7733,test,0
7734,train,0
7735,test,0
7736,validation,0
7737,train,0
7738,train,0
7739,train,0
7740,train,0
7741,test,0
7742,test,0
7743,test,0
7744,train,0
7745,train,0
7746,test,0
7747,train,0
7748,validation,0
7749,train,0
7750,test,0
7751,validation,0
7752,train,0
7753,train,0
7754,train,0
7755,train,0
7756,validation,0
7757,train,0
7758,train,0
7759,train,0
7760,train,0
7761,train,0
7762,test,0
7763,validation,0
7764,test,0
7765,validation,0
7766,train,0
7767,test,0
7768,validation,0
7769,validation,0
7770,validation,0
7771,train,0
7772,train,0
7773,validation,0
7774,test,0
7775,test,0
7776,train,0
7777,train,0
7778,validation,0
7779,validation,0
7780,test,0
7781,train,0
7782,test,0
7783,train,0
7784,test,0
7785,train,0
7786,train,0
7787,test,0
7788,validation,0
7789,train,0
7790,train,0
7791,test,0
7792,validation,0
7793,train,0
7794,train,0
7795,train,0
7796,train,0
7797,test,0
7798,train,0
7799,test,0
7800,train,0
7801,validation,0
7802,validation,0
7803,train,0
7804,train,0
7805,train,0
7806,train,0
7807,train,0
7808,train,0
7809,validation,0
7810,train,0
7811,train,0
7812,train,0
7813,train,0
7814,validation,0
7815,train,0
7816,train,0
7817,train,0
7818,test,0
7819,train,0
7820,train,0
7821,train,0
7822,train,0
7823,test,0
7824,train,0
7825,train,0
7826,validation,0
7827,train,0
7828,train,0
7829,train,0
7830,train,0
7831,train,0
7832,train,0
7833,test,0
7834,train,0
7835,test,0
7836,validation,0
7837,train,0
7838,test,0
7839,train,0
7840,train,0
7841,test,0
7842,train,0
7843,train,0
7844,train,0
7845,test,0
7846,test,0
7847,train,0
7848,train,0
7849,train,0
7850,train,0
7851,train,0
7852,train,0
7853,train,0
7854,train,0
7855,test,0
7856,train,0
7857,train,0
7858,validation,0
7859,train,0
7860,train,0
7861,validation,0
7862,test,0
7863,train,0
7864,train,0
7865,train,0
7866,train,0
7867,train,0
7868,test,0
7869,test,0
7870,validation,0
7871,test,0
7872,validation,0
7873,train,0
7874,validation,0
7875,train,0
7876,train,0
7877,test,0
7878,test,0
7879,validation,0
7880,validation,0
7881,test,0
7882,test,0
7883,test,0
7884,train,0
7885,train,0
7886,validation,0
7887,train,0
7888,validation,0
7889,train,0
7890,train,0
7891,train,0
7892,test,0
7893,train,0
7894,train,0
7895,test,0
7896,train,0
7897,validation,0
7898,validation,0
7899,train,0
7900,train,0
7901,train,0
7902,train,0
7903,train,0
7904,test,0
7905,train,0
7906,test,0
7907,train,0
7908,validation,0
7909,train,0
7910,test,0
7911,train,0
7912,train,0
7913,train,0
7914,test,0
7915,train,0
7916,test,0
7917,validation,0
7918,train,0
7919,train,0
7920,test,0
7921,validation,0
7922,train,0
7923,validation,0
7924,train,0
7925,validation,0
7926,train,0
7927,train,0
7928,train,0
7929,train,0
7930,validation,0
7931,train,0
7932,test,0
7933,train,0
7934,validation,0
7935,train,0
7936,train,0
7937,test,0
7938,test,0
7939,validation,0
7940,validation,0
7941,train,0
7942,validation,0
7943,train,0
7944,train,0
7945,test,0
7946,train,0
7947,train,0
7948,train,0
7949,train,0
7950,test,0
7951,train,0
7952,train,0
7953,validation,0
7954,train,0
7955,train,0
7956,train,0
7957,test,0
7958,train,0
7959,train,0
7960,train,0
7961,train,0
7962,test,0
7963,train,0
7964,test,0
7965,train,0
7966,test,0
7967,test,0
7968,validation,0
7969,validation,0
7970,train,0
7971,train,0
7972,train,0
7973,train,0
7974,train,0
7975,validation,0
7976,validation,0
7977,validation,0
7978,train,0
7979,test,0
7980,validation,0
7981,train,0
7982,train,0
7983,train,0
7984,train,0
7985,train,0
7986,test,0
7987,test,0
7988,test,0
7989,train,0
7990,validation,0
7991,train,0
7992,train,0
7993,validation,0
7994,train,0
7995,train,0
7996,train,0
7997,train,0
7998,validation,0
7999,train,0
8000,validation,0
8001,train,0
8002,validation,0
8003,test,0
8004,train,0
8005,train,0
8006,validation,0
8007,validation,0
8008,train,0
8009,train,0
8010,validation,0
8011,test,0
8012,train,0
8013,train,0
8014,validation,0
8015,test,0
8016,train,0
8017,validation,0
8018,train,0
8019,test,0
8020,train,0
8021,train,0
8022,test,0
8023,train,0
8024,train,0
8025,validation,0
8026,validation,0
8027,test,0
8028,train,0
8029,test,0
8030,train,0
8031,validation,0
8032,train,0
8033,validation,0
8034,train,0
8035,test,0
8036,train,0
8037,test,0
8038,validation,0
8039,validation,0
8040,validation,0
8041,train,0
8042,train,0
8043,test,0
8044,train,0
8045,train,0
8046,train,0
8047,validation,0
8048,train,0
8049,train,0
8050,validation,0
8051,train,0
8052,train,0
8053,train,0
8054,test,0
8055,train,0
8056,train,0
8057,train,0
8058,train,0
8059,validation,0
8060,train,0
8061,train,0
8062,train,0
8063,train,0
8064,train,0
8065,train,0
8066,validation,0
8067,train,0
8068,train,0
8069,test,0
8070,train,0
8071,train,0
8072,train,0
8073,test,0
8074,train,0
8075,train,0
8076,train,0
8077,test,0
8078,train,0
8079,train,0
8080,test,0
8081,validation,0
8082,validation,0
8083,train,0
8084,test,0
8085,train,0
8086,train,0
8087,train,0
8088,test,0
8089,train,0
8090,test,0
8091,train,0
8092,train,0
8093,test,0
8094,train,0
8095,train,0
8096,train,0
8097,validation,0
8098,train,0
8099,train,0
8100,train,0
8101,train,0
8102,train,0
8103,train,0
8104,train,0
8105,train,0
8106,validation,0
8107,test,0
8108,train,0
8109,train,0
8110,train,0
8111,train,0
8112,validation,0
8113,validation,0
8114,train,0
8115,validation,0
8116,train,0
8117,train,0
8118,train,0
8119,train,0
8120,train,0
8121,train,0
8122,train,0
8123,validation,0
8124,test,0
8125,train,0
8126,train,0
8127,validation,0
8128,train,0
8129,train,0
8130,test,0
8131,test,0
8132,train,0
8133,validation,0
8134,train,0
8135,test,0
8136,train,0
8137,test,0
8138,train,0
8139,train,0
8140,train,0
8141,validation,0
8142,train,0
8143,train,0
8144,train,0
8145,validation,0
8146,test,0
8147,train,0
8148,train,0
8149,validation,0
8150,train,0
8151,train,0
8152,train,0
8153,train,0
8154,train,0
8155,test,0
8156,validation,0
8157,test,0
8158,train,0
8159,validation,0
8160,train,0
8161,train,0
8162,validation,0
8163,test,0
8164,train,0
8165,test,0
8166,train,0
8167,train,0
8168,test,0
8169,train,0
8170,train,0
8171,train,0
8172,train,0
8173,train,0
8174,test,0
8175,validation,0
8176,test,0
8177,validation,0
8178,train,0
8179,train,0
8180,train,0
8181,test,0
8182,train,0
8183,train,0
8184,test,0
8185,train,0
8186,train,0
8187,train,0
8188,validation,0
8189,validation,0
8190,train,0
8191,train,0
8192,train,0
8193,train,0
8194,train,0
8195,train,0
8196,train,0
8197,train,0
8198,validation,0
8199,test,0
8200,train,0
8201,train,0
8202,train,0
8203,test,0
8204,train,0
8205,train,0
8206,train,0
8207,train,0
8208,train,0
8209,validation,0
8210,validation,0
8211,train,0
8212,train,0
8213,validation,0
8214,train,0
8215,train,0
8216,train,0
8217,train,0
8218,train,0
8219,test,0
8220,test,0
8221,validation,0
8222,train,0
8223,validation,0
8224,test,0
8225,train,0
8226,validation,0
8227,validation,0
8228,train,0
8229,test,0
8230,test,0
8231,train,0
8232,test,0
8233,train,0
8234,train,0
8235,train,0
8236,train,0
8237,validation,0
8238,train,0
8239,train,0
8240,train,0
8241,train,0
8242,validation,0
8243,train,0
8244,train,0
8245,validation,0
8246,train,0
8247,validation,0
8248,validation,0
8249,train,0
8250,train,0
8251,train,0
8252,train,0
8253,validation,0
8254,train,0
8255,train,0
8256,test,0
8257,train,0
8258,test,0
8259,validation,0
8260,validation,0
8261,train,0
8262,train,0
8263,test,0
8264,train,0
8265,validation,0
8266,train,0
8267,validation,0
8268,train,0
8269,test,0
8270,validation,0
8271,test,0
8272,validation,0
8273,train,0
8274,validation,0
8275,test,0
8276,validation,0
8277,validation,0
8278,test,0
8279,validation,0
8280,train,0
8281,test,0
8282,train,0
8283,train,0
8284,validation,0
8285,test,0
8286,test,0
8287,train,0
8288,train,0
8289,test,0
8290,test,0
8291,train,0
8292,train,0
8293,test,0
8294,validation,0
8295,test,0
8296,test,0
8297,train,0
8298,train,0
8299,train,0
8300,train,0
8301,train,0
8302,train,0
8303,train,0
8304,validation,0
8305,train,0
8306,train,0
8307,validation,0
8308,validation,0
8309,test,0
8310,train,0
8311,test,0
8312,train,0
8313,train,0
8314,train,0
8315,train,0
8316,train,0
8317,validation,0
8318,test,0
8319,train,0
8320,train,0
8321,train,0
8322,test,0
8323,train,0
8324,train,0
8325,train,0
8326,validation,0
8327,train,0
8328,test,0
8329,train,0
8330,test,0
8331,train,0
8332,train,0
8333,test,0
8334,validation,0
8335,validation,0
8336,test,0
8337,validation,0
8338,train,0
8339,train,0
8340,train,0
8341,train,0
8342,train,0
8343,test,0
8344,test,0
8345,test,0
8346,test,0
8347,test,0
8348,test,0
8349,train,0
8350,test,0
8351,test,0
8352,validation,0
8353,test,0
8354,train,0
8355,train,0
8356,train,0
8357,train,0
8358,train,0
8359,validation,0
8360,train,0
8361,validation,0
8362,validation,0
8363,train,0
8364,train,0
8365,test,0
8366,test,0
8367,test,0
8368,train,0
8369,train,0
8370,validation,0
8371,train,0
8372,validation,0
8373,train,0
8374,train,0
8375,train,0
8376,train,0
8377,train,0
8378,train,0
8379,train,0
8380,train,0
8381,train,0
8382,train,0
8383,train,0
8384,train,0
8385,train,0
8386,train,0
8387,test,0
8388,test,0
8389,train,0
8390,train,0
8391,train,0
8392,test,0
8393,test,0
8394,test,0
8395,validation,0
8396,train,0
8397,validation,0
8398,train,0
8399,train,0
8400,train,0
8401,train,0
8402,test,0
8403,train,0
8404,validation,0
8405,train,0
8406,validation,0
8407,test,0
8408,train,0
8409,train,0
8410,train,0
8411,test,0
8412,validation,0
8413,train,0
8414,train,0
8415,train,0
8416,train,0
8417,train,0
8418,train,0
8419,train,0
8420,train,0
8421,test,0
8422,train,0
8423,test,0
8424,train,0
8425,train,0
8426,train,0
8427,train,0
8428,train,0
8429,validation,0
8430,test,0
8431,train,0
8432,validation,0
8433,train,0
8434,train,0
8435,train,0
8436,validation,0
8437,validation,0
8438,train,0
8439,train,0
8440,train,0
8441,validation,0
8442,train,0
8443,train,0
8444,train,0
8445,train,0
8446,train,0
8447,validation,0
8448,validation,0
8449,train,0
8450,train,0
8451,train,0
8452,train,0
8453,train,0
8454,train,0
8455,train,0
8456,test,0
8457,train,0
8458,validation,0
8459,validation,0
8460,validation,0
8461,validation,0
8462,test,0
8463,train,0
8464,train,0
8465,train,0
8466,train,0
8467,validation,0
8468,test,0
8469,train,0
8470,validation,0
8471,train,0
8472,train,0
8473,train,0
8474,train,0
8475,validation,0
8476,train,0
8477,train,0
8478,train,0
8479,test,0
8480,train,0
8481,test,0
8482,test,0
8483,train,0
8484,validation,0
8485,test,0
8486,train,0
8487,train,0
8488,train,0
8489,train,0
8490,train,0
8491,train,0
8492,train,0
8493,train,0
8494,test,0
8495,validation,0
8496,train,0
8497,test,0
8498,train,0
8499,train,0
8500,test,0
8501,train,0
8502,validation,0
8503,train,0
8504,train,0
8505,validation,0
8506,train,0
8507,train,0
8508,train,0
8509,validation,0
8510,test,0
8511,validation,0
8512,train,0
8513,train,0
8514,train,0
8515,validation,0
8516,test,0
8517,validation,0
8518,validation,0
8519,validation,0
8520,validation,0
8521,validation,0
8522,train,0
8523,train,0
8524,train,0
8525,validation,0
8526,train,0
8527,train,0
8528,train,0
8529,validation,0
8530,train,0
8531,validation,0
8532,validation,0
8533,test,0
8534,train,0
8535,validation,0
8536,train,0
8537,test,0
8538,train,0
8539,test,0
8540,validation,0
8541,train,0
8542,train,0
8543,train,0
8544,train,0
8545,train,0
8546,train,0
8547,train,0
8548,train,0
8549,train,0
8550,train,0
8551,test,0
8552,train,0
8553,train,0
8554,test,0
8555,validation,0
8556,validation,0
8557,validation,0
8558,train,0
8559,test,0
8560,train,0
8561,validation,0
8562,train,0
8563,train,0
8564,test,0
8565,test,0
8566,train,0
8567,train,0
8568,train,0
8569,test,0
8570,validation,0
8571,train,0
8572,test,0
8573,train,0
8574,test,0
8575,train,0
8576,test,0
8577,train,0
8578,train,0
8579,test,0
8580,validation,0
8581,train,0
8582,validation,0
8583,validation,0
8584,train,0
8585,train,0
8586,train,0
8587,validation,0
8588,test,0
8589,test,0
8590,train,0
8591,validation,0
8592,train,0
8593,test,0
8594,train,0
8595,train,0
8596,train,0
8597,test,0
8598,train,0
8599,train,0
8600,validation,0
8601,validation,0
8602,train,0
8603,validation,0
8604,train,0
8605,test,0
8606,train,0
8607,validation,0
8608,test,0
8609,train,0
8610,test,0
8611,train,0
8612,train,0
8613,train,0
8614,train,0
8615,train,0
8616,train,0
8617,test,0
8618,train,0
8619,validation,0
8620,test,0
8621,train,0
8622,train,0
8623,train,0
8624,validation,0
8625,train,0
8626,validation,0
8627,test,0
8628,test,0
8629,test,0
8630,train,0
8631,test,0
8632,train,0
8633,train,0
8634,test,0
8635,test,0
8636,validation,0
8637,train,0
8638,train,0
8639,train,0
8640,train,0
8641,train,0
8642,train,0
8643,test,0
8644,train,0
8645,validation,0
8646,test,0
8647,test,0
8648,validation,0
8649,train,0
8650,test,0
8651,validation,0
8652,train,0
8653,validation,0
8654,train,0
8655,validation,0
8656,validation,0
8657,train,0
8658,test,0
8659,validation,0
8660,train,0
8661,train,0
8662,validation,0
8663,train,0
8664,train,0
8665,test,0
8666,validation,0
8667,test,0
8668,validation,0
8669,train,0
8670,test,0
8671,train,0
8672,train,0
8673,train,0
8674,test,0
8675,test,0
8676,train,0
8677,train,0
8678,train,0
8679,train,0
8680,train,0
8681,train,0
8682,validation,0
8683,train,0
8684,train,0
8685,validation,0
8686,train,0
8687,train,0
8688,validation,0
8689,train,0
8690,train,0
8691,train,0
8692,test,0
8693,test,0
8694,validation,0
8695,validation,0
8696,test,0
8697,train,0
8698,test,0
8699,train,0
8700,validation,0
8701,test,0
8702,train,0
8703,train,0
8704,train,0
8705,train,0
8706,train,0
8707,validation,0
8708,train,0
8709,train,0
8710,train,0
8711,validation,0
8712,test,0
8713,validation,0
8714,train,0
8715,test,0
8716,train,0
8717,train,0
8718,train,0
8719,train,0
8720,test,0
8721,train,0
8722,test,0
8723,validation,0
8724,test,0
8725,train,0
8726,train,0
8727,test,0
8728,test,0
8729,test,0
8730,train,0
8731,train,0
8732,test,0
8733,train,0
8734,train,0
8735,validation,0
8736,test,0
8737,train,0
8738,test,0
8739,validation,0
8740,train,0
8741,train,0
8742,train,0
8743,train,0
8744,train,0
8745,train,0
8746,train,0
8747,train,0
8748,validation,0
8749,train,0
8750,train,0
8751,test,0
8752,validation,0
8753,test,0
8754,validation,0
8755,test,0
8756,train,0
8757,test,0
8758,test,0
8759,train,0
8760,test,0
8761,validation,0
8762,train,0
8763,train,0
8764,train,0
8765,train,0
8766,train,0
8767,validation,0
8768,validation,0
8769,train,0
8770,train,0
8771,validation,0
8772,validation,0
8773,validation,0
8774,validation,0
8775,train,0
8776,train,0
8777,train,0
8778,test,0
8779,validation,0
8780,train,0
8781,train,0
8782,train,0
8783,train,0
8784,test,0
8785,train,0
8786,train,0
8787,validation,0
8788,train,0
8789,train,0
8790,validation,0
8791,train,0
8792,validation,0
8793,train,0
8794,train,0
8795,train,0
8796,train,0
8797,validation,0
8798,validation,0
8799,train,0
8800,validation,0
8801,test,0
8802,validation,0
8803,validation,0
8804,validation,0
8805,train,0
8806,train,0
8807,test,0
8808,train,0
8809,train,0
8810,validation,0
8811,validation,0
8812,train,0
8813,validation,0
8814,validation,0
8815,train,0
8816,train,0
8817,train,0
8818,train,0
8819,train,0
8820,train,0
8821,train,0
8822,train,0
8823,train,0
8824,validation,0
8825,train,0
8826,train,0
8827,train,0
8828,train,0
8829,train,0
8830,train,0
8831,train,0
8832,validation,0
8833,train,0
8834,train,0
8835,validation,0
8836,validation,0
8837,train,0
8838,train,0
8839,train,0
8840,train,0
8841,train,0
8842,train,0
8843,test,0
8844,train,0
8845,train,0
8846,train,0
8847,train,0
8848,train,0
8849,test,0
8850,test,0
8851,train,0
8852,train,0
8853,train,0
8854,validation,0
8855,train,0
8856,test,0
8857,train,0
8858,train,0
8859,validation,0
8860,validation,0
8861,train,0
8862,train,0
8863,train,0
8864,validation,0
8865,train,0
8866,train,0
8867,train,0
8868,train,0
8869,train,0
8870,train,0
8871,test,0
8872,test,0
8873,test,0
8874,train,0
8875,train,0
8876,train,0
8877,test,0
8878,train,0
8879,test,0
8880,train,0
8881,validation,0
8882,test,0
8883,test,0
8884,validation,0
8885,validation,0
8886,validation,0
8887,train,0
8888,train,0
8889,test,0
8890,train,0
8891,test,0
8892,train,0
8893,train,0
8894,train,0
8895,test,0
8896,validation,0
8897,train,0
8898,test,0
8899,train,0
8900,validation,0
8901,validation,0
8902,train,0
8903,train,0
8904,train,0
8905,train,0
8906,train,0
8907,train,0
8908,validation,0
8909,train,0
8910,train,0
8911,train,0
8912,validation,0
8913,test,0
8914,train,0
8915,test,0
8916,train,0
8917,train,0
8918,train,0
8919,validation,0
8920,train,0
8921,test,0
8922,validation,0
8923,train,0
8924,train,0
8925,train,0
8926,train,0
8927,validation,0
8928,validation,0
8929,validation,0
8930,train,0
8931,train,0
8932,validation,0
8933,train,0
8934,validation,0
8935,test,0
8936,train,0
8937,train,0
8938,train,0
8939,validation,0
8940,test,0
8941,train,0
8942,train,0
8943,train,0
8944,train,0
8945,train,0
8946,train,0
8947,validation,0
8948,validation,0
8949,test,0
8950,train,0
8951,test,0
8952,train,0
8953,train,0
8954,test,0
8955,train,0
8956,validation,0
8957,test,0
8958,train,0
8959,train,0
8960,train,0
8961,test,0
8962,test,0
8963,train,0
8964,train,0
8965,train,0
8966,train,0
8967,test,0
8968,train,0
8969,train,0
8970,test,0
8971,test,0
8972,validation,0
8973,train,0
8974,test,0
8975,train,0
8976,test,0
8977,test,0
8978,train,0
8979,test,0
8980,train,0
8981,train,0
8982,train,0
8983,train,0
8984,train,0
8985,train,0
8986,train,0
8987,test,0
8988,train,0
8989,train,0
8990,test,0
8991,validation,0
8992,train,0
8993,validation,0
8994,validation,0
8995,test,0
8996,validation,0
8997,train,0
8998,train,0
8999,train,0
9000,validation,0
9001,test,0
9002,train,0
9003,test,0
9004,train,0
9005,test,0
9006,train,0
9007,train,0
9008,train,0
9009,train,0
9010,train,0
9011,train,0
9012,train,0
9013,validation,0
9014,train,0
9015,validation,0
9016,train,0
9017,validation,0
9018,validation,0
9019,train,0
9020,test,0
9021,validation,0
9022,test,0
9023,train,0
9024,validation,0
9025,train,0
9026,validation,0
9027,train,0
9028,train,0
9029,train,0
9030,train,0
9031,train,0
9032,test,0
9033,test,0
9034,test,0
9035,validation,0
9036,test,0
9037,train,0
9038,train,0
9039,train,0
9040,train,0
9041,train,0
9042,train,0
9043,test,0
9044,train,0
9045,train,0
9046,train,0
9047,test,0
9048,validation,0
9049,train,0
9050,test,0
9051,test,0
9052,validation,0
9053,test,0
9054,train,0
9055,validation,0
9056,test,0
9057,train,0
9058,validation,0
9059,train,0
9060,validation,0
9061,train,0
9062,validation,0
9063,train,0
9064,test,0
9065,train,0
9066,train,0
9067,train,0
9068,train,0
9069,train,0
9070,validation,0
9071,validation,0
9072,train,0
9073,train,0
9074,validation,0
9075,train,0
9076,test,0
9077,train,0
9078,train,0
9079,test,0
9080,train,0
9081,test,0
9082,train,0
9083,train,0
9084,train,0
9085,test,0
9086,train,0
9087,validation,0
9088,validation,0
9089,test,0
9090,test,0
9091,train,0
9092,validation,0
9093,test,0
9094,train,0
9095,train,0
9096,validation,0
9097,train,0
9098,train,0
9099,train,0
9100,train,0
9101,train,0
9102,train,0
9103,validation,0
9104,train,0
9105,validation,0
9106,validation,0
9107,train,0
9108,validation,0
9109,train,0
9110,validation,0
9111,train,0
9112,test,0
9113,train,0
9114,validation,0
9115,test,0
9116,test,0
9117,validation,0
9118,test,0
9119,validation,0
9120,validation,0
9121,train,0
9122,train,0
9123,train,0
9124,validation,0
9125,test,0
9126,train,0
9127,validation,0
9128,validation,0
9129,validation,0
9130,test,0
9131,test,0
9132,test,0
9133,train,0
9134,train,0
9135,train,0
9136,test,0
9137,train,0
9138,test,0
9139,train,0
9140,train,0
9141,train,0
9142,test,0
9143,train,0
9144,train,0
9145,test,0
9146,train,0
9147,train,0
9148,train,0
9149,test,0
9150,train,0
9151,validation,0
9152,train,0
9153,train,0
9154,train,0
9155,validation,0
9156,test,0
9157,train,0
9158,test,0
9159,train,0
9160,train,0
9161,validation,0
9162,test,0
9163,train,0
9164,train,0
9165,test,0
9166,test,0
9167,validation,0
9168,test,0
9169,train,0
9170,validation,0
9171,train,0
9172,train,0
9173,train,0
9174,validation,0
9175,validation,0
9176,train,0
9177,test,0
9178,test,0
9179,train,0
9180,validation,0
9181,validation,0
9182,train,0
9183,test,0
9184,test,0
9185,test,0
9186,train,0
9187,test,0
9188,train,0
9189,train,0
9190,train,0
9191,train,0
9192,train,0
9193,train,0
9194,train,0
9195,train,0
9196,train,0
9197,test,0
9198,train,0
9199,validation,0
9200,train,0
9201,train,0
9202,train,0
9203,train,0
9204,train,0
9205,validation,0
9206,test,0
9207,train,0
9208,test,0
9209,validation,0
9210,train,0
9211,train,0
9212,test,0
9213,test,0
9214,train,0
9215,train,0
9216,test,0
9217,train,0
9218,test,0
9219,train,0
9220,train,0
9221,test,0
9222,train,0
9223,test,0
9224,test,0
9225,train,0
9226,train,0
9227,train,0
9228,train,0
9229,train,0
9230,test,0
9231,test,0
9232,test,0
9233,train,0
9234,train,0
9235,train,0
9236,validation,0
9237,validation,0
9238,validation,0
9239,train,0
9240,train,0
9241,test,0
9242,train,0
9243,train,0
9244,test,0
9245,train,0
9246,train,0
9247,train,0
9248,train,0
9249,train,0
9250,train,0
9251,train,0
9252,train,0
9253,train,0
9254,train,0
9255,validation,0
9256,validation,0
9257,test,0
9258,train,0
9259,validation,0
9260,validation,0
9261,validation,0
9262,validation,0
9263,train,0
9264,train,0
9265,test,0
9266,train,0
9267,validation,0
9268,test,0
9269,train,0
9270,validation,0
9271,validation,0
9272,train,0
9273,train,0
9274,test,0
9275,validation,0
9276,validation,0
9277,train,0
9278,validation,0
9279,train,0
9280,train,0
9281,train,0
9282,validation,0
9283,train,0
9284,test,0
9285,test,0
9286,validation,0
9287,train,0
9288,validation,0
9289,validation,0
9290,validation,0
9291,train,0
9292,train,0
9293,train,0
9294,train,0
9295,train,0
9296,train,0
9297,train,0
9298,test,0
9299,train,0
9300,test,0
9301,validation,0
9302,test,0
9303,test,0
9304,train,0
9305,test,0
9306,train,0
9307,test,0
9308,train,0
9309,validation,0
9310,train,0
9311,train,0
9312,validation,0
9313,train,0
9314,train,0
9315,train,0
9316,train,0
9317,test,0
9318,validation,0
9319,train,0
9320,train,0
9321,test,0
9322,train,0
9323,train,0
9324,train,0
9325,train,0
9326,train,0
9327,validation,0
9328,train,0
9329,train,0
9330,validation,0
9331,validation,0
9332,test,0
9333,train,0
9334,validation,0
9335,validation,0
9336,test,0
9337,train,0
9338,train,0
9339,train,0
9340,train,0
9341,test,0
9342,test,0
9343,test,0
9344,validation,0
9345,train,0
9346,train,0
9347,train,0
9348,test,0
9349,test,0
9350,train,0
9351,train,0
9352,train,0
9353,train,0
9354,train,0
9355,train,0
9356,train,0
9357,train,0
9358,train,0
9359,validation,0
9360,train,0
9361,validation,0
9362,train,0
9363,train,0
9364,test,0
9365,train,0
9366,train,0
9367,train,0
9368,train,0
9369,test,0
9370,train,0
9371,test,0
9372,train,0
9373,train,0
9374,train,0
9375,train,0
9376,validation,0
9377,train,0
9378,test,0
9379,train,0
9380,validation,0
9381,test,0
9382,test,0
9383,test,0
9384,train,0
9385,validation,0
9386,test,0
9387,train,0
9388,validation,0
9389,train,0
9390,train,0
9391,validation,0
9392,train,0
9393,train,0
9394,train,0
9395,validation,0
9396,train,0
9397,validation,0
9398,train,0
9399,test,0
9400,validation,0
9401,validation,0
9402,train,0
9403,validation,0
9404,train,0
9405,train,0
9406,train,0
9407,validation,0
9408,train,0
9409,test,0
9410,validation,0
9411,train,0
9412,validation,0
9413,train,0
9414,test,0
9415,test,0
9416,train,0
9417,test,0
9418,validation,0
9419,train,0
9420,train,0
9421,train,0
9422,train,0
9423,test,0
9424,train,0
9425,train,0
9426,train,0
9427,train,0
9428,validation,0
9429,train,0
9430,test,0
9431,train,0
9432,validation,0
9433,train,0
9434,train,0
9435,train,0
9436,train,0
9437,validation,0
9438,train,0
9439,test,0
9440,validation,0
9441,train,0
9442,validation,0
9443,test,0
9444,train,0
9445,train,0
9446,test,0
9447,train,0
9448,train,0
9449,train,0
9450,test,0
9451,train,0
9452,validation,0
9453,test,0
9454,train,0
9455,train,0
9456,train,0
9457,train,0
9458,train,0
9459,validation,0
9460,test,0
9461,train,0
9462,train,0
9463,train,0
9464,validation,0
9465,train,0
9466,train,0
9467,train,0
9468,train,0
9469,train,0
9470,test,0
9471,train,0
9472,train,0
9473,train,0
9474,validation,0
9475,train,0
9476,train,0
9477,validation,0
9478,train,0
9479,train,0
9480,test,0
9481,test,0
9482,validation,0
9483,train,0
9484,train,0
9485,validation,0
9486,train,0
9487,validation,0
9488,train,0
9489,train,0
9490,train,0
9491,train,0
9492,train,0
9493,train,0
9494,train,0
9495,validation,0
9496,train,0
9497,train,0
9498,train,0
9499,train,0
9500,test,0
9501,train,0
9502,test,0
9503,validation,0
9504,test,0
9505,train,0
9506,train,0
9507,train,0
9508,train,0
9509,test,0
9510,test,0
9511,test,0
9512,train,0
9513,train,0
9514,train,0
9515,test,0
9516,train,0
9517,test,0
9518,validation,0
9519,validation,0
9520,train,0
9521,validation,0
9522,validation,0
9523,train,0
9524,train,0
9525,validation,0
9526,train,0
9527,train,0
9528,train,0
9529,validation,0
9530,train,0
9531,test,0
9532,test,0
9533,train,0
9534,validation,0
9535,validation,0
9536,train,0
9537,test,0
9538,train,0
9539,train,0
9540,test,0
9541,train,0
9542,train,0
9543,test,0
9544,test,0
9545,validation,0
9546,test,0
9547,train,0
9548,train,0
9549,train,0
9550,test,0
9551,test,0
9552,validation,0
9553,test,0
9554,validation,0
9555,test,0
9556,train,0
9557,train,0
9558,train,0
9559,train,0
9560,test,0
9561,validation,0
9562,train,0
9563,train,0
9564,train,0
9565,validation,0
9566,validation,0
9567,test,0
9568,test,0
9569,train,0
9570,train,0
9571,test,0
9572,validation,0
9573,test,0
9574,train,0
9575,validation,0
9576,train,0
9577,train,0
9578,validation,0
9579,test,0
9580,train,0
9581,train,0
9582,train,0
9583,train,0
9584,validation,0
9585,train,0
9586,test,0
9587,validation,0
9588,test,0
9589,validation,0
9590,train,0
9591,test,0
9592,train,0
9593,validation,0
9594,test,0
9595,validation,0
9596,train,0
9597,train,0
9598,train,0
9599,train,0
9600,train,0
9601,train,0
9602,train,0
9603,train,0
9604,train,0
9605,train,0
9606,train,0
9607,test,0
9608,test,0
9609,train,0
9610,train,0
9611,train,0
9612,train,0
9613,validation,0
9614,train,0
9615,validation,0
9616,train,0
9617,train,0
9618,train,0
9619,test,0
9620,validation,0
9621,train,0
9622,train,0
9623,train,0
9624,validation,0
9625,validation,0
9626,test,0
9627,train,0
9628,validation,0
9629,validation,0
9630,train,0
9631,train,0
9632,test,0
9633,train,0
9634,validation,0
9635,train,0
9636,test,0
9637,train,0
9638,train,0
9639,test,0
9640,train,0
9641,validation,0
9642,test,0
9643,train,0
9644,train,0
9645,train,0
9646,train,0
9647,train,0
9648,validation,0
9649,train,0
9650,train,0
9651,train,0
9652,train,0
9653,test,0
9654,train,0
9655,test,0
9656,test,0
9657,train,0
9658,test,0
9659,validation,0
9660,train,0
9661,train,0
9662,train,0
9663,train,0
9664,validation,0
9665,test,0
9666,train,0
9667,train,0
9668,train,0
9669,train,0
9670,validation,0
9671,train,0
9672,train,0
9673,train,0
9674,validation,0
9675,train,0
9676,train,0
9677,validation,0
9678,validation,0
9679,train,0
9680,train,0
9681,train,0
9682,train,0
9683,train,0
9684,test,0
9685,validation,0
9686,train,0
9687,test,0
9688,validation,0
9689,train,0
9690,train,0
9691,validation,0
9692,train,0
9693,train,0
9694,validation,0
9695,validation,0
9696,test,0
9697,validation,0
9698,validation,0
9699,train,0
9700,test,0
9701,validation,0
9702,test,0
9703,train,0
9704,train,0
9705,test,0
9706,test,0
9707,train,0
9708,validation,0
9709,train,0
9710,train,0
9711,train,0
9712,validation,0
9713,train,0
9714,test,0
9715,validation,0
9716,test,0
9717,train,0
9718,train,0
9719,train,0
9720,train,0
9721,test,0
9722,train,0
9723,train,0
9724,train,0
9725,validation,0
9726,train,0
9727,train,0
9728,train,0
9729,train,0
9730,train,0
9731,train,0
9732,train,0
9733,train,0
9734,train,0
9735,train,0
9736,validation,0
9737,validation,0
9738,train,0
9739,test,0
9740,train,0
9741,train,0
9742,train,0
9743,train,0
9744,train,0
9745,validation,0
9746,validation,0
9747,test,0
9748,train,0
9749,test,0
9750,train,0
9751,train,0
9752,validation,0
9753,train,0
9754,train,0
9755,validation,0
9756,train,0
9757,test,0
9758,train,0
9759,train,0
9760,train,0
9761,train,0
9762,test,0
9763,train,0
9764,train,0
9765,train,0
9766,train,0
9767,validation,0
9768,validation,0
9769,test,0
9770,train,0
9771,train,0
9772,test,0
9773,test,0
9774,test,0
9775,test,0
9776,train,0
9777,test,0
9778,train,0
9779,validation,0
9780,train,0
9781,validation,0
9782,train,0
9783,train,0
9784,train,0
9785,train,0
9786,validation,0
9787,test,0
9788,validation,0
9789,train,0
9790,train,0
9791,test,0
9792,train,0
9793,test,0
9794,train,0
9795,validation,0
9796,validation,0
9797,test,0
9798,train,0
9799,train,0
9800,validation,0
9801,train,0
9802,train,0
9803,train,0
9804,validation,0
9805,train,0
9806,train,0
9807,train,0
9808,train,0
9809,validation,0
9810,train,0
9811,train,0
9812,train,0
9813,train,0
9814,test,0
9815,train,0
9816,train,0
9817,train,0
9818,validation,0
9819,train,0
9820,train,0
9821,validation,0
9822,validation,0
9823,test,0
9824,validation,0
9825,train,0
9826,train,0
9827,train,0
9828,test,0
9829,train,0
9830,validation,0
9831,train,0
9832,train,0
9833,validation,0
9834,test,0
9835,train,0
9836,test,0
9837,train,0
9838,train,0
9839,validation,0
9840,validation,0
9841,train,0
9842,train,0
9843,train,0
9844,train,0
9845,train,0
9846,train,0
9847,train,0
9848,test,0
9849,test,0
9850,train,0
9851,validation,0
9852,train,0
9853,train,0
9854,test,0
9855,train,0
9856,validation,0
9857,train,0
9858,test,0
9859,train,0
9860,test,0
9861,validation,0
9862,train,0
9863,train,0
9864,train,0
9865,train,0
9866,validation,0
9867,train,0
9868,train,0
9869,validation,0
9870,train,0
9871,train,0
9872,train,0
9873,train,0
9874,test,0
9875,train,0
9876,train,0
9877,train,0
9878,train,0
9879,train,0
9880,train,0
9881,train,0
9882,test,0
9883,test,0
9884,train,0
9885,train,0
9886,train,0
9887,train,0
9888,train,0
9889,test,0
9890,validation,0
9891,validation,0
9892,validation,0
9893,train,0
9894,train,0
9895,test,0
9896,test,0
9897,validation,0
9898,train,0
9899,validation,0
9900,validation,0
9901,train,0
9902,train,0
9903,train,0
9904,train,0
9905,train,0
9906,train,0
9907,test,0
9908,train,0
9909,validation,0
9910,test,0
9911,train,0
9912,train,0
9913,train,0
9914,test,0
9915,train,0
9916,validation,0
9917,validation,0
9918,train,0
9919,train,0
9920,train,0
9921,train,0
9922,train,0
9923,train,0
9924,train,0
9925,train,0
9926,validation,0
9927,train,0
9928,test,0
9929,train,0
9930,test,0
9931,train,0
9932,validation,0
9933,train,0
9934,validation,0
9935,test,0
9936,train,0
9937,test,0
9938,train,0
9939,train,0
9940,train,0
9941,train,0
9942,train,0
9943,train,0
9944,train,0
9945,validation,0
9946,validation,0
9947,test,0
9948,validation,0
9949,train,0
9950,validation,0
9951,train,0
9952,train,0
9953,train,0
9954,train,0
9955,validation,0
9956,validation,0
9957,train,0
9958,test,0
9959,train,0
9960,train,0
9961,test,0
9962,validation,0
9963,train,0
9964,validation,0
9965,test,0
9966,validation,0
9967,train,0
9968,test,0
9969,validation,0
9970,validation,0
9971,test,0
9972,validation,0
9973,test,0
9974,train,0
9975,test,0
9976,test,0
9977,test,0
9978,validation,0
9979,validation,0
9980,test,0
9981,train,0
9982,train,0
9983,validation,0
9984,train,0
9985,test,0
9986,train,0
9987,test,0
9988,train,0
9989,train,0
9990,train,0
9991,train,0
9992,train,0
9993,test,0
9994,test,0
9995,validation,0
9996,validation,0
9997,test,0
9998,test,0
9999,train,0
10000,train,0
10001,test,0
10002,test,0
10003,train,0
10004,train,0
10005,train,0
10006,train,0
10007,test,0
10008,validation,0
10009,test,0
10010,train,0
10011,train,0
10012,train,0
10013,train,0
10014,train,0
10015,train,0
10016,train,0
10017,train,0
10018,test,0
10019,train,0
10020,validation,0
10021,train,0
10022,train,0
10023,test,0
10024,train,0
10025,train,0
10026,validation,0
10027,train,0
10028,train,0
10029,validation,0
10030,test,0
10031,train,0
10032,validation,0
10033,train,0
10034,train,0
10035,validation,0
10036,train,0
10037,train,0
10038,train,0
10039,train,0
10040,train,0
10041,test,0
10042,test,0
10043,validation,0
10044,test,0
10045,train,0
10046,train,0
10047,validation,0
10048,train,0
10049,test,0
10050,train,0
10051,train,0
10052,train,0
10053,train,0
10054,train,0
10055,train,0
10056,test,0
10057,train,0
10058,test,0
10059,train,0
10060,train,0
10061,test,0
10062,test,0
10063,train,0
10064,validation,0
10065,train,0
10066,train,0
10067,train,0
10068,train,0
10069,train,0
10070,train,0
10071,train,0
10072,train,0
10073,test,0
10074,train,0
10075,train,0
10076,train,0
10077,validation,0
10078,validation,0
10079,train,0
10080,train,0
10081,validation,0
10082,train,0
10083,train,0
10084,train,0
10085,train,0
10086,train,0
10087,test,0
10088,train,0
10089,test,0
10090,train,0
10091,train,0
10092,train,0
10093,train,0
10094,train,0
10095,train,0
10096,validation,0
10097,validation,0
10098,train,0
10099,train,0
10100,train,0
10101,validation,0
10102,validation,0
10103,train,0
10104,train,0
10105,train,0
10106,train,0
10107,train,0
10108,train,0
10109,train,0
10110,train,0
10111,test,0
10112,train,0
10113,train,0
10114,validation,0
10115,validation,0
10116,validation,0
10117,train,0
10118,train,0
10119,validation,0
10120,validation,0
10121,validation,0
10122,train,0
10123,train,0
10124,test,0
10125,train,0
10126,validation,0
10127,train,0
10128,train,0
10129,train,0
10130,test,0
10131,train,0
10132,test,0
10133,train,0
10134,train,0
10135,test,0
10136,train,0
10137,train,0
10138,train,0
10139,train,0
10140,train,0
10141,test,0
10142,train,0
10143,test,0
10144,test,0
10145,validation,0
10146,validation,0
10147,train,0
10148,train,0
10149,train,0
10150,train,0
10151,test,0
10152,validation,0
10153,validation,0
10154,train,0
10155,validation,0
10156,train,0
10157,validation,0
10158,train,0
10159,validation,0
10160,train,0
10161,train,0
10162,train,0
10163,validation,0
10164,validation,0
10165,train,0
10166,validation,0
10167,test,0
10168,train,0
10169,train,0
10170,train,0
10171,train,0
10172,train,0
10173,train,0
10174,train,0
10175,validation,0
10176,validation,0
10177,train,0
10178,train,0
10179,test,0
10180,test,0
10181,validation,0
10182,train,0
10183,train,0
10184,validation,0
10185,validation,0
10186,test,0
10187,validation,0
10188,test,0
10189,train,0
10190,train,0
10191,test,0
10192,train,0
10193,test,0
10194,train,0
10195,train,0
10196,train,0
10197,train,0
10198,train,0
10199,validation,0
10200,train,0
10201,train,0
10202,train,0
10203,validation,0
10204,validation,0
10205,train,0
10206,train,0
10207,train,0
10208,test,0
10209,train,0
10210,test,0
10211,test,0
10212,train,0
10213,train,0
10214,validation,0
10215,validation,0
10216,test,0
10217,test,0
10218,test,0
10219,validation,0
10220,train,0
10221,validation,0
10222,validation,0
10223,validation,0
10224,train,0
10225,validation,0
10226,train,0
10227,train,0
10228,train,0
10229,test,0
10230,train,0
10231,test,0
10232,train,0
10233,train,0
10234,train,0
10235,train,0
10236,validation,0
10237,train,0
10238,train,0
10239,validation,0
10240,train,0
10241,train,0
10242,train,0
10243,train,0
10244,test,0
10245,test,0
10246,train,0
10247,validation,0
10248,train,0
10249,validation,0
10250,validation,0
10251,train,0
10252,train,0
10253,train,0
10254,validation,0
10255,train,0
10256,train,0
10257,train,0
10258,train,0
10259,test,0
10260,train,0
10261,validation,0
10262,train,0
10263,validation,0
10264,train,0
10265,validation,0
10266,train,0
10267,train,0
10268,train,0
10269,train,0
10270,train,0
10271,train,0
10272,train,0
10273,train,0
10274,train,0
10275,train,0
10276,train,0
10277,validation,0
10278,train,0
10279,test,0
10280,train,0
10281,test,0
10282,train,0
10283,test,0
10284,train,0
10285,train,0
10286,test,0
10287,train,0
10288,validation,0
10289,test,0
10290,train,0
10291,train,0
10292,train,0
10293,train,0
10294,validation,0
10295,train,0
10296,train,0
10297,test,0
10298,test,0
10299,validation,0
10300,train,0
10301,train,0
10302,validation,0
10303,validation,0
10304,train,0
10305,train,0
10306,train,0
10307,train,0
10308,train,0
10309,train,0
10310,validation,0
10311,validation,0
10312,validation,0
10313,test,0
10314,validation,0
10315,train,0
10316,train,0
10317,train,0
10318,train,0
10319,train,0
10320,train,0
10321,train,0
10322,validation,0
10323,train,0
10324,test,0
10325,train,0
10326,test,0
10327,train,0
10328,validation,0
10329,validation,0
10330,test,0
10331,validation,0
10332,train,0
10333,train,0
10334,train,0
10335,test,0
10336,train,0
10337,validation,0
10338,validation,0
10339,validation,0
10340,test,0
10341,validation,0
10342,train,0
10343,validation,0
10344,train,0
10345,train,0
10346,train,0
10347,validation,0
10348,test,0
10349,train,0
10350,test,0
10351,train,0
10352,train,0
10353,train,0
10354,test,0
10355,train,0
10356,train,0
10357,train,0
10358,test,0
10359,train,0
10360,validation,0
10361,train,0
10362,train,0
10363,train,0
10364,train,0
10365,train,0
10366,train,0
10367,test,0
10368,train,0
10369,validation,0
10370,train,0
10371,train,0
10372,train,0
10373,train,0
10374,train,0
10375,train,0
10376,train,0
10377,test,0
10378,train,0
10379,test,0
10380,test,0
10381,validation,0
10382,test,0
10383,test,0
10384,validation,0
10385,train,0
10386,test,0
10387,test,0
10388,train,0
10389,train,0
10390,validation,0
10391,train,0
10392,train,0
10393,validation,0
10394,train,0
10395,train,0
10396,test,0
10397,train,0
10398,test,0
10399,train,0
10400,train,0
10401,validation,0
10402,train,0
10403,validation,0
10404,train,0
10405,train,0
10406,validation,0
10407,train,0
10408,train,0
10409,validation,0
10410,train,0
10411,validation,0
10412,train,0
10413,validation,0
10414,train,0
10415,test,0
10416,test,0
10417,train,0
10418,test,0
10419,test,0
10420,train,0
10421,test,0
10422,validation,0
10423,train,0
10424,test,0
10425,validation,0
10426,test,0
10427,test,0
10428,train,0
10429,train,0
10430,train,0
10431,train,0
10432,train,0
10433,test,0
10434,validation,0
10435,train,0
10436,test,0
10437,train,0
10438,train,0
10439,train,0
10440,train,0
10441,test,0
10442,train,0
10443,train,0
10444,validation,0
10445,train,0
10446,train,0
10447,test,0
10448,train,0
10449,train,0
10450,validation,0
10451,train,0
10452,train,0
10453,train,0
10454,train,0
10455,test,0
10456,test,0
10457,train,0
10458,train,0
10459,validation,0
10460,train,0
10461,train,0
10462,train,0
10463,validation,0
10464,validation,0
10465,train,0
10466,test,0
10467,validation,0
10468,test,0
10469,train,0
10470,train,0
10471,test,0
10472,train,0
10473,test,0
10474,train,0
10475,test,0
10476,validation,0
10477,train,0
10478,train,0
10479,train,0
10480,train,0
10481,test,0
10482,test,0
10483,train,0
10484,train,0
10485,test,0
10486,train,0
10487,train,0
10488,test,0
10489,train,0
10490,train,0
10491,train,0
10492,train,0
10493,validation,0
10494,train,0
10495,train,0
10496,test,0
10497,train,0
10498,train,0
10499,train,0
10500,train,0
10501,test,0
10502,train,0
10503,validation,0
10504,train,0
10505,train,0
10506,train,0
10507,train,0
10508,train,0
10509,train,0
10510,test,0
10511,train,0
10512,test,0
10513,train,0
10514,train,0
10515,train,0
10516,train,0
10517,train,0
10518,validation,0
10519,train,0
10520,validation,0
10521,test,0
10522,train,0
10523,train,0
10524,validation,0
10525,train,0
10526,train,0
10527,validation,0
10528,train,0
10529,test,0
10530,train,0
10531,train,0
10532,train,0
10533,test,0
10534,train,0
10535,train,0
10536,train,0
10537,train,0
10538,test,0
10539,validation,0
10540,validation,0
10541,validation,0
10542,train,0
10543,validation,0
10544,train,0
10545,validation,0
10546,train,0
10547,train,0
10548,validation,0
10549,train,0
10550,validation,0
10551,train,0
10552,validation,0
10553,train,0
10554,train,0
10555,test,0
10556,train,0
10557,train,0
10558,test,0
10559,train,0
10560,validation,0
10561,train,0
10562,validation,0
10563,train,0
10564,train,0
10565,train,0
10566,train,0
10567,train,0
10568,test,0
10569,train,0
10570,validation,0
10571,validation,0
10572,train,0
10573,train,0
10574,train,0
10575,train,0
10576,train,0
10577,train,0
10578,train,0
10579,train,0
10580,test,0
10581,test,0
10582,train,0
10583,test,0
10584,train,0
10585,train,0
10586,test,0
10587,train,0
10588,train,0
10589,train,0
10590,test,0
10591,validation,0
10592,train,0
10593,validation,0
10594,test,0
10595,train,0
10596,train,0
10597,train,0
10598,train,0
10599,test,0
10600,validation,0
10601,train,0
10602,train,0
10603,train,0
10604,train,0
10605,train,0
10606,train,0
10607,train,0
10608,train,0
10609,train,0
10610,train,0
10611,validation,0
10612,validation,0
10613,train,0
10614,test,0
10615,validation,0
10616,train,0
10617,train,0
10618,test,0
10619,train,0
10620,train,0
10621,train,0
10622,test,0
10623,validation,0
10624,test,0
10625,train,0
10626,validation,0
10627,train,0
10628,test,0
10629,test,0
10630,test,0
10631,train,0
10632,train,0
10633,test,0
10634,train,0
10635,train,0
10636,validation,0
10637,validation,0
10638,validation,0
10639,train,0
10640,train,0
10641,train,0
10642,test,0
10643,train,0
10644,validation,0
10645,validation,0
10646,train,0
10647,train,0
10648,train,0
10649,train,0
10650,test,0
10651,train,0
10652,validation,0
10653,validation,0
10654,train,0
10655,train,0
10656,train,0
10657,test,0
10658,validation,0
10659,train,0
10660,test,0
10661,train,0
10662,train,0
10663,train,0
10664,test,0
10665,train,0
10666,train,0
10667,train,0
10668,train,0
10669,train,0
10670,validation,0
10671,validation,0
10672,train,0
10673,test,0
10674,train,0
10675,validation,0
10676,train,0
10677,test,0
10678,train,0
10679,train,0
10680,train,0
10681,train,0
10682,validation,0
10683,test,0
10684,validation,0
10685,train,0
10686,validation,0
10687,train,0
10688,test,0
10689,train,0
10690,train,0
10691,train,0
10692,train,0
10693,validation,0
10694,train,0
10695,train,0
10696,validation,0
10697,train,0
10698,test,0
10699,train,0
10700,train,0
10701,test,0
10702,test,0
10703,train,0
10704,train,0
10705,train,0
10706,train,0
10707,test,0
10708,validation,0
10709,validation,0
10710,train,0
10711,train,0
10712,test,0
10713,train,0
10714,train,0
10715,train,0
10716,train,0
10717,train,0
10718,validation,0
10719,train,0
10720,train,0
10721,validation,0
10722,train,0
10723,train,0
10724,validation,0
10725,train,0
10726,test,0
10727,train,0
10728,train,0
10729,test,0
10730,validation,0
10731,train,0
10732,train,0
10733,train,0
10734,train,0
10735,train,0
10736,validation,0
10737,train,0
10738,train,0
10739,validation,0
10740,train,0
10741,train,0
10742,train,0
10743,test,0
10744,validation,0
10745,validation,0
10746,validation,0
10747,train,0
10748,train,0
10749,train,0
10750,test,0
10751,train,0
10752,train,0
10753,train,0
10754,test,0
10755,train,0
10756,train,0
10757,test,0
10758,train,0
10759,validation,0
10760,train,0
10761,test,0
10762,train,0
10763,validation,0
10764,train,0
10765,test,0
10766,test,0
10767,train,0
10768,train,0
10769,train,0
10770,train,0
10771,test,0
10772,train,0
10773,train,0
10774,train,0
10775,validation,0
10776,train,0
10777,train,0
10778,test,0
10779,test,0
10780,train,0
10781,validation,0
10782,train,0
10783,test,0
10784,train,0
10785,train,0
10786,test,0
10787,train,0
10788,train,0
10789,validation,0
10790,train,0
10791,test,0
10792,test,0
10793,test,0
10794,train,0
10795,validation,0
10796,train,0
10797,test,0
10798,train,0
10799,test,0
10800,train,0
10801,train,0
10802,validation,0
10803,train,0
10804,train,0
10805,train,0
10806,validation,0
10807,validation,0
10808,validation,0
10809,train,0
10810,train,0
10811,train,0
10812,train,0
10813,train,0
10814,train,0
10815,train,0
10816,train,0
10817,train,0
10818,train,0
10819,validation,0
10820,train,0
10821,test,0
10822,test,0
10823,train,0
10824,test,0
10825,train,0
10826,train,0
10827,train,0
10828,test,0
10829,validation,0
10830,train,0
10831,test,0
10832,train,0
10833,train,0
10834,train,0
10835,validation,0
10836,train,0
10837,train,0
10838,train,0
10839,train,0
10840,train,0
10841,train,0
10842,train,0
10843,test,0
10844,train,0
10845,train,0
10846,train,0
10847,train,0
10848,validation,0
10849,train,0
10850,train,0
10851,train,0
10852,validation,0
10853,validation,0
10854,train,0
10855,train,0
10856,test,0
10857,train,0
10858,validation,0
10859,train,0
10860,validation,0
10861,train,0
10862,test,0
10863,validation,0
10864,train,0
10865,train,0
10866,test,0
10867,train,0
10868,validation,0
10869,train,0
10870,train,0
10871,validation,0
10872,train,0
10873,train,0
10874,test,0
10875,test,0
10876,train,0
10877,train,0
10878,train,0
10879,validation,0
10880,train,0
10881,train,0
10882,validation,0
10883,test,0
10884,validation,0
10885,train,0
10886,train,0
10887,train,0
10888,train,0
10889,train,0
10890,validation,0
10891,validation,0
10892,validation,0
10893,train,0
10894,train,0
10895,test,0
10896,test,0
10897,validation,0
10898,train,0
10899,train,0
10900,train,0
10901,train,0
10902,train,0
10903,train,0
10904,train,0
10905,test,0
10906,validation,0
10907,validation,0
10908,train,0
10909,validation,0
10910,train,0
10911,train,0
10912,train,0
10913,train,0
10914,train,0
10915,validation,0
10916,test,0
10917,validation,0
10918,train,0
10919,train,0
10920,train,0
10921,train,0
10922,test,0
10923,validation,0
10924,train,0
10925,validation,0
10926,train,0
10927,validation,0
10928,test,0
10929,test,0
10930,train,0
10931,train,0
10932,train,0
10933,test,0
10934,train,0
10935,train,0
10936,test,0
10937,train,0
10938,train,0
10939,test,0
10940,test,0
10941,train,0
10942,test,0
10943,train,0
10944,train,0
10945,validation,0
10946,train,0
10947,train,0
10948,train,0
10949,test,0
10950,test,0
10951,test,0
10952,train,0
10953,train,0
10954,validation,0
10955,train,0
10956,train,0
10957,train,0
10958,validation,0
10959,validation,0
10960,train,0
10961,train,0
10962,test,0
10963,train,0
10964,train,0
10965,train,0
10966,train,0
10967,test,0
10968,test,0
10969,test,0
10970,train,0
10971,train,0
10972,test,0
10973,train,0
10974,train,0
10975,validation,0
10976,train,0
10977,train,0
10978,test,0
10979,train,0
10980,test,0
10981,train,0
10982,train,0
10983,train,0
10984,train,0
10985,test,0
10986,train,0
10987,test,0
10988,train,0
10989,validation,0
10990,train,0
10991,train,0
10992,train,0
10993,train,0
10994,train,0
10995,test,0
10996,validation,0
10997,validation,0
10998,test,0
10999,validation,0
11000,validation,0
11001,train,0
11002,train,0
11003,train,0
11004,train,0
11005,validation,0
11006,test,0
11007,train,0
11008,test,0
11009,train,0
11010,train,0
11011,validation,0
11012,test,0
11013,train,0
11014,test,0
11015,train,0
11016,train,0
11017,train,0
11018,train,0
11019,test,0
11020,validation,0
11021,train,0
11022,train,0
11023,test,0
11024,validation,0
11025,test,0
11026,train,0
11027,train,0
11028,train,0
11029,train,0
11030,train,0
11031,train,0
11032,train,0
11033,train,0
11034,train,0
11035,train,0
11036,test,0
11037,test,0
11038,train,0
11039,test,0
11040,train,0
11041,train,0
11042,train,0
11043,validation,0
11044,train,0
11045,train,0
11046,train,0
11047,train,0
11048,validation,0
11049,test,0
11050,validation,0
11051,train,0
11052,train,0
11053,validation,0
11054,train,0
11055,validation,0
11056,train,0
11057,train,0
11058,validation,0
11059,train,0
11060,train,0
11061,validation,0
11062,test,0
11063,test,0
11064,test,0
11065,test,0
11066,train,0
11067,validation,0
11068,validation,0
11069,validation,0
11070,test,0
11071,train,0
11072,test,0
11073,train,0
11074,train,0
11075,train,0
11076,train,0
11077,validation,0
11078,validation,0
11079,train,0
11080,test,0
11081,test,0
11082,validation,0
11083,train,0
11084,test,0
11085,test,0
11086,train,0
11087,train,0
11088,train,0
11089,test,0
11090,train,0
11091,train,0
11092,train,0
11093,train,0
11094,train,0
11095,train,0
11096,train,0
11097,train,0
11098,validation,0
11099,test,0
11100,train,0
11101,train,0
11102,test,0
11103,train,0
11104,train,0
11105,train,0
11106,train,0
11107,validation,0
11108,validation,0
11109,validation,0
11110,test,0
11111,train,0
11112,validation,0
11113,train,0
11114,train,0
11115,validation,0
11116,train,0
11117,validation,0
11118,validation,0
11119,train,0
11120,train,0
11121,train,0
11122,train,0
11123,train,0
11124,validation,0
11125,train,0
11126,train,0
11127,train,0
11128,train,0
11129,validation,0
11130,train,0
11131,train,0
11132,train,0
11133,train,0
11134,train,0
11135,train,0
11136,test,0
11137,test,0
11138,test,0
11139,train,0
11140,train,0
11141,train,0
11142,test,0
11143,validation,0
11144,train,0
11145,train,0
11146,train,0
11147,test,0
11148,train,0
11149,train,0
11150,train,0
11151,train,0
11152,train,0
11153,train,0
11154,test,0
11155,validation,0
11156,train,0
11157,train,0
11158,validation,0
11159,train,0
11160,train,0
11161,train,0
11162,train,0
11163,test,0
11164,train,0
11165,train,0
11166,train,0
11167,train,0
11168,train,0
11169,test,0
11170,train,0
11171,train,0
11172,train,0
11173,train,0
11174,validation,0
11175,test,0
11176,test,0
11177,train,0
11178,train,0
11179,train,0
11180,train,0
11181,train,0
11182,test,0
11183,train,0
11184,train,0
11185,train,0
11186,train,0
11187,test,0
11188,test,0
11189,test,0
11190,test,0
11191,train,0
11192,test,0
11193,train,0
11194,train,0
11195,validation,0
11196,test,0
11197,validation,0
11198,validation,0
11199,test,0
11200,train,0
11201,train,0
11202,train,0
11203,train,0
11204,train,0
11205,train,0
11206,train,0
11207,train,0
11208,train,0
11209,train,0
11210,validation,0
11211,validation,0
11212,train,0
11213,test,0
11214,train,0
11215,train,0
11216,validation,0
11217,train,0
11218,test,0
11219,validation,0
11220,test,0
11221,test,0
11222,validation,0
11223,train,0
11224,train,0
11225,train,0
11226,train,0
11227,validation,0
11228,train,0
11229,train,0
11230,train,0
11231,validation,0
11232,train,0
11233,train,0
11234,test,0
11235,train,0
11236,train,0
11237,validation,0
11238,train,0
11239,validation,0
11240,train,0
11241,train,0
11242,validation,0
11243,test,0
11244,train,0
11245,train,0
11246,train,0
11247,test,0
11248,train,0
11249,train,0
11250,train,0
11251,train,0
11252,validation,0
11253,train,0
11254,test,0
11255,train,0
11256,test,0
11257,validation,0
11258,train,0
11259,test,0
11260,validation,0
11261,validation,0
11262,train,0
11263,train,0
11264,validation,0
11265,validation,0
11266,train,0
11267,validation,0
11268,train,0
11269,train,0
11270,train,0
11271,validation,0
11272,test,0
11273,train,0
11274,validation,0
11275,train,0
11276,test,0
11277,train,0
11278,train,0
11279,validation,0
11280,test,0
11281,train,0
11282,train,0
11283,train,0
11284,test,0
11285,validation,0
11286,test,0
11287,validation,0
11288,train,0
11289,train,0
11290,train,0
11291,train,0
11292,validation,0
11293,test,0
11294,train,0
11295,train,0
11296,validation,0
11297,validation,0
11298,test,0
11299,train,0
11300,train,0
11301,test,0
11302,validation,0
11303,train,0
11304,test,0
11305,train,0
11306,train,0
11307,validation,0
11308,train,0
11309,train,0
11310,train,0
11311,validation,0
11312,validation,0
11313,train,0
11314,train,0
11315,test,0
11316,train,0
11317,test,0
11318,train,0
11319,test,0
11320,train,0
11321,train,0
11322,test,0
11323,test,0
11324,test,0
11325,train,0
11326,train,0
11327,test,0
11328,test,0
11329,train,0
11330,validation,0
11331,train,0
11332,validation,0
11333,train,0
11334,train,0
11335,test,0
11336,train,0
11337,train,0
11338,test,0
11339,validation,0
11340,validation,0
11341,validation,0
11342,train,0
11343,train,0
11344,train,0
11345,train,0
11346,train,0
11347,train,0
11348,test,0
11349,test,0
11350,train,0
11351,test,0
11352,train,0
11353,train,0
11354,validation,0
11355,validation,0
11356,test,0
11357,train,0
11358,validation,0
11359,train,0
11360,train,0
11361,train,0
11362,train,0
11363,train,0
11364,train,0
11365,train,0
11366,train,0
11367,validation,0
11368,validation,0
11369,train,0
11370,test,0
11371,validation,0
11372,test,0
11373,train,0
11374,test,0
11375,train,0
11376,test,0
11377,validation,0
11378,validation,0
11379,test,0
11380,test,0
11381,train,0
11382,train,0
11383,test,0
11384,train,0
11385,train,0
11386,validation,0
11387,train,0
11388,validation,0
11389,train,0
11390,validation,0
11391,train,0
11392,train,0
11393,validation,0
11394,train,0
11395,train,0
11396,train,0
11397,train,0
11398,validation,0
11399,validation,0
11400,validation,0
11401,train,0
11402,train,0
11403,train,0
11404,validation,0
11405,train,0
11406,validation,0
11407,validation,0
11408,train,0
11409,validation,0
11410,train,0
11411,train,0
11412,validation,0
11413,train,0
11414,train,0
11415,validation,0
11416,validation,0
11417,train,0
11418,train,0
11419,validation,0
11420,validation,0
11421,test,0
11422,train,0
11423,train,0
11424,validation,0
11425,train,0
11426,validation,0
11427,train,0
11428,validation,0
11429,train,0
11430,test,0
11431,train,0
11432,validation,0
11433,validation,0
11434,test,0
11435,train,0
11436,train,0
11437,validation,0
11438,train,0
11439,validation,0
11440,train,0
11441,test,0
11442,train,0
11443,validation,0
11444,test,0
11445,train,0
11446,validation,0
11447,test,0
11448,validation,0
11449,train,0
11450,train,0
11451,train,0
11452,train,0
11453,test,0
11454,train,0
11455,validation,0
11456,validation,0
11457,train,0
11458,test,0
11459,validation,0
11460,test,0
11461,train,0
11462,train,0
11463,train,0
11464,validation,0
11465,validation,0
11466,train,0
11467,train,0
11468,train,0
11469,validation,0
11470,validation,0
11471,validation,0
11472,train,0
11473,test,0
11474,validation,0
11475,validation,0
11476,train,0
11477,validation,0
11478,test,0
11479,train,0
11480,test,0
11481,train,0
11482,train,0
11483,validation,0
11484,train,0
11485,train,0
11486,train,0
11487,train,0
11488,train,0
11489,train,0
11490,train,0
11491,test,0
11492,train,0
11493,validation,0
11494,validation,0
11495,train,0
11496,test,0
11497,train,0
11498,test,0
11499,train,0
11500,train,0
11501,train,0
11502,train,0
11503,train,0
11504,train,0
11505,test,0
11506,train,0
11507,train,0
11508,train,0
11509,validation,0
11510,train,0
11511,train,0
11512,train,0
11513,test,0
11514,train,0
11515,validation,0
11516,train,0
11517,test,0
11518,validation,0
11519,train,0
11520,train,0
11521,validation,0
11522,train,0
11523,train,0
11524,test,0
11525,train,0
11526,train,0
11527,train,0
11528,train,0
11529,test,0
11530,validation,0
11531,test,0
11532,train,0
11533,test,0
11534,train,0
11535,validation,0
11536,validation,0
11537,train,0
11538,train,0
11539,train,0
11540,test,0
11541,validation,0
11542,test,0
11543,test,0
11544,train,0
11545,train,0
11546,test,0
11547,train,0
11548,train,0
11549,validation,0
11550,train,0
11551,test,0
11552,validation,0
11553,train,0
11554,train,0
11555,test,0
11556,train,0
11557,train,0
11558,validation,0
11559,validation,0
11560,train,0
11561,train,0
11562,validation,0
11563,train,0
11564,train,0
11565,train,0
11566,validation,0
11567,train,0
11568,validation,0
11569,train,0
11570,train,0
11571,train,0
11572,test,0
11573,train,0
11574,test,0
11575,validation,0
11576,validation,0
11577,validation,0
11578,train,0
11579,train,0
11580,train,0
11581,train,0
11582,train,0
11583,train,0
11584,train,0
11585,train,0
11586,train,0
11587,test,0
11588,train,0
11589,train,0
11590,train,0
11591,train,0
11592,test,0
11593,validation,0
11594,train,0
11595,test,0
11596,test,0
11597,train,0
11598,validation,0
11599,train,0
11600,train,0
11601,train,0
11602,validation,0
11603,train,0
11604,test,0
11605,test,0
11606,train,0
11607,train,0
11608,train,0
11609,train,0
11610,validation,0
11611,train,0
11612,train,0
11613,validation,0
11614,test,0
11615,test,0
11616,test,0
11617,train,0
11618,train,0
11619,train,0
11620,train,0
11621,train,0
11622,validation,0
11623,train,0
11624,train,0
11625,validation,0
11626,test,0
11627,train,0
11628,validation,0
11629,train,0
11630,validation,0
11631,train,0
11632,test,0
11633,train,0
11634,train,0
11635,train,0
11636,train,0
11637,train,0
11638,validation,0
11639,train,0
11640,test,0
11641,train,0
11642,validation,0
11643,test,0
11644,test,0
11645,train,0
11646,train,0
11647,test,0
11648,train,0
11649,test,0
11650,test,0
11651,train,0
11652,train,0
11653,test,0
11654,train,0
11655,validation,0
11656,train,0
11657,test,0
11658,validation,0
11659,train,0
11660,validation,0
11661,test,0
11662,train,0
11663,test,0
11664,train,0
11665,train,0
11666,validation,0
11667,train,0
11668,train,0
11669,test,0
11670,validation,0
11671,train,0
11672,train,0
11673,validation,0
11674,train,0
11675,test,0
11676,train,0
11677,train,0
11678,test,0
11679,validation,0
11680,train,0
11681,validation,0
11682,train,0
11683,test,0
11684,train,0
11685,validation,0
11686,test,0
11687,train,0
11688,validation,0
11689,validation,0
11690,train,0
11691,train,0
11692,train,0
11693,train,0
11694,train,0
11695,validation,0
11696,train,0
11697,train,0
11698,validation,0
11699,test,0
11700,train,0
11701,test,0
11702,validation,0
11703,train,0
11704,train,0
11705,train,0
11706,train,0
11707,train,0
11708,validation,0
11709,test,0
11710,test,0
11711,train,0
11712,test,0
11713,test,0
11714,train,0
11715,train,0
11716,train,0
11717,train,0
11718,test,0
11719,train,0
11720,train,0
11721,validation,0
11722,train,0
11723,validation,0
11724,train,0
11725,train,0
11726,train,0
11727,validation,0
11728,train,0
11729,test,0
11730,train,0
11731,test,0
11732,train,0
11733,test,0
11734,train,0
11735,train,0
11736,train,0
11737,train,0
11738,test,0
11739,validation,0
11740,train,0
11741,train,0
11742,train,0
11743,test,0
11744,train,0
11745,train,0
11746,test,0
11747,test,0
11748,test,0
11749,validation,0
11750,validation,0
11751,test,0
11752,train,0
11753,validation,0
11754,train,0
11755,validation,0
11756,train,0
11757,train,0
11758,train,0
11759,train,0
11760,train,0
11761,train,0
11762,train,0
11763,train,0
11764,validation,0
11765,validation,0
11766,train,0
11767,test,0
11768,validation,0
11769,train,0
11770,train,0
11771,train,0
11772,validation,0
11773,test,0
11774,train,0
11775,train,0
11776,train,0
11777,train,0
11778,validation,0
11779,validation,0
11780,test,0
11781,train,0
11782,train,0
11783,validation,0
11784,train,0
11785,test,0
11786,train,0
11787,test,0
11788,validation,0
11789,train,0
11790,validation,0
11791,test,0
11792,test,0
11793,train,0
11794,validation,0
11795,test,0
11796,train,0
11797,train,0
11798,train,0
11799,train,0
11800,train,0
11801,validation,0
11802,validation,0
11803,test,0
11804,train,0
11805,validation,0
11806,validation,0
11807,train,0
11808,train,0
11809,test,0
11810,test,0
11811,test,0
11812,test,0
11813,test,0
11814,validation,0
11815,test,0
11816,train,0
11817,validation,0
11818,train,0
11819,train,0
11820,train,0
11821,train,0
11822,validation,0
11823,train,0
11824,train,0
11825,train,0
11826,train,0
11827,test,0
11828,test,0
11829,validation,0
11830,validation,0
11831,train,0
11832,test,0
11833,train,0
11834,train,0
11835,train,0
11836,test,0
11837,train,0
11838,train,0
11839,validation,0
11840,validation,0
11841,validation,0
11842,train,0
11843,test,0
11844,test,0
11845,validation,0
11846,train,0
11847,train,0
11848,train,0
11849,test,0
11850,test,0
11851,train,0
11852,test,0
11853,train,0
11854,train,0
11855,test,0
11856,test,0
11857,validation,0
11858,validation,0
11859,validation,0
11860,train,0
11861,train,0
11862,train,0
11863,train,0
11864,train,0
11865,train,0
11866,train,0
11867,validation,0
11868,train,0
11869,test,0
11870,train,0
11871,train,0
11872,train,0
11873,validation,0
11874,validation,0
11875,validation,0
11876,train,0
11877,train,0
11878,train,0
11879,train,0
11880,train,0
11881,train,0
11882,train,0
11883,train,0
11884,train,0
11885,train,0
11886,test,0
11887,train,0
11888,train,0
11889,train,0
11890,train,0
11891,train,0
11892,test,0
11893,test,0
11894,train,0
11895,train,0
11896,train,0
11897,test,0
11898,validation,0
11899,train,0
11900,train,0
11901,train,0
11902,validation,0
11903,train,0
11904,train,0
11905,train,0
11906,train,0
11907,test,0
11908,train,0
11909,test,0
11910,train,0
11911,train,0
11912,train,0
11913,train,0
11914,train,0
11915,train,0
11916,train,0
11917,train,0
11918,train,0
11919,train,0
11920,validation,0
11921,train,0
11922,train,0
11923,train,0
11924,test,0
11925,train,0
11926,train,0
11927,test,0
11928,test,0
11929,train,0
11930,test,0
11931,validation,0
11932,train,0
11933,train,0
11934,train,0
11935,validation,0
11936,validation,0
11937,validation,0
11938,train,0
11939,test,0
11940,test,0
11941,train,0
11942,test,0
11943,validation,0
11944,train,0
11945,validation,0
11946,validation,0
11947,train,0
11948,test,0
11949,train,0
11950,train,0
11951,train,0
11952,validation,0
11953,train,0
11954,train,0
11955,train,0
11956,train,0
11957,train,0
11958,test,0
11959,validation,0
11960,train,0
11961,validation,0
11962,test,0
11963,train,0
11964,train,0
11965,train,0
11966,train,0
11967,test,0
11968,train,0
11969,test,0
11970,validation,0
11971,train,0
11972,test,0
11973,validation,0
11974,validation,0
11975,validation,0
11976,train,0
11977,test,0
11978,test,0
11979,test,0
11980,train,0
11981,validation,0
11982,test,0
11983,validation,0
11984,train,0
11985,validation,0
11986,train,0
11987,train,0
11988,validation,0
11989,train,0
11990,test,0
